record_type,defect_class,combo_index,seed_index,canonical_hash,poscar_file,extxyz_file,distance_filter_passed,distance_filter_reason,removed_indices,canonical_removed_indices,removed_species,removed_frac_coords,vacancy_topology,n_removed_total,supercell_scaling,perturb_radius_A,max_random_displacement_A,perturbed_atom_indices,migration_target_family,migration_target_points_A,path_index,path_fraction,image_index,migration_source_indices,migration_vacancy_indices,saddle_sign
base,Mg1,1,,af202117df2c3a60,POSCAR_Mg1_base0001.vasp,,True,,[0],[0],['Mg'],"[[0.25, 0.25, 0.25]]",single,1,"[1, 1, 1]",,,[],,,,,,,,
path_start,Mg1,1,,af202117df2c3a60,POSCAR_Mg1_base0001_direct_path0001_pimg000.vasp,,True,,[0],[0],['Mg'],"[[0.25, 0.25, 0.25]]",single,1,"[1, 1, 1]",,,[],direct,[],1,0.0,,[1],[0],1
path_start_seed,Mg1,1,1,af202117df2c3a60,POSCAR_Mg1_base0001_direct_path0001_pimg000_seed001.vasp,,True,,[0],[0],['Mg'],"[[0.25, 0.25, 0.25]]",single,1,"[1, 1, 1]",4.0,0.05,"[0, 1, 2, 3, 4, 5, 6, 7, 8, 9, 10, 11, 12, 13, 14, 15, 16, 17, 18, 19, 20, 21, 22, 23, 24, 25, 26, 27, 28, 29, 30, 31, 32, 33, 34, 35, 36, 37, 38, 39, 40, 41, 42, 43, 44, 45, 46, 47, 48, 49, 50, 51, 52, 53, 54]",direct,[],1,0.0,0,[1],[0],1
path_start_seed,Mg1,1,2,af202117df2c3a60,POSCAR_Mg1_base0001_direct_path0001_pimg000_seed002.vasp,,True,,[0],[0],['Mg'],"[[0.25, 0.25, 0.25]]",single,1,"[1, 1, 1]",4.0,0.08571428571428572,"[0, 1, 2, 3, 4, 5, 6, 7, 8, 9, 10, 11, 12, 13, 14, 15, 16, 17, 18, 19, 20, 21, 22, 23, 24, 25, 26, 27, 28, 29, 30, 31, 32, 33, 34, 35, 36, 37, 38, 39, 40, 41, 42, 43, 44, 45, 46, 47, 48, 49, 50, 51, 52, 53, 54]",direct,[],1,0.0,0,[1],[0],1
path_start_seed,Mg1,1,3,af202117df2c3a60,POSCAR_Mg1_base0001_direct_path0001_pimg000_seed003.vasp,,True,,[0],[0],['Mg'],"[[0.25, 0.25, 0.25]]",single,1,"[1, 1, 1]",4.0,0.12142857142857143,"[0, 1, 2, 3, 4, 5, 6, 7, 8, 9, 10, 11, 12, 13, 14, 15, 16, 17, 18, 19, 20, 21, 22, 23, 24, 25, 26, 27, 28, 29, 30, 31, 32, 33, 34, 35, 36, 37, 38, 39, 40, 41, 42, 43, 44, 45, 46, 47, 48, 49, 50, 51, 52, 53, 54]",direct,[],1,0.0,0,[1],[0],1
path_start_seed,Mg1,1,4,af202117df2c3a60,POSCAR_Mg1_base0001_direct_path0001_pimg000_seed004.vasp,,True,,[0],[0],['Mg'],"[[0.25, 0.25, 0.25]]",single,1,"[1, 1, 1]",4.0,0.15714285714285714,"[0, 1, 2, 3, 4, 5, 6, 7, 8, 9, 10, 11, 12, 13, 14, 15, 16, 17, 18, 19, 20, 21, 22, 23, 24, 25, 26, 27, 28, 29, 30, 31, 32, 33, 34, 35, 36, 37, 38, 39, 40, 41, 42, 43, 44, 45, 46, 47, 48, 49, 50, 51, 52, 53, 54]",direct,[],1,0.0,0,[1],[0],1
path_start_seed,Mg1,1,5,af202117df2c3a60,POSCAR_Mg1_base0001_direct_path0001_pimg000_seed005.vasp,,True,,[0],[0],['Mg'],"[[0.25, 0.25, 0.25]]",single,1,"[1, 1, 1]",4.0,0.19285714285714284,"[0, 1, 2, 3, 4, 5, 6, 7, 8, 9, 10, 11, 12, 13, 14, 15, 16, 17, 18, 19, 20, 21, 22, 23, 24, 25, 26, 27, 28, 29, 30, 31, 32, 33, 34, 35, 36, 37, 38, 39, 40, 41, 42, 43, 44, 45, 46, 47, 48, 49, 50, 51, 52, 53, 54]",direct,[],1,0.0,0,[1],[0],1
path_start_seed,Mg1,1,6,af202117df2c3a60,POSCAR_Mg1_base0001_direct_path0001_pimg000_seed006.vasp,,True,,[0],[0],['Mg'],"[[0.25, 0.25, 0.25]]",single,1,"[1, 1, 1]",4.0,0.22857142857142854,"[0, 1, 2, 3, 4, 5, 6, 7, 8, 9, 10, 11, 12, 13, 14, 15, 16, 17, 18, 19, 20, 21, 22, 23, 24, 25, 26, 27, 28, 29, 30, 31, 32, 33, 34, 35, 36, 37, 38, 39, 40, 41, 42, 43, 44, 45, 46, 47, 48, 49, 50, 51, 52, 53, 54]",direct,[],1,0.0,0,[1],[0],1
path_start_seed,Mg1,1,7,af202117df2c3a60,POSCAR_Mg1_base0001_direct_path0001_pimg000_seed007.vasp,,True,,[0],[0],['Mg'],"[[0.25, 0.25, 0.25]]",single,1,"[1, 1, 1]",4.0,0.2642857142857143,"[0, 1, 2, 3, 4, 5, 6, 7, 8, 9, 10, 11, 12, 13, 14, 15, 16, 17, 18, 19, 20, 21, 22, 23, 24, 25, 26, 27, 28, 29, 30, 31, 32, 33, 34, 35, 36, 37, 38, 39, 40, 41, 42, 43, 44, 45, 46, 47, 48, 49, 50, 51, 52, 53, 54]",direct,[],1,0.0,0,[1],[0],1
path_start_seed,Mg1,1,8,af202117df2c3a60,POSCAR_Mg1_base0001_direct_path0001_pimg000_seed008.vasp,,True,,[0],[0],['Mg'],"[[0.25, 0.25, 0.25]]",single,1,"[1, 1, 1]",4.0,0.3,"[0, 1, 2, 3, 4, 5, 6, 7, 8, 9, 10, 11, 12, 13, 14, 15, 16, 17, 18, 19, 20, 21, 22, 23, 24, 25, 26, 27, 28, 29, 30, 31, 32, 33, 34, 35, 36, 37, 38, 39, 40, 41, 42, 43, 44, 45, 46, 47, 48, 49, 50, 51, 52, 53, 54]",direct,[],1,0.0,0,[1],[0],1
path_image,Mg1,1,,af202117df2c3a60,POSCAR_Mg1_base0001_direct_path0001_pimg001.vasp,,True,,[0],[0],['Mg'],"[[0.25, 0.25, 0.25]]",single,1,"[1, 1, 1]",,,[],direct,[],1,0.14285714285714285,,[1],[0],1
path_image_seed,Mg1,1,1,af202117df2c3a60,POSCAR_Mg1_base0001_direct_path0001_pimg001_seed001.vasp,,True,,[0],[0],['Mg'],"[[0.25, 0.25, 0.25]]",single,1,"[1, 1, 1]",4.0,0.05,"[0, 1, 2, 3, 4, 5, 6, 7, 8, 9, 10, 11, 12, 13, 14, 15, 16, 17, 18, 19, 20, 21, 22, 23, 24, 25, 26, 27, 28, 29, 30, 31, 32, 33, 34, 35, 36, 37, 38, 39, 40, 41, 42, 43, 44, 45, 46, 47, 48, 49, 50, 51, 52, 53, 54]",direct,[],1,0.14285714285714285,1,[1],[0],1
path_image_seed,Mg1,1,2,af202117df2c3a60,POSCAR_Mg1_base0001_direct_path0001_pimg001_seed002.vasp,,True,,[0],[0],['Mg'],"[[0.25, 0.25, 0.25]]",single,1,"[1, 1, 1]",4.0,0.08571428571428572,"[0, 1, 2, 3, 4, 5, 6, 7, 8, 9, 10, 11, 12, 13, 14, 15, 16, 17, 18, 19, 20, 21, 22, 23, 24, 25, 26, 27, 28, 29, 30, 31, 32, 33, 34, 35, 36, 37, 38, 39, 40, 41, 42, 43, 44, 45, 46, 47, 48, 49, 50, 51, 52, 53, 54]",direct,[],1,0.14285714285714285,1,[1],[0],1
path_image_seed,Mg1,1,3,af202117df2c3a60,POSCAR_Mg1_base0001_direct_path0001_pimg001_seed003.vasp,,True,,[0],[0],['Mg'],"[[0.25, 0.25, 0.25]]",single,1,"[1, 1, 1]",4.0,0.12142857142857143,"[0, 1, 2, 3, 4, 5, 6, 7, 8, 9, 10, 11, 12, 13, 14, 15, 16, 17, 18, 19, 20, 21, 22, 23, 24, 25, 26, 27, 28, 29, 30, 31, 32, 33, 34, 35, 36, 37, 38, 39, 40, 41, 42, 43, 44, 45, 46, 47, 48, 49, 50, 51, 52, 53, 54]",direct,[],1,0.14285714285714285,1,[1],[0],1
path_image_seed,Mg1,1,4,af202117df2c3a60,POSCAR_Mg1_base0001_direct_path0001_pimg001_seed004.vasp,,True,,[0],[0],['Mg'],"[[0.25, 0.25, 0.25]]",single,1,"[1, 1, 1]",4.0,0.15714285714285714,"[0, 1, 2, 3, 4, 5, 6, 7, 8, 9, 10, 11, 12, 13, 14, 15, 16, 17, 18, 19, 20, 21, 22, 23, 24, 25, 26, 27, 28, 29, 30, 31, 32, 33, 34, 35, 36, 37, 38, 39, 40, 41, 42, 43, 44, 45, 46, 47, 48, 49, 50, 51, 52, 53, 54]",direct,[],1,0.14285714285714285,1,[1],[0],1
path_image_seed,Mg1,1,5,af202117df2c3a60,POSCAR_Mg1_base0001_direct_path0001_pimg001_seed005.vasp,,True,,[0],[0],['Mg'],"[[0.25, 0.25, 0.25]]",single,1,"[1, 1, 1]",4.0,0.19285714285714284,"[0, 1, 2, 3, 4, 5, 6, 7, 8, 9, 10, 11, 12, 13, 14, 15, 16, 17, 18, 19, 20, 21, 22, 23, 24, 25, 26, 27, 28, 29, 30, 31, 32, 33, 34, 35, 36, 37, 38, 39, 40, 41, 42, 43, 44, 45, 46, 47, 48, 49, 50, 51, 52, 53, 54]",direct,[],1,0.14285714285714285,1,[1],[0],1
path_image_seed,Mg1,1,6,af202117df2c3a60,POSCAR_Mg1_base0001_direct_path0001_pimg001_seed006.vasp,,True,,[0],[0],['Mg'],"[[0.25, 0.25, 0.25]]",single,1,"[1, 1, 1]",4.0,0.22857142857142854,"[0, 1, 2, 3, 4, 5, 6, 7, 8, 9, 10, 11, 12, 13, 14, 15, 16, 17, 18, 19, 20, 21, 22, 23, 24, 25, 26, 27, 28, 29, 30, 31, 32, 33, 34, 35, 36, 37, 38, 39, 40, 41, 42, 43, 44, 45, 46, 47, 48, 49, 50, 51, 52, 53, 54]",direct,[],1,0.14285714285714285,1,[1],[0],1
path_image_seed,Mg1,1,7,af202117df2c3a60,POSCAR_Mg1_base0001_direct_path0001_pimg001_seed007.vasp,,True,,[0],[0],['Mg'],"[[0.25, 0.25, 0.25]]",single,1,"[1, 1, 1]",4.0,0.2642857142857143,"[0, 1, 2, 3, 4, 5, 6, 7, 8, 9, 10, 11, 12, 13, 14, 15, 16, 17, 18, 19, 20, 21, 22, 23, 24, 25, 26, 27, 28, 29, 30, 31, 32, 33, 34, 35, 36, 37, 38, 39, 40, 41, 42, 43, 44, 45, 46, 47, 48, 49, 50, 51, 52, 53, 54]",direct,[],1,0.14285714285714285,1,[1],[0],1
path_image_seed,Mg1,1,8,af202117df2c3a60,POSCAR_Mg1_base0001_direct_path0001_pimg001_seed008.vasp,,True,,[0],[0],['Mg'],"[[0.25, 0.25, 0.25]]",single,1,"[1, 1, 1]",4.0,0.3,"[0, 1, 2, 3, 4, 5, 6, 7, 8, 9, 10, 11, 12, 13, 14, 15, 16, 17, 18, 19, 20, 21, 22, 23, 24, 25, 26, 27, 28, 29, 30, 31, 32, 33, 34, 35, 36, 37, 38, 39, 40, 41, 42, 43, 44, 45, 46, 47, 48, 49, 50, 51, 52, 53, 54]",direct,[],1,0.14285714285714285,1,[1],[0],1
path_image,Mg1,1,,af202117df2c3a60,POSCAR_Mg1_base0001_direct_path0001_pimg002.vasp,,True,,[0],[0],['Mg'],"[[0.25, 0.25, 0.25]]",single,1,"[1, 1, 1]",,,[],direct,[],1,0.2857142857142857,,[1],[0],1
path_image_seed,Mg1,1,1,af202117df2c3a60,POSCAR_Mg1_base0001_direct_path0001_pimg002_seed001.vasp,,True,,[0],[0],['Mg'],"[[0.25, 0.25, 0.25]]",single,1,"[1, 1, 1]",4.0,0.05,"[0, 1, 2, 3, 4, 5, 6, 7, 8, 9, 10, 11, 12, 13, 14, 15, 16, 17, 18, 19, 20, 21, 22, 23, 24, 25, 26, 27, 28, 29, 30, 31, 32, 33, 34, 35, 36, 37, 38, 39, 40, 41, 42, 43, 44, 45, 46, 47, 48, 49, 50, 51, 52, 53, 54]",direct,[],1,0.2857142857142857,2,[1],[0],1
path_image_seed,Mg1,1,2,af202117df2c3a60,POSCAR_Mg1_base0001_direct_path0001_pimg002_seed002.vasp,,True,,[0],[0],['Mg'],"[[0.25, 0.25, 0.25]]",single,1,"[1, 1, 1]",4.0,0.08571428571428572,"[0, 1, 2, 3, 4, 5, 6, 7, 8, 9, 10, 11, 12, 13, 14, 15, 16, 17, 18, 19, 20, 21, 22, 23, 24, 25, 26, 27, 28, 29, 30, 31, 32, 33, 34, 35, 36, 37, 38, 39, 40, 41, 42, 43, 44, 45, 46, 47, 48, 49, 50, 51, 52, 53, 54]",direct,[],1,0.2857142857142857,2,[1],[0],1
path_image_seed,Mg1,1,3,af202117df2c3a60,POSCAR_Mg1_base0001_direct_path0001_pimg002_seed003.vasp,,True,,[0],[0],['Mg'],"[[0.25, 0.25, 0.25]]",single,1,"[1, 1, 1]",4.0,0.12142857142857143,"[0, 1, 2, 3, 4, 5, 6, 7, 8, 9, 10, 11, 12, 13, 14, 15, 16, 17, 18, 19, 20, 21, 22, 23, 24, 25, 26, 27, 28, 29, 30, 31, 32, 33, 34, 35, 36, 37, 38, 39, 40, 41, 42, 43, 44, 45, 46, 47, 48, 49, 50, 51, 52, 53, 54]",direct,[],1,0.2857142857142857,2,[1],[0],1
path_image_seed,Mg1,1,4,af202117df2c3a60,POSCAR_Mg1_base0001_direct_path0001_pimg002_seed004.vasp,,True,,[0],[0],['Mg'],"[[0.25, 0.25, 0.25]]",single,1,"[1, 1, 1]",4.0,0.15714285714285714,"[0, 1, 2, 3, 4, 5, 6, 7, 8, 9, 10, 11, 12, 13, 14, 15, 16, 17, 18, 19, 20, 21, 22, 23, 24, 25, 26, 27, 28, 29, 30, 31, 32, 33, 34, 35, 36, 37, 38, 39, 40, 41, 42, 43, 44, 45, 46, 47, 48, 49, 50, 51, 52, 53, 54]",direct,[],1,0.2857142857142857,2,[1],[0],1
path_image_seed,Mg1,1,5,af202117df2c3a60,POSCAR_Mg1_base0001_direct_path0001_pimg002_seed005.vasp,,True,,[0],[0],['Mg'],"[[0.25, 0.25, 0.25]]",single,1,"[1, 1, 1]",4.0,0.19285714285714284,"[0, 1, 2, 3, 4, 5, 6, 7, 8, 9, 10, 11, 12, 13, 14, 15, 16, 17, 18, 19, 20, 21, 22, 23, 24, 25, 26, 27, 28, 29, 30, 31, 32, 33, 34, 35, 36, 37, 38, 39, 40, 41, 42, 43, 44, 45, 46, 47, 48, 49, 50, 51, 52, 53, 54]",direct,[],1,0.2857142857142857,2,[1],[0],1
path_image_seed,Mg1,1,6,af202117df2c3a60,POSCAR_Mg1_base0001_direct_path0001_pimg002_seed006.vasp,,True,,[0],[0],['Mg'],"[[0.25, 0.25, 0.25]]",single,1,"[1, 1, 1]",4.0,0.22857142857142854,"[0, 1, 2, 3, 4, 5, 6, 7, 8, 9, 10, 11, 12, 13, 14, 15, 16, 17, 18, 19, 20, 21, 22, 23, 24, 25, 26, 27, 28, 29, 30, 31, 32, 33, 34, 35, 36, 37, 38, 39, 40, 41, 42, 43, 44, 45, 46, 47, 48, 49, 50, 51, 52, 53, 54]",direct,[],1,0.2857142857142857,2,[1],[0],1
path_image_seed,Mg1,1,7,af202117df2c3a60,POSCAR_Mg1_base0001_direct_path0001_pimg002_seed007.vasp,,True,,[0],[0],['Mg'],"[[0.25, 0.25, 0.25]]",single,1,"[1, 1, 1]",4.0,0.2642857142857143,"[0, 1, 2, 3, 4, 5, 6, 7, 8, 9, 10, 11, 12, 13, 14, 15, 16, 17, 18, 19, 20, 21, 22, 23, 24, 25, 26, 27, 28, 29, 30, 31, 32, 33, 34, 35, 36, 37, 38, 39, 40, 41, 42, 43, 44, 45, 46, 47, 48, 49, 50, 51, 52, 53, 54]",direct,[],1,0.2857142857142857,2,[1],[0],1
path_image_seed,Mg1,1,8,af202117df2c3a60,POSCAR_Mg1_base0001_direct_path0001_pimg002_seed008.vasp,,True,,[0],[0],['Mg'],"[[0.25, 0.25, 0.25]]",single,1,"[1, 1, 1]",4.0,0.3,"[0, 1, 2, 3, 4, 5, 6, 7, 8, 9, 10, 11, 12, 13, 14, 15, 16, 17, 18, 19, 20, 21, 22, 23, 24, 25, 26, 27, 28, 29, 30, 31, 32, 33, 34, 35, 36, 37, 38, 39, 40, 41, 42, 43, 44, 45, 46, 47, 48, 49, 50, 51, 52, 53, 54]",direct,[],1,0.2857142857142857,2,[1],[0],1
path_image,Mg1,1,,af202117df2c3a60,POSCAR_Mg1_base0001_direct_path0001_pimg003.vasp,,True,,[0],[0],['Mg'],"[[0.25, 0.25, 0.25]]",single,1,"[1, 1, 1]",,,[],direct,[],1,0.42857142857142855,,[1],[0],1
path_image_seed,Mg1,1,1,af202117df2c3a60,POSCAR_Mg1_base0001_direct_path0001_pimg003_seed001.vasp,,True,,[0],[0],['Mg'],"[[0.25, 0.25, 0.25]]",single,1,"[1, 1, 1]",4.0,0.05,"[0, 1, 2, 3, 4, 5, 6, 7, 8, 9, 10, 11, 12, 13, 14, 15, 16, 17, 18, 19, 20, 21, 22, 23, 24, 25, 26, 27, 28, 29, 30, 31, 32, 33, 34, 35, 36, 37, 38, 39, 40, 41, 42, 43, 44, 45, 46, 47, 48, 49, 50, 51, 52, 53, 54]",direct,[],1,0.42857142857142855,3,[1],[0],1
path_image_seed,Mg1,1,2,af202117df2c3a60,POSCAR_Mg1_base0001_direct_path0001_pimg003_seed002.vasp,,True,,[0],[0],['Mg'],"[[0.25, 0.25, 0.25]]",single,1,"[1, 1, 1]",4.0,0.08571428571428572,"[0, 1, 2, 3, 4, 5, 6, 7, 8, 9, 10, 11, 12, 13, 14, 15, 16, 17, 18, 19, 20, 21, 22, 23, 24, 25, 26, 27, 28, 29, 30, 31, 32, 33, 34, 35, 36, 37, 38, 39, 40, 41, 42, 43, 44, 45, 46, 47, 48, 49, 50, 51, 52, 53, 54]",direct,[],1,0.42857142857142855,3,[1],[0],1
path_image_seed,Mg1,1,3,af202117df2c3a60,POSCAR_Mg1_base0001_direct_path0001_pimg003_seed003.vasp,,True,,[0],[0],['Mg'],"[[0.25, 0.25, 0.25]]",single,1,"[1, 1, 1]",4.0,0.12142857142857143,"[0, 1, 2, 3, 4, 5, 6, 7, 8, 9, 10, 11, 12, 13, 14, 15, 16, 17, 18, 19, 20, 21, 22, 23, 24, 25, 26, 27, 28, 29, 30, 31, 32, 33, 34, 35, 36, 37, 38, 39, 40, 41, 42, 43, 44, 45, 46, 47, 48, 49, 50, 51, 52, 53, 54]",direct,[],1,0.42857142857142855,3,[1],[0],1
path_image_seed,Mg1,1,4,af202117df2c3a60,POSCAR_Mg1_base0001_direct_path0001_pimg003_seed004.vasp,,True,,[0],[0],['Mg'],"[[0.25, 0.25, 0.25]]",single,1,"[1, 1, 1]",4.0,0.15714285714285714,"[0, 1, 2, 3, 4, 5, 6, 7, 8, 9, 10, 11, 12, 13, 14, 15, 16, 17, 18, 19, 20, 21, 22, 23, 24, 25, 26, 27, 28, 29, 30, 31, 32, 33, 34, 35, 36, 37, 38, 39, 40, 41, 42, 43, 44, 45, 46, 47, 48, 49, 50, 51, 52, 53, 54]",direct,[],1,0.42857142857142855,3,[1],[0],1
path_image_seed,Mg1,1,5,af202117df2c3a60,POSCAR_Mg1_base0001_direct_path0001_pimg003_seed005.vasp,,True,,[0],[0],['Mg'],"[[0.25, 0.25, 0.25]]",single,1,"[1, 1, 1]",4.0,0.19285714285714284,"[0, 1, 2, 3, 4, 5, 6, 7, 8, 9, 10, 11, 12, 13, 14, 15, 16, 17, 18, 19, 20, 21, 22, 23, 24, 25, 26, 27, 28, 29, 30, 31, 32, 33, 34, 35, 36, 37, 38, 39, 40, 41, 42, 43, 44, 45, 46, 47, 48, 49, 50, 51, 52, 53, 54]",direct,[],1,0.42857142857142855,3,[1],[0],1
path_image_seed,Mg1,1,6,af202117df2c3a60,POSCAR_Mg1_base0001_direct_path0001_pimg003_seed006.vasp,,True,,[0],[0],['Mg'],"[[0.25, 0.25, 0.25]]",single,1,"[1, 1, 1]",4.0,0.22857142857142854,"[0, 1, 2, 3, 4, 5, 6, 7, 8, 9, 10, 11, 12, 13, 14, 15, 16, 17, 18, 19, 20, 21, 22, 23, 24, 25, 26, 27, 28, 29, 30, 31, 32, 33, 34, 35, 36, 37, 38, 39, 40, 41, 42, 43, 44, 45, 46, 47, 48, 49, 50, 51, 52, 53, 54]",direct,[],1,0.42857142857142855,3,[1],[0],1
path_image_seed,Mg1,1,7,af202117df2c3a60,POSCAR_Mg1_base0001_direct_path0001_pimg003_seed007.vasp,,True,,[0],[0],['Mg'],"[[0.25, 0.25, 0.25]]",single,1,"[1, 1, 1]",4.0,0.2642857142857143,"[0, 1, 2, 3, 4, 5, 6, 7, 8, 9, 10, 11, 12, 13, 14, 15, 16, 17, 18, 19, 20, 21, 22, 23, 24, 25, 26, 27, 28, 29, 30, 31, 32, 33, 34, 35, 36, 37, 38, 39, 40, 41, 42, 43, 44, 45, 46, 47, 48, 49, 50, 51, 52, 53, 54]",direct,[],1,0.42857142857142855,3,[1],[0],1
path_image_seed,Mg1,1,8,af202117df2c3a60,POSCAR_Mg1_base0001_direct_path0001_pimg003_seed008.vasp,,True,,[0],[0],['Mg'],"[[0.25, 0.25, 0.25]]",single,1,"[1, 1, 1]",4.0,0.3,"[0, 1, 2, 3, 4, 5, 6, 7, 8, 9, 10, 11, 12, 13, 14, 15, 16, 17, 18, 19, 20, 21, 22, 23, 24, 25, 26, 27, 28, 29, 30, 31, 32, 33, 34, 35, 36, 37, 38, 39, 40, 41, 42, 43, 44, 45, 46, 47, 48, 49, 50, 51, 52, 53, 54]",direct,[],1,0.42857142857142855,3,[1],[0],1
path_image,Mg1,1,,af202117df2c3a60,POSCAR_Mg1_base0001_direct_path0001_pimg004.vasp,,True,,[0],[0],['Mg'],"[[0.25, 0.25, 0.25]]",single,1,"[1, 1, 1]",,,[],direct,[],1,0.5714285714285714,,[1],[0],1
path_image_seed,Mg1,1,1,af202117df2c3a60,POSCAR_Mg1_base0001_direct_path0001_pimg004_seed001.vasp,,True,,[0],[0],['Mg'],"[[0.25, 0.25, 0.25]]",single,1,"[1, 1, 1]",4.0,0.05,"[0, 1, 2, 3, 4, 5, 6, 7, 8, 9, 10, 11, 12, 13, 14, 15, 16, 17, 18, 19, 20, 21, 22, 23, 24, 25, 26, 27, 28, 29, 30, 31, 32, 33, 34, 35, 36, 37, 38, 39, 40, 41, 42, 43, 44, 45, 46, 47, 48, 49, 50, 51, 52, 53, 54]",direct,[],1,0.5714285714285714,4,[1],[0],1
path_image_seed,Mg1,1,2,af202117df2c3a60,POSCAR_Mg1_base0001_direct_path0001_pimg004_seed002.vasp,,True,,[0],[0],['Mg'],"[[0.25, 0.25, 0.25]]",single,1,"[1, 1, 1]",4.0,0.08571428571428572,"[0, 1, 2, 3, 4, 5, 6, 7, 8, 9, 10, 11, 12, 13, 14, 15, 16, 17, 18, 19, 20, 21, 22, 23, 24, 25, 26, 27, 28, 29, 30, 31, 32, 33, 34, 35, 36, 37, 38, 39, 40, 41, 42, 43, 44, 45, 46, 47, 48, 49, 50, 51, 52, 53, 54]",direct,[],1,0.5714285714285714,4,[1],[0],1
path_image_seed,Mg1,1,3,af202117df2c3a60,POSCAR_Mg1_base0001_direct_path0001_pimg004_seed003.vasp,,True,,[0],[0],['Mg'],"[[0.25, 0.25, 0.25]]",single,1,"[1, 1, 1]",4.0,0.12142857142857143,"[0, 1, 2, 3, 4, 5, 6, 7, 8, 9, 10, 11, 12, 13, 14, 15, 16, 17, 18, 19, 20, 21, 22, 23, 24, 25, 26, 27, 28, 29, 30, 31, 32, 33, 34, 35, 36, 37, 38, 39, 40, 41, 42, 43, 44, 45, 46, 47, 48, 49, 50, 51, 52, 53, 54]",direct,[],1,0.5714285714285714,4,[1],[0],1
path_image_seed,Mg1,1,4,af202117df2c3a60,POSCAR_Mg1_base0001_direct_path0001_pimg004_seed004.vasp,,True,,[0],[0],['Mg'],"[[0.25, 0.25, 0.25]]",single,1,"[1, 1, 1]",4.0,0.15714285714285714,"[0, 1, 2, 3, 4, 5, 6, 7, 8, 9, 10, 11, 12, 13, 14, 15, 16, 17, 18, 19, 20, 21, 22, 23, 24, 25, 26, 27, 28, 29, 30, 31, 32, 33, 34, 35, 36, 37, 38, 39, 40, 41, 42, 43, 44, 45, 46, 47, 48, 49, 50, 51, 52, 53, 54]",direct,[],1,0.5714285714285714,4,[1],[0],1
path_image_seed,Mg1,1,5,af202117df2c3a60,POSCAR_Mg1_base0001_direct_path0001_pimg004_seed005.vasp,,True,,[0],[0],['Mg'],"[[0.25, 0.25, 0.25]]",single,1,"[1, 1, 1]",4.0,0.19285714285714284,"[0, 1, 2, 3, 4, 5, 6, 7, 8, 9, 10, 11, 12, 13, 14, 15, 16, 17, 18, 19, 20, 21, 22, 23, 24, 25, 26, 27, 28, 29, 30, 31, 32, 33, 34, 35, 36, 37, 38, 39, 40, 41, 42, 43, 44, 45, 46, 47, 48, 49, 50, 51, 52, 53, 54]",direct,[],1,0.5714285714285714,4,[1],[0],1
path_image_seed,Mg1,1,6,af202117df2c3a60,POSCAR_Mg1_base0001_direct_path0001_pimg004_seed006.vasp,,True,,[0],[0],['Mg'],"[[0.25, 0.25, 0.25]]",single,1,"[1, 1, 1]",4.0,0.22857142857142854,"[0, 1, 2, 3, 4, 5, 6, 7, 8, 9, 10, 11, 12, 13, 14, 15, 16, 17, 18, 19, 20, 21, 22, 23, 24, 25, 26, 27, 28, 29, 30, 31, 32, 33, 34, 35, 36, 37, 38, 39, 40, 41, 42, 43, 44, 45, 46, 47, 48, 49, 50, 51, 52, 53, 54]",direct,[],1,0.5714285714285714,4,[1],[0],1
path_image_seed,Mg1,1,7,af202117df2c3a60,POSCAR_Mg1_base0001_direct_path0001_pimg004_seed007.vasp,,True,,[0],[0],['Mg'],"[[0.25, 0.25, 0.25]]",single,1,"[1, 1, 1]",4.0,0.2642857142857143,"[0, 1, 2, 3, 4, 5, 6, 7, 8, 9, 10, 11, 12, 13, 14, 15, 16, 17, 18, 19, 20, 21, 22, 23, 24, 25, 26, 27, 28, 29, 30, 31, 32, 33, 34, 35, 36, 37, 38, 39, 40, 41, 42, 43, 44, 45, 46, 47, 48, 49, 50, 51, 52, 53, 54]",direct,[],1,0.5714285714285714,4,[1],[0],1
path_image_seed,Mg1,1,8,af202117df2c3a60,POSCAR_Mg1_base0001_direct_path0001_pimg004_seed008.vasp,,True,,[0],[0],['Mg'],"[[0.25, 0.25, 0.25]]",single,1,"[1, 1, 1]",4.0,0.3,"[0, 1, 2, 3, 4, 5, 6, 7, 8, 9, 10, 11, 12, 13, 14, 15, 16, 17, 18, 19, 20, 21, 22, 23, 24, 25, 26, 27, 28, 29, 30, 31, 32, 33, 34, 35, 36, 37, 38, 39, 40, 41, 42, 43, 44, 45, 46, 47, 48, 49, 50, 51, 52, 53, 54]",direct,[],1,0.5714285714285714,4,[1],[0],1
path_image,Mg1,1,,af202117df2c3a60,POSCAR_Mg1_base0001_direct_path0001_pimg005.vasp,,True,,[0],[0],['Mg'],"[[0.25, 0.25, 0.25]]",single,1,"[1, 1, 1]",,,[],direct,[],1,0.7142857142857142,,[1],[0],1
path_image_seed,Mg1,1,1,af202117df2c3a60,POSCAR_Mg1_base0001_direct_path0001_pimg005_seed001.vasp,,True,,[0],[0],['Mg'],"[[0.25, 0.25, 0.25]]",single,1,"[1, 1, 1]",4.0,0.05,"[0, 1, 2, 3, 4, 5, 6, 7, 8, 9, 10, 11, 12, 13, 14, 15, 16, 17, 18, 19, 20, 21, 22, 23, 24, 25, 26, 27, 28, 29, 30, 31, 32, 33, 34, 35, 36, 37, 38, 39, 40, 41, 42, 43, 44, 45, 46, 47, 48, 49, 50, 51, 52, 53, 54]",direct,[],1,0.7142857142857142,5,[1],[0],1
path_image_seed,Mg1,1,2,af202117df2c3a60,POSCAR_Mg1_base0001_direct_path0001_pimg005_seed002.vasp,,True,,[0],[0],['Mg'],"[[0.25, 0.25, 0.25]]",single,1,"[1, 1, 1]",4.0,0.08571428571428572,"[0, 1, 2, 3, 4, 5, 6, 7, 8, 9, 10, 11, 12, 13, 14, 15, 16, 17, 18, 19, 20, 21, 22, 23, 24, 25, 26, 27, 28, 29, 30, 31, 32, 33, 34, 35, 36, 37, 38, 39, 40, 41, 42, 43, 44, 45, 46, 47, 48, 49, 50, 51, 52, 53, 54]",direct,[],1,0.7142857142857142,5,[1],[0],1
path_image_seed,Mg1,1,3,af202117df2c3a60,POSCAR_Mg1_base0001_direct_path0001_pimg005_seed003.vasp,,True,,[0],[0],['Mg'],"[[0.25, 0.25, 0.25]]",single,1,"[1, 1, 1]",4.0,0.12142857142857143,"[0, 1, 2, 3, 4, 5, 6, 7, 8, 9, 10, 11, 12, 13, 14, 15, 16, 17, 18, 19, 20, 21, 22, 23, 24, 25, 26, 27, 28, 29, 30, 31, 32, 33, 34, 35, 36, 37, 38, 39, 40, 41, 42, 43, 44, 45, 46, 47, 48, 49, 50, 51, 52, 53, 54]",direct,[],1,0.7142857142857142,5,[1],[0],1
path_image_seed,Mg1,1,4,af202117df2c3a60,POSCAR_Mg1_base0001_direct_path0001_pimg005_seed004.vasp,,True,,[0],[0],['Mg'],"[[0.25, 0.25, 0.25]]",single,1,"[1, 1, 1]",4.0,0.15714285714285714,"[0, 1, 2, 3, 4, 5, 6, 7, 8, 9, 10, 11, 12, 13, 14, 15, 16, 17, 18, 19, 20, 21, 22, 23, 24, 25, 26, 27, 28, 29, 30, 31, 32, 33, 34, 35, 36, 37, 38, 39, 40, 41, 42, 43, 44, 45, 46, 47, 48, 49, 50, 51, 52, 53, 54]",direct,[],1,0.7142857142857142,5,[1],[0],1
path_image_seed,Mg1,1,5,af202117df2c3a60,POSCAR_Mg1_base0001_direct_path0001_pimg005_seed005.vasp,,True,,[0],[0],['Mg'],"[[0.25, 0.25, 0.25]]",single,1,"[1, 1, 1]",4.0,0.19285714285714284,"[0, 1, 2, 3, 4, 5, 6, 7, 8, 9, 10, 11, 12, 13, 14, 15, 16, 17, 18, 19, 20, 21, 22, 23, 24, 25, 26, 27, 28, 29, 30, 31, 32, 33, 34, 35, 36, 37, 38, 39, 40, 41, 42, 43, 44, 45, 46, 47, 48, 49, 50, 51, 52, 53, 54]",direct,[],1,0.7142857142857142,5,[1],[0],1
path_image_seed,Mg1,1,6,af202117df2c3a60,POSCAR_Mg1_base0001_direct_path0001_pimg005_seed006.vasp,,True,,[0],[0],['Mg'],"[[0.25, 0.25, 0.25]]",single,1,"[1, 1, 1]",4.0,0.22857142857142854,"[0, 1, 2, 3, 4, 5, 6, 7, 8, 9, 10, 11, 12, 13, 14, 15, 16, 17, 18, 19, 20, 21, 22, 23, 24, 25, 26, 27, 28, 29, 30, 31, 32, 33, 34, 35, 36, 37, 38, 39, 40, 41, 42, 43, 44, 45, 46, 47, 48, 49, 50, 51, 52, 53, 54]",direct,[],1,0.7142857142857142,5,[1],[0],1
path_image_seed,Mg1,1,7,af202117df2c3a60,POSCAR_Mg1_base0001_direct_path0001_pimg005_seed007.vasp,,True,,[0],[0],['Mg'],"[[0.25, 0.25, 0.25]]",single,1,"[1, 1, 1]",4.0,0.2642857142857143,"[0, 1, 2, 3, 4, 5, 6, 7, 8, 9, 10, 11, 12, 13, 14, 15, 16, 17, 18, 19, 20, 21, 22, 23, 24, 25, 26, 27, 28, 29, 30, 31, 32, 33, 34, 35, 36, 37, 38, 39, 40, 41, 42, 43, 44, 45, 46, 47, 48, 49, 50, 51, 52, 53, 54]",direct,[],1,0.7142857142857142,5,[1],[0],1
path_image_seed,Mg1,1,8,af202117df2c3a60,POSCAR_Mg1_base0001_direct_path0001_pimg005_seed008.vasp,,True,,[0],[0],['Mg'],"[[0.25, 0.25, 0.25]]",single,1,"[1, 1, 1]",4.0,0.3,"[0, 1, 2, 3, 4, 5, 6, 7, 8, 9, 10, 11, 12, 13, 14, 15, 16, 17, 18, 19, 20, 21, 22, 23, 24, 25, 26, 27, 28, 29, 30, 31, 32, 33, 34, 35, 36, 37, 38, 39, 40, 41, 42, 43, 44, 45, 46, 47, 48, 49, 50, 51, 52, 53, 54]",direct,[],1,0.7142857142857142,5,[1],[0],1
path_image,Mg1,1,,af202117df2c3a60,POSCAR_Mg1_base0001_direct_path0001_pimg006.vasp,,True,,[0],[0],['Mg'],"[[0.25, 0.25, 0.25]]",single,1,"[1, 1, 1]",,,[],direct,[],1,0.8571428571428571,,[1],[0],1
path_image_seed,Mg1,1,1,af202117df2c3a60,POSCAR_Mg1_base0001_direct_path0001_pimg006_seed001.vasp,,True,,[0],[0],['Mg'],"[[0.25, 0.25, 0.25]]",single,1,"[1, 1, 1]",4.0,0.05,"[0, 1, 2, 3, 4, 5, 6, 7, 8, 9, 10, 11, 12, 13, 14, 15, 16, 17, 18, 19, 20, 21, 22, 23, 24, 25, 26, 27, 28, 29, 30, 31, 32, 33, 34, 35, 36, 37, 38, 39, 40, 41, 42, 43, 44, 45, 46, 47, 48, 49, 50, 51, 52, 53, 54]",direct,[],1,0.8571428571428571,6,[1],[0],1
path_image_seed,Mg1,1,2,af202117df2c3a60,POSCAR_Mg1_base0001_direct_path0001_pimg006_seed002.vasp,,True,,[0],[0],['Mg'],"[[0.25, 0.25, 0.25]]",single,1,"[1, 1, 1]",4.0,0.08571428571428572,"[0, 1, 2, 3, 4, 5, 6, 7, 8, 9, 10, 11, 12, 13, 14, 15, 16, 17, 18, 19, 20, 21, 22, 23, 24, 25, 26, 27, 28, 29, 30, 31, 32, 33, 34, 35, 36, 37, 38, 39, 40, 41, 42, 43, 44, 45, 46, 47, 48, 49, 50, 51, 52, 53, 54]",direct,[],1,0.8571428571428571,6,[1],[0],1
path_image_seed,Mg1,1,3,af202117df2c3a60,POSCAR_Mg1_base0001_direct_path0001_pimg006_seed003.vasp,,True,,[0],[0],['Mg'],"[[0.25, 0.25, 0.25]]",single,1,"[1, 1, 1]",4.0,0.12142857142857143,"[0, 1, 2, 3, 4, 5, 6, 7, 8, 9, 10, 11, 12, 13, 14, 15, 16, 17, 18, 19, 20, 21, 22, 23, 24, 25, 26, 27, 28, 29, 30, 31, 32, 33, 34, 35, 36, 37, 38, 39, 40, 41, 42, 43, 44, 45, 46, 47, 48, 49, 50, 51, 52, 53, 54]",direct,[],1,0.8571428571428571,6,[1],[0],1
path_image_seed,Mg1,1,4,af202117df2c3a60,POSCAR_Mg1_base0001_direct_path0001_pimg006_seed004.vasp,,True,,[0],[0],['Mg'],"[[0.25, 0.25, 0.25]]",single,1,"[1, 1, 1]",4.0,0.15714285714285714,"[0, 1, 2, 3, 4, 5, 6, 7, 8, 9, 10, 11, 12, 13, 14, 15, 16, 17, 18, 19, 20, 21, 22, 23, 24, 25, 26, 27, 28, 29, 30, 31, 32, 33, 34, 35, 36, 37, 38, 39, 40, 41, 42, 43, 44, 45, 46, 47, 48, 49, 50, 51, 52, 53, 54]",direct,[],1,0.8571428571428571,6,[1],[0],1
path_image_seed,Mg1,1,5,af202117df2c3a60,POSCAR_Mg1_base0001_direct_path0001_pimg006_seed005.vasp,,True,,[0],[0],['Mg'],"[[0.25, 0.25, 0.25]]",single,1,"[1, 1, 1]",4.0,0.19285714285714284,"[0, 1, 2, 3, 4, 5, 6, 7, 8, 9, 10, 11, 12, 13, 14, 15, 16, 17, 18, 19, 20, 21, 22, 23, 24, 25, 26, 27, 28, 29, 30, 31, 32, 33, 34, 35, 36, 37, 38, 39, 40, 41, 42, 43, 44, 45, 46, 47, 48, 49, 50, 51, 52, 53, 54]",direct,[],1,0.8571428571428571,6,[1],[0],1
path_image_seed,Mg1,1,6,af202117df2c3a60,POSCAR_Mg1_base0001_direct_path0001_pimg006_seed006.vasp,,True,,[0],[0],['Mg'],"[[0.25, 0.25, 0.25]]",single,1,"[1, 1, 1]",4.0,0.22857142857142854,"[0, 1, 2, 3, 4, 5, 6, 7, 8, 9, 10, 11, 12, 13, 14, 15, 16, 17, 18, 19, 20, 21, 22, 23, 24, 25, 26, 27, 28, 29, 30, 31, 32, 33, 34, 35, 36, 37, 38, 39, 40, 41, 42, 43, 44, 45, 46, 47, 48, 49, 50, 51, 52, 53, 54]",direct,[],1,0.8571428571428571,6,[1],[0],1
path_image_seed,Mg1,1,7,af202117df2c3a60,POSCAR_Mg1_base0001_direct_path0001_pimg006_seed007.vasp,,True,,[0],[0],['Mg'],"[[0.25, 0.25, 0.25]]",single,1,"[1, 1, 1]",4.0,0.2642857142857143,"[0, 1, 2, 3, 4, 5, 6, 7, 8, 9, 10, 11, 12, 13, 14, 15, 16, 17, 18, 19, 20, 21, 22, 23, 24, 25, 26, 27, 28, 29, 30, 31, 32, 33, 34, 35, 36, 37, 38, 39, 40, 41, 42, 43, 44, 45, 46, 47, 48, 49, 50, 51, 52, 53, 54]",direct,[],1,0.8571428571428571,6,[1],[0],1
path_image_seed,Mg1,1,8,af202117df2c3a60,POSCAR_Mg1_base0001_direct_path0001_pimg006_seed008.vasp,,True,,[0],[0],['Mg'],"[[0.25, 0.25, 0.25]]",single,1,"[1, 1, 1]",4.0,0.3,"[0, 1, 2, 3, 4, 5, 6, 7, 8, 9, 10, 11, 12, 13, 14, 15, 16, 17, 18, 19, 20, 21, 22, 23, 24, 25, 26, 27, 28, 29, 30, 31, 32, 33, 34, 35, 36, 37, 38, 39, 40, 41, 42, 43, 44, 45, 46, 47, 48, 49, 50, 51, 52, 53, 54]",direct,[],1,0.8571428571428571,6,[1],[0],1
path_end,Mg1,1,,af202117df2c3a60,POSCAR_Mg1_base0001_direct_path0001_pimg007.vasp,,True,,[0],[0],['Mg'],"[[0.25, 0.25, 0.25]]",single,1,"[1, 1, 1]",,,[],direct,[],1,1.0,,[1],[0],1
path_end_seed,Mg1,1,1,af202117df2c3a60,POSCAR_Mg1_base0001_direct_path0001_pimg007_seed001.vasp,,True,,[0],[0],['Mg'],"[[0.25, 0.25, 0.25]]",single,1,"[1, 1, 1]",4.0,0.05,"[0, 1, 2, 3, 4, 5, 6, 7, 8, 9, 10, 11, 12, 13, 14, 15, 16, 17, 18, 19, 20, 21, 22, 23, 24, 25, 26, 27, 28, 29, 30, 31, 32, 33, 34, 35, 36, 37, 38, 39, 40, 41, 42, 43, 44, 45, 46, 47, 48, 49, 50, 51, 52, 53, 54]",direct,[],1,1.0,7,[1],[0],1
path_end_seed,Mg1,1,2,af202117df2c3a60,POSCAR_Mg1_base0001_direct_path0001_pimg007_seed002.vasp,,True,,[0],[0],['Mg'],"[[0.25, 0.25, 0.25]]",single,1,"[1, 1, 1]",4.0,0.08571428571428572,"[0, 1, 2, 3, 4, 5, 6, 7, 8, 9, 10, 11, 12, 13, 14, 15, 16, 17, 18, 19, 20, 21, 22, 23, 24, 25, 26, 27, 28, 29, 30, 31, 32, 33, 34, 35, 36, 37, 38, 39, 40, 41, 42, 43, 44, 45, 46, 47, 48, 49, 50, 51, 52, 53, 54]",direct,[],1,1.0,7,[1],[0],1
path_end_seed,Mg1,1,3,af202117df2c3a60,POSCAR_Mg1_base0001_direct_path0001_pimg007_seed003.vasp,,True,,[0],[0],['Mg'],"[[0.25, 0.25, 0.25]]",single,1,"[1, 1, 1]",4.0,0.12142857142857143,"[0, 1, 2, 3, 4, 5, 6, 7, 8, 9, 10, 11, 12, 13, 14, 15, 16, 17, 18, 19, 20, 21, 22, 23, 24, 25, 26, 27, 28, 29, 30, 31, 32, 33, 34, 35, 36, 37, 38, 39, 40, 41, 42, 43, 44, 45, 46, 47, 48, 49, 50, 51, 52, 53, 54]",direct,[],1,1.0,7,[1],[0],1
path_end_seed,Mg1,1,4,af202117df2c3a60,POSCAR_Mg1_base0001_direct_path0001_pimg007_seed004.vasp,,True,,[0],[0],['Mg'],"[[0.25, 0.25, 0.25]]",single,1,"[1, 1, 1]",4.0,0.15714285714285714,"[0, 1, 2, 3, 4, 5, 6, 7, 8, 9, 10, 11, 12, 13, 14, 15, 16, 17, 18, 19, 20, 21, 22, 23, 24, 25, 26, 27, 28, 29, 30, 31, 32, 33, 34, 35, 36, 37, 38, 39, 40, 41, 42, 43, 44, 45, 46, 47, 48, 49, 50, 51, 52, 53, 54]",direct,[],1,1.0,7,[1],[0],1
path_end_seed,Mg1,1,5,af202117df2c3a60,POSCAR_Mg1_base0001_direct_path0001_pimg007_seed005.vasp,,True,,[0],[0],['Mg'],"[[0.25, 0.25, 0.25]]",single,1,"[1, 1, 1]",4.0,0.19285714285714284,"[0, 1, 2, 3, 4, 5, 6, 7, 8, 9, 10, 11, 12, 13, 14, 15, 16, 17, 18, 19, 20, 21, 22, 23, 24, 25, 26, 27, 28, 29, 30, 31, 32, 33, 34, 35, 36, 37, 38, 39, 40, 41, 42, 43, 44, 45, 46, 47, 48, 49, 50, 51, 52, 53, 54]",direct,[],1,1.0,7,[1],[0],1
path_end_seed,Mg1,1,6,af202117df2c3a60,POSCAR_Mg1_base0001_direct_path0001_pimg007_seed006.vasp,,True,,[0],[0],['Mg'],"[[0.25, 0.25, 0.25]]",single,1,"[1, 1, 1]",4.0,0.22857142857142854,"[0, 1, 2, 3, 4, 5, 6, 7, 8, 9, 10, 11, 12, 13, 14, 15, 16, 17, 18, 19, 20, 21, 22, 23, 24, 25, 26, 27, 28, 29, 30, 31, 32, 33, 34, 35, 36, 37, 38, 39, 40, 41, 42, 43, 44, 45, 46, 47, 48, 49, 50, 51, 52, 53, 54]",direct,[],1,1.0,7,[1],[0],1
path_end_seed,Mg1,1,7,af202117df2c3a60,POSCAR_Mg1_base0001_direct_path0001_pimg007_seed007.vasp,,True,,[0],[0],['Mg'],"[[0.25, 0.25, 0.25]]",single,1,"[1, 1, 1]",4.0,0.2642857142857143,"[0, 1, 2, 3, 4, 5, 6, 7, 8, 9, 10, 11, 12, 13, 14, 15, 16, 17, 18, 19, 20, 21, 22, 23, 24, 25, 26, 27, 28, 29, 30, 31, 32, 33, 34, 35, 36, 37, 38, 39, 40, 41, 42, 43, 44, 45, 46, 47, 48, 49, 50, 51, 52, 53, 54]",direct,[],1,1.0,7,[1],[0],1
path_end_seed,Mg1,1,8,af202117df2c3a60,POSCAR_Mg1_base0001_direct_path0001_pimg007_seed008.vasp,,True,,[0],[0],['Mg'],"[[0.25, 0.25, 0.25]]",single,1,"[1, 1, 1]",4.0,0.3,"[0, 1, 2, 3, 4, 5, 6, 7, 8, 9, 10, 11, 12, 13, 14, 15, 16, 17, 18, 19, 20, 21, 22, 23, 24, 25, 26, 27, 28, 29, 30, 31, 32, 33, 34, 35, 36, 37, 38, 39, 40, 41, 42, 43, 44, 45, 46, 47, 48, 49, 50, 51, 52, 53, 54]",direct,[],1,1.0,7,[1],[0],1
path_start,Mg1,1,,af202117df2c3a60,POSCAR_Mg1_base0001_direct_path0002_pimg000.vasp,,True,,[0],[0],['Mg'],"[[0.25, 0.25, 0.25]]",single,1,"[1, 1, 1]",,,[],direct,[],2,0.0,,[3],[0],1
path_start_seed,Mg1,1,1,af202117df2c3a60,POSCAR_Mg1_base0001_direct_path0002_pimg000_seed001.vasp,,True,,[0],[0],['Mg'],"[[0.25, 0.25, 0.25]]",single,1,"[1, 1, 1]",4.0,0.05,"[0, 1, 2, 3, 4, 5, 6, 7, 8, 9, 10, 11, 12, 13, 14, 15, 16, 17, 18, 19, 20, 21, 22, 23, 24, 25, 26, 27, 28, 29, 30, 31, 32, 33, 34, 35, 36, 37, 38, 39, 40, 41, 42, 43, 44, 45, 46, 47, 48, 49, 50, 51, 52, 53, 54]",direct,[],2,0.0,0,[3],[0],1
path_start_seed,Mg1,1,2,af202117df2c3a60,POSCAR_Mg1_base0001_direct_path0002_pimg000_seed002.vasp,,True,,[0],[0],['Mg'],"[[0.25, 0.25, 0.25]]",single,1,"[1, 1, 1]",4.0,0.08571428571428572,"[0, 1, 2, 3, 4, 5, 6, 7, 8, 9, 10, 11, 12, 13, 14, 15, 16, 17, 18, 19, 20, 21, 22, 23, 24, 25, 26, 27, 28, 29, 30, 31, 32, 33, 34, 35, 36, 37, 38, 39, 40, 41, 42, 43, 44, 45, 46, 47, 48, 49, 50, 51, 52, 53, 54]",direct,[],2,0.0,0,[3],[0],1
path_start_seed,Mg1,1,3,af202117df2c3a60,POSCAR_Mg1_base0001_direct_path0002_pimg000_seed003.vasp,,True,,[0],[0],['Mg'],"[[0.25, 0.25, 0.25]]",single,1,"[1, 1, 1]",4.0,0.12142857142857143,"[0, 1, 2, 3, 4, 5, 6, 7, 8, 9, 10, 11, 12, 13, 14, 15, 16, 17, 18, 19, 20, 21, 22, 23, 24, 25, 26, 27, 28, 29, 30, 31, 32, 33, 34, 35, 36, 37, 38, 39, 40, 41, 42, 43, 44, 45, 46, 47, 48, 49, 50, 51, 52, 53, 54]",direct,[],2,0.0,0,[3],[0],1
path_start_seed,Mg1,1,4,af202117df2c3a60,POSCAR_Mg1_base0001_direct_path0002_pimg000_seed004.vasp,,True,,[0],[0],['Mg'],"[[0.25, 0.25, 0.25]]",single,1,"[1, 1, 1]",4.0,0.15714285714285714,"[0, 1, 2, 3, 4, 5, 6, 7, 8, 9, 10, 11, 12, 13, 14, 15, 16, 17, 18, 19, 20, 21, 22, 23, 24, 25, 26, 27, 28, 29, 30, 31, 32, 33, 34, 35, 36, 37, 38, 39, 40, 41, 42, 43, 44, 45, 46, 47, 48, 49, 50, 51, 52, 53, 54]",direct,[],2,0.0,0,[3],[0],1
path_start_seed,Mg1,1,5,af202117df2c3a60,POSCAR_Mg1_base0001_direct_path0002_pimg000_seed005.vasp,,True,,[0],[0],['Mg'],"[[0.25, 0.25, 0.25]]",single,1,"[1, 1, 1]",4.0,0.19285714285714284,"[0, 1, 2, 3, 4, 5, 6, 7, 8, 9, 10, 11, 12, 13, 14, 15, 16, 17, 18, 19, 20, 21, 22, 23, 24, 25, 26, 27, 28, 29, 30, 31, 32, 33, 34, 35, 36, 37, 38, 39, 40, 41, 42, 43, 44, 45, 46, 47, 48, 49, 50, 51, 52, 53, 54]",direct,[],2,0.0,0,[3],[0],1
path_start_seed,Mg1,1,6,af202117df2c3a60,POSCAR_Mg1_base0001_direct_path0002_pimg000_seed006.vasp,,True,,[0],[0],['Mg'],"[[0.25, 0.25, 0.25]]",single,1,"[1, 1, 1]",4.0,0.22857142857142854,"[0, 1, 2, 3, 4, 5, 6, 7, 8, 9, 10, 11, 12, 13, 14, 15, 16, 17, 18, 19, 20, 21, 22, 23, 24, 25, 26, 27, 28, 29, 30, 31, 32, 33, 34, 35, 36, 37, 38, 39, 40, 41, 42, 43, 44, 45, 46, 47, 48, 49, 50, 51, 52, 53, 54]",direct,[],2,0.0,0,[3],[0],1
path_start_seed,Mg1,1,7,af202117df2c3a60,POSCAR_Mg1_base0001_direct_path0002_pimg000_seed007.vasp,,True,,[0],[0],['Mg'],"[[0.25, 0.25, 0.25]]",single,1,"[1, 1, 1]",4.0,0.2642857142857143,"[0, 1, 2, 3, 4, 5, 6, 7, 8, 9, 10, 11, 12, 13, 14, 15, 16, 17, 18, 19, 20, 21, 22, 23, 24, 25, 26, 27, 28, 29, 30, 31, 32, 33, 34, 35, 36, 37, 38, 39, 40, 41, 42, 43, 44, 45, 46, 47, 48, 49, 50, 51, 52, 53, 54]",direct,[],2,0.0,0,[3],[0],1
path_start_seed,Mg1,1,8,af202117df2c3a60,POSCAR_Mg1_base0001_direct_path0002_pimg000_seed008.vasp,,True,,[0],[0],['Mg'],"[[0.25, 0.25, 0.25]]",single,1,"[1, 1, 1]",4.0,0.3,"[0, 1, 2, 3, 4, 5, 6, 7, 8, 9, 10, 11, 12, 13, 14, 15, 16, 17, 18, 19, 20, 21, 22, 23, 24, 25, 26, 27, 28, 29, 30, 31, 32, 33, 34, 35, 36, 37, 38, 39, 40, 41, 42, 43, 44, 45, 46, 47, 48, 49, 50, 51, 52, 53, 54]",direct,[],2,0.0,0,[3],[0],1
path_image,Mg1,1,,af202117df2c3a60,POSCAR_Mg1_base0001_direct_path0002_pimg001.vasp,,True,,[0],[0],['Mg'],"[[0.25, 0.25, 0.25]]",single,1,"[1, 1, 1]",,,[],direct,[],2,0.14285714285714285,,[3],[0],1
path_image_seed,Mg1,1,1,af202117df2c3a60,POSCAR_Mg1_base0001_direct_path0002_pimg001_seed001.vasp,,True,,[0],[0],['Mg'],"[[0.25, 0.25, 0.25]]",single,1,"[1, 1, 1]",4.0,0.05,"[0, 1, 2, 3, 4, 5, 6, 7, 8, 9, 10, 11, 12, 13, 14, 15, 16, 17, 18, 19, 20, 21, 22, 23, 24, 25, 26, 27, 28, 29, 30, 31, 32, 33, 34, 35, 36, 37, 38, 39, 40, 41, 42, 43, 44, 45, 46, 47, 48, 49, 50, 51, 52, 53, 54]",direct,[],2,0.14285714285714285,1,[3],[0],1
path_image_seed,Mg1,1,2,af202117df2c3a60,POSCAR_Mg1_base0001_direct_path0002_pimg001_seed002.vasp,,True,,[0],[0],['Mg'],"[[0.25, 0.25, 0.25]]",single,1,"[1, 1, 1]",4.0,0.08571428571428572,"[0, 1, 2, 3, 4, 5, 6, 7, 8, 9, 10, 11, 12, 13, 14, 15, 16, 17, 18, 19, 20, 21, 22, 23, 24, 25, 26, 27, 28, 29, 30, 31, 32, 33, 34, 35, 36, 37, 38, 39, 40, 41, 42, 43, 44, 45, 46, 47, 48, 49, 50, 51, 52, 53, 54]",direct,[],2,0.14285714285714285,1,[3],[0],1
path_image_seed,Mg1,1,3,af202117df2c3a60,POSCAR_Mg1_base0001_direct_path0002_pimg001_seed003.vasp,,True,,[0],[0],['Mg'],"[[0.25, 0.25, 0.25]]",single,1,"[1, 1, 1]",4.0,0.12142857142857143,"[0, 1, 2, 3, 4, 5, 6, 7, 8, 9, 10, 11, 12, 13, 14, 15, 16, 17, 18, 19, 20, 21, 22, 23, 24, 25, 26, 27, 28, 29, 30, 31, 32, 33, 34, 35, 36, 37, 38, 39, 40, 41, 42, 43, 44, 45, 46, 47, 48, 49, 50, 51, 52, 53, 54]",direct,[],2,0.14285714285714285,1,[3],[0],1
path_image_seed,Mg1,1,4,af202117df2c3a60,POSCAR_Mg1_base0001_direct_path0002_pimg001_seed004.vasp,,True,,[0],[0],['Mg'],"[[0.25, 0.25, 0.25]]",single,1,"[1, 1, 1]",4.0,0.15714285714285714,"[0, 1, 2, 3, 4, 5, 6, 7, 8, 9, 10, 11, 12, 13, 14, 15, 16, 17, 18, 19, 20, 21, 22, 23, 24, 25, 26, 27, 28, 29, 30, 31, 32, 33, 34, 35, 36, 37, 38, 39, 40, 41, 42, 43, 44, 45, 46, 47, 48, 49, 50, 51, 52, 53, 54]",direct,[],2,0.14285714285714285,1,[3],[0],1
path_image_seed,Mg1,1,5,af202117df2c3a60,POSCAR_Mg1_base0001_direct_path0002_pimg001_seed005.vasp,,True,,[0],[0],['Mg'],"[[0.25, 0.25, 0.25]]",single,1,"[1, 1, 1]",4.0,0.19285714285714284,"[0, 1, 2, 3, 4, 5, 6, 7, 8, 9, 10, 11, 12, 13, 14, 15, 16, 17, 18, 19, 20, 21, 22, 23, 24, 25, 26, 27, 28, 29, 30, 31, 32, 33, 34, 35, 36, 37, 38, 39, 40, 41, 42, 43, 44, 45, 46, 47, 48, 49, 50, 51, 52, 53, 54]",direct,[],2,0.14285714285714285,1,[3],[0],1
path_image_seed,Mg1,1,6,af202117df2c3a60,POSCAR_Mg1_base0001_direct_path0002_pimg001_seed006.vasp,,True,,[0],[0],['Mg'],"[[0.25, 0.25, 0.25]]",single,1,"[1, 1, 1]",4.0,0.22857142857142854,"[0, 1, 2, 3, 4, 5, 6, 7, 8, 9, 10, 11, 12, 13, 14, 15, 16, 17, 18, 19, 20, 21, 22, 23, 24, 25, 26, 27, 28, 29, 30, 31, 32, 33, 34, 35, 36, 37, 38, 39, 40, 41, 42, 43, 44, 45, 46, 47, 48, 49, 50, 51, 52, 53, 54]",direct,[],2,0.14285714285714285,1,[3],[0],1
path_image_seed,Mg1,1,7,af202117df2c3a60,POSCAR_Mg1_base0001_direct_path0002_pimg001_seed007.vasp,,True,,[0],[0],['Mg'],"[[0.25, 0.25, 0.25]]",single,1,"[1, 1, 1]",4.0,0.2642857142857143,"[0, 1, 2, 3, 4, 5, 6, 7, 8, 9, 10, 11, 12, 13, 14, 15, 16, 17, 18, 19, 20, 21, 22, 23, 24, 25, 26, 27, 28, 29, 30, 31, 32, 33, 34, 35, 36, 37, 38, 39, 40, 41, 42, 43, 44, 45, 46, 47, 48, 49, 50, 51, 52, 53, 54]",direct,[],2,0.14285714285714285,1,[3],[0],1
path_image_seed,Mg1,1,8,af202117df2c3a60,POSCAR_Mg1_base0001_direct_path0002_pimg001_seed008.vasp,,True,,[0],[0],['Mg'],"[[0.25, 0.25, 0.25]]",single,1,"[1, 1, 1]",4.0,0.3,"[0, 1, 2, 3, 4, 5, 6, 7, 8, 9, 10, 11, 12, 13, 14, 15, 16, 17, 18, 19, 20, 21, 22, 23, 24, 25, 26, 27, 28, 29, 30, 31, 32, 33, 34, 35, 36, 37, 38, 39, 40, 41, 42, 43, 44, 45, 46, 47, 48, 49, 50, 51, 52, 53, 54]",direct,[],2,0.14285714285714285,1,[3],[0],1
path_image,Mg1,1,,af202117df2c3a60,POSCAR_Mg1_base0001_direct_path0002_pimg002.vasp,,True,,[0],[0],['Mg'],"[[0.25, 0.25, 0.25]]",single,1,"[1, 1, 1]",,,[],direct,[],2,0.2857142857142857,,[3],[0],1
path_image_seed,Mg1,1,1,af202117df2c3a60,POSCAR_Mg1_base0001_direct_path0002_pimg002_seed001.vasp,,True,,[0],[0],['Mg'],"[[0.25, 0.25, 0.25]]",single,1,"[1, 1, 1]",4.0,0.05,"[0, 1, 2, 3, 4, 5, 6, 7, 8, 9, 10, 11, 12, 13, 14, 15, 16, 17, 18, 19, 20, 21, 22, 23, 24, 25, 26, 27, 28, 29, 30, 31, 32, 33, 34, 35, 36, 37, 38, 39, 40, 41, 42, 43, 44, 45, 46, 47, 48, 49, 50, 51, 52, 53, 54]",direct,[],2,0.2857142857142857,2,[3],[0],1
path_image_seed,Mg1,1,2,af202117df2c3a60,POSCAR_Mg1_base0001_direct_path0002_pimg002_seed002.vasp,,True,,[0],[0],['Mg'],"[[0.25, 0.25, 0.25]]",single,1,"[1, 1, 1]",4.0,0.08571428571428572,"[0, 1, 2, 3, 4, 5, 6, 7, 8, 9, 10, 11, 12, 13, 14, 15, 16, 17, 18, 19, 20, 21, 22, 23, 24, 25, 26, 27, 28, 29, 30, 31, 32, 33, 34, 35, 36, 37, 38, 39, 40, 41, 42, 43, 44, 45, 46, 47, 48, 49, 50, 51, 52, 53, 54]",direct,[],2,0.2857142857142857,2,[3],[0],1
path_image_seed,Mg1,1,3,af202117df2c3a60,POSCAR_Mg1_base0001_direct_path0002_pimg002_seed003.vasp,,True,,[0],[0],['Mg'],"[[0.25, 0.25, 0.25]]",single,1,"[1, 1, 1]",4.0,0.12142857142857143,"[0, 1, 2, 3, 4, 5, 6, 7, 8, 9, 10, 11, 12, 13, 14, 15, 16, 17, 18, 19, 20, 21, 22, 23, 24, 25, 26, 27, 28, 29, 30, 31, 32, 33, 34, 35, 36, 37, 38, 39, 40, 41, 42, 43, 44, 45, 46, 47, 48, 49, 50, 51, 52, 53, 54]",direct,[],2,0.2857142857142857,2,[3],[0],1
path_image_seed,Mg1,1,4,af202117df2c3a60,POSCAR_Mg1_base0001_direct_path0002_pimg002_seed004.vasp,,True,,[0],[0],['Mg'],"[[0.25, 0.25, 0.25]]",single,1,"[1, 1, 1]",4.0,0.15714285714285714,"[0, 1, 2, 3, 4, 5, 6, 7, 8, 9, 10, 11, 12, 13, 14, 15, 16, 17, 18, 19, 20, 21, 22, 23, 24, 25, 26, 27, 28, 29, 30, 31, 32, 33, 34, 35, 36, 37, 38, 39, 40, 41, 42, 43, 44, 45, 46, 47, 48, 49, 50, 51, 52, 53, 54]",direct,[],2,0.2857142857142857,2,[3],[0],1
path_image_seed,Mg1,1,5,af202117df2c3a60,POSCAR_Mg1_base0001_direct_path0002_pimg002_seed005.vasp,,True,,[0],[0],['Mg'],"[[0.25, 0.25, 0.25]]",single,1,"[1, 1, 1]",4.0,0.19285714285714284,"[0, 1, 2, 3, 4, 5, 6, 7, 8, 9, 10, 11, 12, 13, 14, 15, 16, 17, 18, 19, 20, 21, 22, 23, 24, 25, 26, 27, 28, 29, 30, 31, 32, 33, 34, 35, 36, 37, 38, 39, 40, 41, 42, 43, 44, 45, 46, 47, 48, 49, 50, 51, 52, 53, 54]",direct,[],2,0.2857142857142857,2,[3],[0],1
path_image_seed,Mg1,1,6,af202117df2c3a60,POSCAR_Mg1_base0001_direct_path0002_pimg002_seed006.vasp,,True,,[0],[0],['Mg'],"[[0.25, 0.25, 0.25]]",single,1,"[1, 1, 1]",4.0,0.22857142857142854,"[0, 1, 2, 3, 4, 5, 6, 7, 8, 9, 10, 11, 12, 13, 14, 15, 16, 17, 18, 19, 20, 21, 22, 23, 24, 25, 26, 27, 28, 29, 30, 31, 32, 33, 34, 35, 36, 37, 38, 39, 40, 41, 42, 43, 44, 45, 46, 47, 48, 49, 50, 51, 52, 53, 54]",direct,[],2,0.2857142857142857,2,[3],[0],1
path_image_seed,Mg1,1,7,af202117df2c3a60,POSCAR_Mg1_base0001_direct_path0002_pimg002_seed007.vasp,,True,,[0],[0],['Mg'],"[[0.25, 0.25, 0.25]]",single,1,"[1, 1, 1]",4.0,0.2642857142857143,"[0, 1, 2, 3, 4, 5, 6, 7, 8, 9, 10, 11, 12, 13, 14, 15, 16, 17, 18, 19, 20, 21, 22, 23, 24, 25, 26, 27, 28, 29, 30, 31, 32, 33, 34, 35, 36, 37, 38, 39, 40, 41, 42, 43, 44, 45, 46, 47, 48, 49, 50, 51, 52, 53, 54]",direct,[],2,0.2857142857142857,2,[3],[0],1
path_image_seed,Mg1,1,8,af202117df2c3a60,POSCAR_Mg1_base0001_direct_path0002_pimg002_seed008.vasp,,True,,[0],[0],['Mg'],"[[0.25, 0.25, 0.25]]",single,1,"[1, 1, 1]",4.0,0.3,"[0, 1, 2, 3, 4, 5, 6, 7, 8, 9, 10, 11, 12, 13, 14, 15, 16, 17, 18, 19, 20, 21, 22, 23, 24, 25, 26, 27, 28, 29, 30, 31, 32, 33, 34, 35, 36, 37, 38, 39, 40, 41, 42, 43, 44, 45, 46, 47, 48, 49, 50, 51, 52, 53, 54]",direct,[],2,0.2857142857142857,2,[3],[0],1
path_image,Mg1,1,,af202117df2c3a60,POSCAR_Mg1_base0001_direct_path0002_pimg003.vasp,,True,,[0],[0],['Mg'],"[[0.25, 0.25, 0.25]]",single,1,"[1, 1, 1]",,,[],direct,[],2,0.42857142857142855,,[3],[0],1
path_image_seed,Mg1,1,1,af202117df2c3a60,POSCAR_Mg1_base0001_direct_path0002_pimg003_seed001.vasp,,True,,[0],[0],['Mg'],"[[0.25, 0.25, 0.25]]",single,1,"[1, 1, 1]",4.0,0.05,"[0, 1, 2, 3, 4, 5, 6, 7, 8, 9, 10, 11, 12, 13, 14, 15, 16, 17, 18, 19, 20, 21, 22, 23, 24, 25, 26, 27, 28, 29, 30, 31, 32, 33, 34, 35, 36, 37, 38, 39, 40, 41, 42, 43, 44, 45, 46, 47, 48, 49, 50, 51, 52, 53, 54]",direct,[],2,0.42857142857142855,3,[3],[0],1
path_image_seed,Mg1,1,2,af202117df2c3a60,POSCAR_Mg1_base0001_direct_path0002_pimg003_seed002.vasp,,True,,[0],[0],['Mg'],"[[0.25, 0.25, 0.25]]",single,1,"[1, 1, 1]",4.0,0.08571428571428572,"[0, 1, 2, 3, 4, 5, 6, 7, 8, 9, 10, 11, 12, 13, 14, 15, 16, 17, 18, 19, 20, 21, 22, 23, 24, 25, 26, 27, 28, 29, 30, 31, 32, 33, 34, 35, 36, 37, 38, 39, 40, 41, 42, 43, 44, 45, 46, 47, 48, 49, 50, 51, 52, 53, 54]",direct,[],2,0.42857142857142855,3,[3],[0],1
path_image_seed,Mg1,1,3,af202117df2c3a60,POSCAR_Mg1_base0001_direct_path0002_pimg003_seed003.vasp,,True,,[0],[0],['Mg'],"[[0.25, 0.25, 0.25]]",single,1,"[1, 1, 1]",4.0,0.12142857142857143,"[0, 1, 2, 3, 4, 5, 6, 7, 8, 9, 10, 11, 12, 13, 14, 15, 16, 17, 18, 19, 20, 21, 22, 23, 24, 25, 26, 27, 28, 29, 30, 31, 32, 33, 34, 35, 36, 37, 38, 39, 40, 41, 42, 43, 44, 45, 46, 47, 48, 49, 50, 51, 52, 53, 54]",direct,[],2,0.42857142857142855,3,[3],[0],1
path_image_seed,Mg1,1,4,af202117df2c3a60,POSCAR_Mg1_base0001_direct_path0002_pimg003_seed004.vasp,,True,,[0],[0],['Mg'],"[[0.25, 0.25, 0.25]]",single,1,"[1, 1, 1]",4.0,0.15714285714285714,"[0, 1, 2, 3, 4, 5, 6, 7, 8, 9, 10, 11, 12, 13, 14, 15, 16, 17, 18, 19, 20, 21, 22, 23, 24, 25, 26, 27, 28, 29, 30, 31, 32, 33, 34, 35, 36, 37, 38, 39, 40, 41, 42, 43, 44, 45, 46, 47, 48, 49, 50, 51, 52, 53, 54]",direct,[],2,0.42857142857142855,3,[3],[0],1
path_image_seed,Mg1,1,5,af202117df2c3a60,POSCAR_Mg1_base0001_direct_path0002_pimg003_seed005.vasp,,True,,[0],[0],['Mg'],"[[0.25, 0.25, 0.25]]",single,1,"[1, 1, 1]",4.0,0.19285714285714284,"[0, 1, 2, 3, 4, 5, 6, 7, 8, 9, 10, 11, 12, 13, 14, 15, 16, 17, 18, 19, 20, 21, 22, 23, 24, 25, 26, 27, 28, 29, 30, 31, 32, 33, 34, 35, 36, 37, 38, 39, 40, 41, 42, 43, 44, 45, 46, 47, 48, 49, 50, 51, 52, 53, 54]",direct,[],2,0.42857142857142855,3,[3],[0],1
path_image_seed,Mg1,1,6,af202117df2c3a60,POSCAR_Mg1_base0001_direct_path0002_pimg003_seed006.vasp,,True,,[0],[0],['Mg'],"[[0.25, 0.25, 0.25]]",single,1,"[1, 1, 1]",4.0,0.22857142857142854,"[0, 1, 2, 3, 4, 5, 6, 7, 8, 9, 10, 11, 12, 13, 14, 15, 16, 17, 18, 19, 20, 21, 22, 23, 24, 25, 26, 27, 28, 29, 30, 31, 32, 33, 34, 35, 36, 37, 38, 39, 40, 41, 42, 43, 44, 45, 46, 47, 48, 49, 50, 51, 52, 53, 54]",direct,[],2,0.42857142857142855,3,[3],[0],1
path_image_seed,Mg1,1,7,af202117df2c3a60,POSCAR_Mg1_base0001_direct_path0002_pimg003_seed007.vasp,,True,,[0],[0],['Mg'],"[[0.25, 0.25, 0.25]]",single,1,"[1, 1, 1]",4.0,0.2642857142857143,"[0, 1, 2, 3, 4, 5, 6, 7, 8, 9, 10, 11, 12, 13, 14, 15, 16, 17, 18, 19, 20, 21, 22, 23, 24, 25, 26, 27, 28, 29, 30, 31, 32, 33, 34, 35, 36, 37, 38, 39, 40, 41, 42, 43, 44, 45, 46, 47, 48, 49, 50, 51, 52, 53, 54]",direct,[],2,0.42857142857142855,3,[3],[0],1
path_image_seed,Mg1,1,8,af202117df2c3a60,POSCAR_Mg1_base0001_direct_path0002_pimg003_seed008.vasp,,True,,[0],[0],['Mg'],"[[0.25, 0.25, 0.25]]",single,1,"[1, 1, 1]",4.0,0.3,"[0, 1, 2, 3, 4, 5, 6, 7, 8, 9, 10, 11, 12, 13, 14, 15, 16, 17, 18, 19, 20, 21, 22, 23, 24, 25, 26, 27, 28, 29, 30, 31, 32, 33, 34, 35, 36, 37, 38, 39, 40, 41, 42, 43, 44, 45, 46, 47, 48, 49, 50, 51, 52, 53, 54]",direct,[],2,0.42857142857142855,3,[3],[0],1
path_image,Mg1,1,,af202117df2c3a60,POSCAR_Mg1_base0001_direct_path0002_pimg004.vasp,,True,,[0],[0],['Mg'],"[[0.25, 0.25, 0.25]]",single,1,"[1, 1, 1]",,,[],direct,[],2,0.5714285714285714,,[3],[0],1
path_image_seed,Mg1,1,1,af202117df2c3a60,POSCAR_Mg1_base0001_direct_path0002_pimg004_seed001.vasp,,True,,[0],[0],['Mg'],"[[0.25, 0.25, 0.25]]",single,1,"[1, 1, 1]",4.0,0.05,"[0, 1, 2, 3, 4, 5, 6, 7, 8, 9, 10, 11, 12, 13, 14, 15, 16, 17, 18, 19, 20, 21, 22, 23, 24, 25, 26, 27, 28, 29, 30, 31, 32, 33, 34, 35, 36, 37, 38, 39, 40, 41, 42, 43, 44, 45, 46, 47, 48, 49, 50, 51, 52, 53, 54]",direct,[],2,0.5714285714285714,4,[3],[0],1
path_image_seed,Mg1,1,2,af202117df2c3a60,POSCAR_Mg1_base0001_direct_path0002_pimg004_seed002.vasp,,True,,[0],[0],['Mg'],"[[0.25, 0.25, 0.25]]",single,1,"[1, 1, 1]",4.0,0.08571428571428572,"[0, 1, 2, 3, 4, 5, 6, 7, 8, 9, 10, 11, 12, 13, 14, 15, 16, 17, 18, 19, 20, 21, 22, 23, 24, 25, 26, 27, 28, 29, 30, 31, 32, 33, 34, 35, 36, 37, 38, 39, 40, 41, 42, 43, 44, 45, 46, 47, 48, 49, 50, 51, 52, 53, 54]",direct,[],2,0.5714285714285714,4,[3],[0],1
path_image_seed,Mg1,1,3,af202117df2c3a60,POSCAR_Mg1_base0001_direct_path0002_pimg004_seed003.vasp,,True,,[0],[0],['Mg'],"[[0.25, 0.25, 0.25]]",single,1,"[1, 1, 1]",4.0,0.12142857142857143,"[0, 1, 2, 3, 4, 5, 6, 7, 8, 9, 10, 11, 12, 13, 14, 15, 16, 17, 18, 19, 20, 21, 22, 23, 24, 25, 26, 27, 28, 29, 30, 31, 32, 33, 34, 35, 36, 37, 38, 39, 40, 41, 42, 43, 44, 45, 46, 47, 48, 49, 50, 51, 52, 53, 54]",direct,[],2,0.5714285714285714,4,[3],[0],1
path_image_seed,Mg1,1,4,af202117df2c3a60,POSCAR_Mg1_base0001_direct_path0002_pimg004_seed004.vasp,,True,,[0],[0],['Mg'],"[[0.25, 0.25, 0.25]]",single,1,"[1, 1, 1]",4.0,0.15714285714285714,"[0, 1, 2, 3, 4, 5, 6, 7, 8, 9, 10, 11, 12, 13, 14, 15, 16, 17, 18, 19, 20, 21, 22, 23, 24, 25, 26, 27, 28, 29, 30, 31, 32, 33, 34, 35, 36, 37, 38, 39, 40, 41, 42, 43, 44, 45, 46, 47, 48, 49, 50, 51, 52, 53, 54]",direct,[],2,0.5714285714285714,4,[3],[0],1
path_image_seed,Mg1,1,5,af202117df2c3a60,POSCAR_Mg1_base0001_direct_path0002_pimg004_seed005.vasp,,True,,[0],[0],['Mg'],"[[0.25, 0.25, 0.25]]",single,1,"[1, 1, 1]",4.0,0.19285714285714284,"[0, 1, 2, 3, 4, 5, 6, 7, 8, 9, 10, 11, 12, 13, 14, 15, 16, 17, 18, 19, 20, 21, 22, 23, 24, 25, 26, 27, 28, 29, 30, 31, 32, 33, 34, 35, 36, 37, 38, 39, 40, 41, 42, 43, 44, 45, 46, 47, 48, 49, 50, 51, 52, 53, 54]",direct,[],2,0.5714285714285714,4,[3],[0],1
path_image_seed,Mg1,1,6,af202117df2c3a60,POSCAR_Mg1_base0001_direct_path0002_pimg004_seed006.vasp,,True,,[0],[0],['Mg'],"[[0.25, 0.25, 0.25]]",single,1,"[1, 1, 1]",4.0,0.22857142857142854,"[0, 1, 2, 3, 4, 5, 6, 7, 8, 9, 10, 11, 12, 13, 14, 15, 16, 17, 18, 19, 20, 21, 22, 23, 24, 25, 26, 27, 28, 29, 30, 31, 32, 33, 34, 35, 36, 37, 38, 39, 40, 41, 42, 43, 44, 45, 46, 47, 48, 49, 50, 51, 52, 53, 54]",direct,[],2,0.5714285714285714,4,[3],[0],1
path_image_seed,Mg1,1,7,af202117df2c3a60,POSCAR_Mg1_base0001_direct_path0002_pimg004_seed007.vasp,,True,,[0],[0],['Mg'],"[[0.25, 0.25, 0.25]]",single,1,"[1, 1, 1]",4.0,0.2642857142857143,"[0, 1, 2, 3, 4, 5, 6, 7, 8, 9, 10, 11, 12, 13, 14, 15, 16, 17, 18, 19, 20, 21, 22, 23, 24, 25, 26, 27, 28, 29, 30, 31, 32, 33, 34, 35, 36, 37, 38, 39, 40, 41, 42, 43, 44, 45, 46, 47, 48, 49, 50, 51, 52, 53, 54]",direct,[],2,0.5714285714285714,4,[3],[0],1
path_image_seed,Mg1,1,8,af202117df2c3a60,POSCAR_Mg1_base0001_direct_path0002_pimg004_seed008.vasp,,True,,[0],[0],['Mg'],"[[0.25, 0.25, 0.25]]",single,1,"[1, 1, 1]",4.0,0.3,"[0, 1, 2, 3, 4, 5, 6, 7, 8, 9, 10, 11, 12, 13, 14, 15, 16, 17, 18, 19, 20, 21, 22, 23, 24, 25, 26, 27, 28, 29, 30, 31, 32, 33, 34, 35, 36, 37, 38, 39, 40, 41, 42, 43, 44, 45, 46, 47, 48, 49, 50, 51, 52, 53, 54]",direct,[],2,0.5714285714285714,4,[3],[0],1
path_image,Mg1,1,,af202117df2c3a60,POSCAR_Mg1_base0001_direct_path0002_pimg005.vasp,,True,,[0],[0],['Mg'],"[[0.25, 0.25, 0.25]]",single,1,"[1, 1, 1]",,,[],direct,[],2,0.7142857142857142,,[3],[0],1
path_image_seed,Mg1,1,1,af202117df2c3a60,POSCAR_Mg1_base0001_direct_path0002_pimg005_seed001.vasp,,True,,[0],[0],['Mg'],"[[0.25, 0.25, 0.25]]",single,1,"[1, 1, 1]",4.0,0.05,"[0, 1, 2, 3, 4, 5, 6, 7, 8, 9, 10, 11, 12, 13, 14, 15, 16, 17, 18, 19, 20, 21, 22, 23, 24, 25, 26, 27, 28, 29, 30, 31, 32, 33, 34, 35, 36, 37, 38, 39, 40, 41, 42, 43, 44, 45, 46, 47, 48, 49, 50, 51, 52, 53, 54]",direct,[],2,0.7142857142857142,5,[3],[0],1
path_image_seed,Mg1,1,2,af202117df2c3a60,POSCAR_Mg1_base0001_direct_path0002_pimg005_seed002.vasp,,True,,[0],[0],['Mg'],"[[0.25, 0.25, 0.25]]",single,1,"[1, 1, 1]",4.0,0.08571428571428572,"[0, 1, 2, 3, 4, 5, 6, 7, 8, 9, 10, 11, 12, 13, 14, 15, 16, 17, 18, 19, 20, 21, 22, 23, 24, 25, 26, 27, 28, 29, 30, 31, 32, 33, 34, 35, 36, 37, 38, 39, 40, 41, 42, 43, 44, 45, 46, 47, 48, 49, 50, 51, 52, 53, 54]",direct,[],2,0.7142857142857142,5,[3],[0],1
path_image_seed,Mg1,1,3,af202117df2c3a60,POSCAR_Mg1_base0001_direct_path0002_pimg005_seed003.vasp,,True,,[0],[0],['Mg'],"[[0.25, 0.25, 0.25]]",single,1,"[1, 1, 1]",4.0,0.12142857142857143,"[0, 1, 2, 3, 4, 5, 6, 7, 8, 9, 10, 11, 12, 13, 14, 15, 16, 17, 18, 19, 20, 21, 22, 23, 24, 25, 26, 27, 28, 29, 30, 31, 32, 33, 34, 35, 36, 37, 38, 39, 40, 41, 42, 43, 44, 45, 46, 47, 48, 49, 50, 51, 52, 53, 54]",direct,[],2,0.7142857142857142,5,[3],[0],1
path_image_seed,Mg1,1,4,af202117df2c3a60,POSCAR_Mg1_base0001_direct_path0002_pimg005_seed004.vasp,,True,,[0],[0],['Mg'],"[[0.25, 0.25, 0.25]]",single,1,"[1, 1, 1]",4.0,0.15714285714285714,"[0, 1, 2, 3, 4, 5, 6, 7, 8, 9, 10, 11, 12, 13, 14, 15, 16, 17, 18, 19, 20, 21, 22, 23, 24, 25, 26, 27, 28, 29, 30, 31, 32, 33, 34, 35, 36, 37, 38, 39, 40, 41, 42, 43, 44, 45, 46, 47, 48, 49, 50, 51, 52, 53, 54]",direct,[],2,0.7142857142857142,5,[3],[0],1
path_image_seed,Mg1,1,5,af202117df2c3a60,POSCAR_Mg1_base0001_direct_path0002_pimg005_seed005.vasp,,True,,[0],[0],['Mg'],"[[0.25, 0.25, 0.25]]",single,1,"[1, 1, 1]",4.0,0.19285714285714284,"[0, 1, 2, 3, 4, 5, 6, 7, 8, 9, 10, 11, 12, 13, 14, 15, 16, 17, 18, 19, 20, 21, 22, 23, 24, 25, 26, 27, 28, 29, 30, 31, 32, 33, 34, 35, 36, 37, 38, 39, 40, 41, 42, 43, 44, 45, 46, 47, 48, 49, 50, 51, 52, 53, 54]",direct,[],2,0.7142857142857142,5,[3],[0],1
path_image_seed,Mg1,1,6,af202117df2c3a60,POSCAR_Mg1_base0001_direct_path0002_pimg005_seed006.vasp,,True,,[0],[0],['Mg'],"[[0.25, 0.25, 0.25]]",single,1,"[1, 1, 1]",4.0,0.22857142857142854,"[0, 1, 2, 3, 4, 5, 6, 7, 8, 9, 10, 11, 12, 13, 14, 15, 16, 17, 18, 19, 20, 21, 22, 23, 24, 25, 26, 27, 28, 29, 30, 31, 32, 33, 34, 35, 36, 37, 38, 39, 40, 41, 42, 43, 44, 45, 46, 47, 48, 49, 50, 51, 52, 53, 54]",direct,[],2,0.7142857142857142,5,[3],[0],1
path_image_seed,Mg1,1,7,af202117df2c3a60,POSCAR_Mg1_base0001_direct_path0002_pimg005_seed007.vasp,,True,,[0],[0],['Mg'],"[[0.25, 0.25, 0.25]]",single,1,"[1, 1, 1]",4.0,0.2642857142857143,"[0, 1, 2, 3, 4, 5, 6, 7, 8, 9, 10, 11, 12, 13, 14, 15, 16, 17, 18, 19, 20, 21, 22, 23, 24, 25, 26, 27, 28, 29, 30, 31, 32, 33, 34, 35, 36, 37, 38, 39, 40, 41, 42, 43, 44, 45, 46, 47, 48, 49, 50, 51, 52, 53, 54]",direct,[],2,0.7142857142857142,5,[3],[0],1
path_image_seed,Mg1,1,8,af202117df2c3a60,POSCAR_Mg1_base0001_direct_path0002_pimg005_seed008.vasp,,True,,[0],[0],['Mg'],"[[0.25, 0.25, 0.25]]",single,1,"[1, 1, 1]",4.0,0.3,"[0, 1, 2, 3, 4, 5, 6, 7, 8, 9, 10, 11, 12, 13, 14, 15, 16, 17, 18, 19, 20, 21, 22, 23, 24, 25, 26, 27, 28, 29, 30, 31, 32, 33, 34, 35, 36, 37, 38, 39, 40, 41, 42, 43, 44, 45, 46, 47, 48, 49, 50, 51, 52, 53, 54]",direct,[],2,0.7142857142857142,5,[3],[0],1
path_image,Mg1,1,,af202117df2c3a60,POSCAR_Mg1_base0001_direct_path0002_pimg006.vasp,,True,,[0],[0],['Mg'],"[[0.25, 0.25, 0.25]]",single,1,"[1, 1, 1]",,,[],direct,[],2,0.8571428571428571,,[3],[0],1
path_image_seed,Mg1,1,1,af202117df2c3a60,POSCAR_Mg1_base0001_direct_path0002_pimg006_seed001.vasp,,True,,[0],[0],['Mg'],"[[0.25, 0.25, 0.25]]",single,1,"[1, 1, 1]",4.0,0.05,"[0, 1, 2, 3, 4, 5, 6, 7, 8, 9, 10, 11, 12, 13, 14, 15, 16, 17, 18, 19, 20, 21, 22, 23, 24, 25, 26, 27, 28, 29, 30, 31, 32, 33, 34, 35, 36, 37, 38, 39, 40, 41, 42, 43, 44, 45, 46, 47, 48, 49, 50, 51, 52, 53, 54]",direct,[],2,0.8571428571428571,6,[3],[0],1
path_image_seed,Mg1,1,2,af202117df2c3a60,POSCAR_Mg1_base0001_direct_path0002_pimg006_seed002.vasp,,True,,[0],[0],['Mg'],"[[0.25, 0.25, 0.25]]",single,1,"[1, 1, 1]",4.0,0.08571428571428572,"[0, 1, 2, 3, 4, 5, 6, 7, 8, 9, 10, 11, 12, 13, 14, 15, 16, 17, 18, 19, 20, 21, 22, 23, 24, 25, 26, 27, 28, 29, 30, 31, 32, 33, 34, 35, 36, 37, 38, 39, 40, 41, 42, 43, 44, 45, 46, 47, 48, 49, 50, 51, 52, 53, 54]",direct,[],2,0.8571428571428571,6,[3],[0],1
path_image_seed,Mg1,1,3,af202117df2c3a60,POSCAR_Mg1_base0001_direct_path0002_pimg006_seed003.vasp,,True,,[0],[0],['Mg'],"[[0.25, 0.25, 0.25]]",single,1,"[1, 1, 1]",4.0,0.12142857142857143,"[0, 1, 2, 3, 4, 5, 6, 7, 8, 9, 10, 11, 12, 13, 14, 15, 16, 17, 18, 19, 20, 21, 22, 23, 24, 25, 26, 27, 28, 29, 30, 31, 32, 33, 34, 35, 36, 37, 38, 39, 40, 41, 42, 43, 44, 45, 46, 47, 48, 49, 50, 51, 52, 53, 54]",direct,[],2,0.8571428571428571,6,[3],[0],1
path_image_seed,Mg1,1,4,af202117df2c3a60,POSCAR_Mg1_base0001_direct_path0002_pimg006_seed004.vasp,,True,,[0],[0],['Mg'],"[[0.25, 0.25, 0.25]]",single,1,"[1, 1, 1]",4.0,0.15714285714285714,"[0, 1, 2, 3, 4, 5, 6, 7, 8, 9, 10, 11, 12, 13, 14, 15, 16, 17, 18, 19, 20, 21, 22, 23, 24, 25, 26, 27, 28, 29, 30, 31, 32, 33, 34, 35, 36, 37, 38, 39, 40, 41, 42, 43, 44, 45, 46, 47, 48, 49, 50, 51, 52, 53, 54]",direct,[],2,0.8571428571428571,6,[3],[0],1
path_image_seed,Mg1,1,5,af202117df2c3a60,POSCAR_Mg1_base0001_direct_path0002_pimg006_seed005.vasp,,True,,[0],[0],['Mg'],"[[0.25, 0.25, 0.25]]",single,1,"[1, 1, 1]",4.0,0.19285714285714284,"[0, 1, 2, 3, 4, 5, 6, 7, 8, 9, 10, 11, 12, 13, 14, 15, 16, 17, 18, 19, 20, 21, 22, 23, 24, 25, 26, 27, 28, 29, 30, 31, 32, 33, 34, 35, 36, 37, 38, 39, 40, 41, 42, 43, 44, 45, 46, 47, 48, 49, 50, 51, 52, 53, 54]",direct,[],2,0.8571428571428571,6,[3],[0],1
path_image_seed,Mg1,1,6,af202117df2c3a60,POSCAR_Mg1_base0001_direct_path0002_pimg006_seed006.vasp,,True,,[0],[0],['Mg'],"[[0.25, 0.25, 0.25]]",single,1,"[1, 1, 1]",4.0,0.22857142857142854,"[0, 1, 2, 3, 4, 5, 6, 7, 8, 9, 10, 11, 12, 13, 14, 15, 16, 17, 18, 19, 20, 21, 22, 23, 24, 25, 26, 27, 28, 29, 30, 31, 32, 33, 34, 35, 36, 37, 38, 39, 40, 41, 42, 43, 44, 45, 46, 47, 48, 49, 50, 51, 52, 53, 54]",direct,[],2,0.8571428571428571,6,[3],[0],1
path_image_seed,Mg1,1,7,af202117df2c3a60,POSCAR_Mg1_base0001_direct_path0002_pimg006_seed007.vasp,,True,,[0],[0],['Mg'],"[[0.25, 0.25, 0.25]]",single,1,"[1, 1, 1]",4.0,0.2642857142857143,"[0, 1, 2, 3, 4, 5, 6, 7, 8, 9, 10, 11, 12, 13, 14, 15, 16, 17, 18, 19, 20, 21, 22, 23, 24, 25, 26, 27, 28, 29, 30, 31, 32, 33, 34, 35, 36, 37, 38, 39, 40, 41, 42, 43, 44, 45, 46, 47, 48, 49, 50, 51, 52, 53, 54]",direct,[],2,0.8571428571428571,6,[3],[0],1
path_image_seed,Mg1,1,8,af202117df2c3a60,POSCAR_Mg1_base0001_direct_path0002_pimg006_seed008.vasp,,True,,[0],[0],['Mg'],"[[0.25, 0.25, 0.25]]",single,1,"[1, 1, 1]",4.0,0.3,"[0, 1, 2, 3, 4, 5, 6, 7, 8, 9, 10, 11, 12, 13, 14, 15, 16, 17, 18, 19, 20, 21, 22, 23, 24, 25, 26, 27, 28, 29, 30, 31, 32, 33, 34, 35, 36, 37, 38, 39, 40, 41, 42, 43, 44, 45, 46, 47, 48, 49, 50, 51, 52, 53, 54]",direct,[],2,0.8571428571428571,6,[3],[0],1
path_end,Mg1,1,,af202117df2c3a60,POSCAR_Mg1_base0001_direct_path0002_pimg007.vasp,,True,,[0],[0],['Mg'],"[[0.25, 0.25, 0.25]]",single,1,"[1, 1, 1]",,,[],direct,[],2,1.0,,[3],[0],1
path_end_seed,Mg1,1,1,af202117df2c3a60,POSCAR_Mg1_base0001_direct_path0002_pimg007_seed001.vasp,,True,,[0],[0],['Mg'],"[[0.25, 0.25, 0.25]]",single,1,"[1, 1, 1]",4.0,0.05,"[0, 1, 2, 3, 4, 5, 6, 7, 8, 9, 10, 11, 12, 13, 14, 15, 16, 17, 18, 19, 20, 21, 22, 23, 24, 25, 26, 27, 28, 29, 30, 31, 32, 33, 34, 35, 36, 37, 38, 39, 40, 41, 42, 43, 44, 45, 46, 47, 48, 49, 50, 51, 52, 53, 54]",direct,[],2,1.0,7,[3],[0],1
path_end_seed,Mg1,1,2,af202117df2c3a60,POSCAR_Mg1_base0001_direct_path0002_pimg007_seed002.vasp,,True,,[0],[0],['Mg'],"[[0.25, 0.25, 0.25]]",single,1,"[1, 1, 1]",4.0,0.08571428571428572,"[0, 1, 2, 3, 4, 5, 6, 7, 8, 9, 10, 11, 12, 13, 14, 15, 16, 17, 18, 19, 20, 21, 22, 23, 24, 25, 26, 27, 28, 29, 30, 31, 32, 33, 34, 35, 36, 37, 38, 39, 40, 41, 42, 43, 44, 45, 46, 47, 48, 49, 50, 51, 52, 53, 54]",direct,[],2,1.0,7,[3],[0],1
path_end_seed,Mg1,1,3,af202117df2c3a60,POSCAR_Mg1_base0001_direct_path0002_pimg007_seed003.vasp,,True,,[0],[0],['Mg'],"[[0.25, 0.25, 0.25]]",single,1,"[1, 1, 1]",4.0,0.12142857142857143,"[0, 1, 2, 3, 4, 5, 6, 7, 8, 9, 10, 11, 12, 13, 14, 15, 16, 17, 18, 19, 20, 21, 22, 23, 24, 25, 26, 27, 28, 29, 30, 31, 32, 33, 34, 35, 36, 37, 38, 39, 40, 41, 42, 43, 44, 45, 46, 47, 48, 49, 50, 51, 52, 53, 54]",direct,[],2,1.0,7,[3],[0],1
path_end_seed,Mg1,1,4,af202117df2c3a60,POSCAR_Mg1_base0001_direct_path0002_pimg007_seed004.vasp,,True,,[0],[0],['Mg'],"[[0.25, 0.25, 0.25]]",single,1,"[1, 1, 1]",4.0,0.15714285714285714,"[0, 1, 2, 3, 4, 5, 6, 7, 8, 9, 10, 11, 12, 13, 14, 15, 16, 17, 18, 19, 20, 21, 22, 23, 24, 25, 26, 27, 28, 29, 30, 31, 32, 33, 34, 35, 36, 37, 38, 39, 40, 41, 42, 43, 44, 45, 46, 47, 48, 49, 50, 51, 52, 53, 54]",direct,[],2,1.0,7,[3],[0],1
path_end_seed,Mg1,1,5,af202117df2c3a60,POSCAR_Mg1_base0001_direct_path0002_pimg007_seed005.vasp,,True,,[0],[0],['Mg'],"[[0.25, 0.25, 0.25]]",single,1,"[1, 1, 1]",4.0,0.19285714285714284,"[0, 1, 2, 3, 4, 5, 6, 7, 8, 9, 10, 11, 12, 13, 14, 15, 16, 17, 18, 19, 20, 21, 22, 23, 24, 25, 26, 27, 28, 29, 30, 31, 32, 33, 34, 35, 36, 37, 38, 39, 40, 41, 42, 43, 44, 45, 46, 47, 48, 49, 50, 51, 52, 53, 54]",direct,[],2,1.0,7,[3],[0],1
path_end_seed,Mg1,1,6,af202117df2c3a60,POSCAR_Mg1_base0001_direct_path0002_pimg007_seed006.vasp,,True,,[0],[0],['Mg'],"[[0.25, 0.25, 0.25]]",single,1,"[1, 1, 1]",4.0,0.22857142857142854,"[0, 1, 2, 3, 4, 5, 6, 7, 8, 9, 10, 11, 12, 13, 14, 15, 16, 17, 18, 19, 20, 21, 22, 23, 24, 25, 26, 27, 28, 29, 30, 31, 32, 33, 34, 35, 36, 37, 38, 39, 40, 41, 42, 43, 44, 45, 46, 47, 48, 49, 50, 51, 52, 53, 54]",direct,[],2,1.0,7,[3],[0],1
path_end_seed,Mg1,1,7,af202117df2c3a60,POSCAR_Mg1_base0001_direct_path0002_pimg007_seed007.vasp,,True,,[0],[0],['Mg'],"[[0.25, 0.25, 0.25]]",single,1,"[1, 1, 1]",4.0,0.2642857142857143,"[0, 1, 2, 3, 4, 5, 6, 7, 8, 9, 10, 11, 12, 13, 14, 15, 16, 17, 18, 19, 20, 21, 22, 23, 24, 25, 26, 27, 28, 29, 30, 31, 32, 33, 34, 35, 36, 37, 38, 39, 40, 41, 42, 43, 44, 45, 46, 47, 48, 49, 50, 51, 52, 53, 54]",direct,[],2,1.0,7,[3],[0],1
path_end_seed,Mg1,1,8,af202117df2c3a60,POSCAR_Mg1_base0001_direct_path0002_pimg007_seed008.vasp,,True,,[0],[0],['Mg'],"[[0.25, 0.25, 0.25]]",single,1,"[1, 1, 1]",4.0,0.3,"[0, 1, 2, 3, 4, 5, 6, 7, 8, 9, 10, 11, 12, 13, 14, 15, 16, 17, 18, 19, 20, 21, 22, 23, 24, 25, 26, 27, 28, 29, 30, 31, 32, 33, 34, 35, 36, 37, 38, 39, 40, 41, 42, 43, 44, 45, 46, 47, 48, 49, 50, 51, 52, 53, 54]",direct,[],2,1.0,7,[3],[0],1
path_start,Mg1,1,,af202117df2c3a60,POSCAR_Mg1_base0001_direct_path0003_pimg000.vasp,,True,,[0],[0],['Mg'],"[[0.25, 0.25, 0.25]]",single,1,"[1, 1, 1]",,,[],direct,[],3,0.0,,[5],[0],1
path_start_seed,Mg1,1,1,af202117df2c3a60,POSCAR_Mg1_base0001_direct_path0003_pimg000_seed001.vasp,,True,,[0],[0],['Mg'],"[[0.25, 0.25, 0.25]]",single,1,"[1, 1, 1]",4.0,0.05,"[0, 1, 2, 3, 4, 5, 6, 7, 8, 9, 10, 11, 12, 13, 14, 15, 16, 17, 18, 19, 20, 21, 22, 23, 24, 25, 26, 27, 28, 29, 30, 31, 32, 33, 34, 35, 36, 37, 38, 39, 40, 41, 42, 43, 44, 45, 46, 47, 48, 49, 50, 51, 52, 53, 54]",direct,[],3,0.0,0,[5],[0],1
path_start_seed,Mg1,1,2,af202117df2c3a60,POSCAR_Mg1_base0001_direct_path0003_pimg000_seed002.vasp,,True,,[0],[0],['Mg'],"[[0.25, 0.25, 0.25]]",single,1,"[1, 1, 1]",4.0,0.08571428571428572,"[0, 1, 2, 3, 4, 5, 6, 7, 8, 9, 10, 11, 12, 13, 14, 15, 16, 17, 18, 19, 20, 21, 22, 23, 24, 25, 26, 27, 28, 29, 30, 31, 32, 33, 34, 35, 36, 37, 38, 39, 40, 41, 42, 43, 44, 45, 46, 47, 48, 49, 50, 51, 52, 53, 54]",direct,[],3,0.0,0,[5],[0],1
path_start_seed,Mg1,1,3,af202117df2c3a60,POSCAR_Mg1_base0001_direct_path0003_pimg000_seed003.vasp,,True,,[0],[0],['Mg'],"[[0.25, 0.25, 0.25]]",single,1,"[1, 1, 1]",4.0,0.12142857142857143,"[0, 1, 2, 3, 4, 5, 6, 7, 8, 9, 10, 11, 12, 13, 14, 15, 16, 17, 18, 19, 20, 21, 22, 23, 24, 25, 26, 27, 28, 29, 30, 31, 32, 33, 34, 35, 36, 37, 38, 39, 40, 41, 42, 43, 44, 45, 46, 47, 48, 49, 50, 51, 52, 53, 54]",direct,[],3,0.0,0,[5],[0],1
path_start_seed,Mg1,1,4,af202117df2c3a60,POSCAR_Mg1_base0001_direct_path0003_pimg000_seed004.vasp,,True,,[0],[0],['Mg'],"[[0.25, 0.25, 0.25]]",single,1,"[1, 1, 1]",4.0,0.15714285714285714,"[0, 1, 2, 3, 4, 5, 6, 7, 8, 9, 10, 11, 12, 13, 14, 15, 16, 17, 18, 19, 20, 21, 22, 23, 24, 25, 26, 27, 28, 29, 30, 31, 32, 33, 34, 35, 36, 37, 38, 39, 40, 41, 42, 43, 44, 45, 46, 47, 48, 49, 50, 51, 52, 53, 54]",direct,[],3,0.0,0,[5],[0],1
path_start_seed,Mg1,1,5,af202117df2c3a60,POSCAR_Mg1_base0001_direct_path0003_pimg000_seed005.vasp,,True,,[0],[0],['Mg'],"[[0.25, 0.25, 0.25]]",single,1,"[1, 1, 1]",4.0,0.19285714285714284,"[0, 1, 2, 3, 4, 5, 6, 7, 8, 9, 10, 11, 12, 13, 14, 15, 16, 17, 18, 19, 20, 21, 22, 23, 24, 25, 26, 27, 28, 29, 30, 31, 32, 33, 34, 35, 36, 37, 38, 39, 40, 41, 42, 43, 44, 45, 46, 47, 48, 49, 50, 51, 52, 53, 54]",direct,[],3,0.0,0,[5],[0],1
path_start_seed,Mg1,1,6,af202117df2c3a60,POSCAR_Mg1_base0001_direct_path0003_pimg000_seed006.vasp,,True,,[0],[0],['Mg'],"[[0.25, 0.25, 0.25]]",single,1,"[1, 1, 1]",4.0,0.22857142857142854,"[0, 1, 2, 3, 4, 5, 6, 7, 8, 9, 10, 11, 12, 13, 14, 15, 16, 17, 18, 19, 20, 21, 22, 23, 24, 25, 26, 27, 28, 29, 30, 31, 32, 33, 34, 35, 36, 37, 38, 39, 40, 41, 42, 43, 44, 45, 46, 47, 48, 49, 50, 51, 52, 53, 54]",direct,[],3,0.0,0,[5],[0],1
path_start_seed,Mg1,1,7,af202117df2c3a60,POSCAR_Mg1_base0001_direct_path0003_pimg000_seed007.vasp,,True,,[0],[0],['Mg'],"[[0.25, 0.25, 0.25]]",single,1,"[1, 1, 1]",4.0,0.2642857142857143,"[0, 1, 2, 3, 4, 5, 6, 7, 8, 9, 10, 11, 12, 13, 14, 15, 16, 17, 18, 19, 20, 21, 22, 23, 24, 25, 26, 27, 28, 29, 30, 31, 32, 33, 34, 35, 36, 37, 38, 39, 40, 41, 42, 43, 44, 45, 46, 47, 48, 49, 50, 51, 52, 53, 54]",direct,[],3,0.0,0,[5],[0],1
path_start_seed,Mg1,1,8,af202117df2c3a60,POSCAR_Mg1_base0001_direct_path0003_pimg000_seed008.vasp,,True,,[0],[0],['Mg'],"[[0.25, 0.25, 0.25]]",single,1,"[1, 1, 1]",4.0,0.3,"[0, 1, 2, 3, 4, 5, 6, 7, 8, 9, 10, 11, 12, 13, 14, 15, 16, 17, 18, 19, 20, 21, 22, 23, 24, 25, 26, 27, 28, 29, 30, 31, 32, 33, 34, 35, 36, 37, 38, 39, 40, 41, 42, 43, 44, 45, 46, 47, 48, 49, 50, 51, 52, 53, 54]",direct,[],3,0.0,0,[5],[0],1
path_image,Mg1,1,,af202117df2c3a60,POSCAR_Mg1_base0001_direct_path0003_pimg001.vasp,,True,,[0],[0],['Mg'],"[[0.25, 0.25, 0.25]]",single,1,"[1, 1, 1]",,,[],direct,[],3,0.14285714285714285,,[5],[0],1
path_image_seed,Mg1,1,1,af202117df2c3a60,POSCAR_Mg1_base0001_direct_path0003_pimg001_seed001.vasp,,True,,[0],[0],['Mg'],"[[0.25, 0.25, 0.25]]",single,1,"[1, 1, 1]",4.0,0.05,"[0, 1, 2, 3, 4, 5, 6, 7, 8, 9, 10, 11, 12, 13, 14, 15, 16, 17, 18, 19, 20, 21, 22, 23, 24, 25, 26, 27, 28, 29, 30, 31, 32, 33, 34, 35, 36, 37, 38, 39, 40, 41, 42, 43, 44, 45, 46, 47, 48, 49, 50, 51, 52, 53, 54]",direct,[],3,0.14285714285714285,1,[5],[0],1
path_image_seed,Mg1,1,2,af202117df2c3a60,POSCAR_Mg1_base0001_direct_path0003_pimg001_seed002.vasp,,True,,[0],[0],['Mg'],"[[0.25, 0.25, 0.25]]",single,1,"[1, 1, 1]",4.0,0.08571428571428572,"[0, 1, 2, 3, 4, 5, 6, 7, 8, 9, 10, 11, 12, 13, 14, 15, 16, 17, 18, 19, 20, 21, 22, 23, 24, 25, 26, 27, 28, 29, 30, 31, 32, 33, 34, 35, 36, 37, 38, 39, 40, 41, 42, 43, 44, 45, 46, 47, 48, 49, 50, 51, 52, 53, 54]",direct,[],3,0.14285714285714285,1,[5],[0],1
path_image_seed,Mg1,1,3,af202117df2c3a60,POSCAR_Mg1_base0001_direct_path0003_pimg001_seed003.vasp,,True,,[0],[0],['Mg'],"[[0.25, 0.25, 0.25]]",single,1,"[1, 1, 1]",4.0,0.12142857142857143,"[0, 1, 2, 3, 4, 5, 6, 7, 8, 9, 10, 11, 12, 13, 14, 15, 16, 17, 18, 19, 20, 21, 22, 23, 24, 25, 26, 27, 28, 29, 30, 31, 32, 33, 34, 35, 36, 37, 38, 39, 40, 41, 42, 43, 44, 45, 46, 47, 48, 49, 50, 51, 52, 53, 54]",direct,[],3,0.14285714285714285,1,[5],[0],1
path_image_seed,Mg1,1,4,af202117df2c3a60,POSCAR_Mg1_base0001_direct_path0003_pimg001_seed004.vasp,,True,,[0],[0],['Mg'],"[[0.25, 0.25, 0.25]]",single,1,"[1, 1, 1]",4.0,0.15714285714285714,"[0, 1, 2, 3, 4, 5, 6, 7, 8, 9, 10, 11, 12, 13, 14, 15, 16, 17, 18, 19, 20, 21, 22, 23, 24, 25, 26, 27, 28, 29, 30, 31, 32, 33, 34, 35, 36, 37, 38, 39, 40, 41, 42, 43, 44, 45, 46, 47, 48, 49, 50, 51, 52, 53, 54]",direct,[],3,0.14285714285714285,1,[5],[0],1
path_image_seed,Mg1,1,5,af202117df2c3a60,POSCAR_Mg1_base0001_direct_path0003_pimg001_seed005.vasp,,True,,[0],[0],['Mg'],"[[0.25, 0.25, 0.25]]",single,1,"[1, 1, 1]",4.0,0.19285714285714284,"[0, 1, 2, 3, 4, 5, 6, 7, 8, 9, 10, 11, 12, 13, 14, 15, 16, 17, 18, 19, 20, 21, 22, 23, 24, 25, 26, 27, 28, 29, 30, 31, 32, 33, 34, 35, 36, 37, 38, 39, 40, 41, 42, 43, 44, 45, 46, 47, 48, 49, 50, 51, 52, 53, 54]",direct,[],3,0.14285714285714285,1,[5],[0],1
path_image_seed,Mg1,1,6,af202117df2c3a60,POSCAR_Mg1_base0001_direct_path0003_pimg001_seed006.vasp,,True,,[0],[0],['Mg'],"[[0.25, 0.25, 0.25]]",single,1,"[1, 1, 1]",4.0,0.22857142857142854,"[0, 1, 2, 3, 4, 5, 6, 7, 8, 9, 10, 11, 12, 13, 14, 15, 16, 17, 18, 19, 20, 21, 22, 23, 24, 25, 26, 27, 28, 29, 30, 31, 32, 33, 34, 35, 36, 37, 38, 39, 40, 41, 42, 43, 44, 45, 46, 47, 48, 49, 50, 51, 52, 53, 54]",direct,[],3,0.14285714285714285,1,[5],[0],1
path_image_seed,Mg1,1,7,af202117df2c3a60,POSCAR_Mg1_base0001_direct_path0003_pimg001_seed007.vasp,,True,,[0],[0],['Mg'],"[[0.25, 0.25, 0.25]]",single,1,"[1, 1, 1]",4.0,0.2642857142857143,"[0, 1, 2, 3, 4, 5, 6, 7, 8, 9, 10, 11, 12, 13, 14, 15, 16, 17, 18, 19, 20, 21, 22, 23, 24, 25, 26, 27, 28, 29, 30, 31, 32, 33, 34, 35, 36, 37, 38, 39, 40, 41, 42, 43, 44, 45, 46, 47, 48, 49, 50, 51, 52, 53, 54]",direct,[],3,0.14285714285714285,1,[5],[0],1
path_image_seed,Mg1,1,8,af202117df2c3a60,POSCAR_Mg1_base0001_direct_path0003_pimg001_seed008.vasp,,True,,[0],[0],['Mg'],"[[0.25, 0.25, 0.25]]",single,1,"[1, 1, 1]",4.0,0.3,"[0, 1, 2, 3, 4, 5, 6, 7, 8, 9, 10, 11, 12, 13, 14, 15, 16, 17, 18, 19, 20, 21, 22, 23, 24, 25, 26, 27, 28, 29, 30, 31, 32, 33, 34, 35, 36, 37, 38, 39, 40, 41, 42, 43, 44, 45, 46, 47, 48, 49, 50, 51, 52, 53, 54]",direct,[],3,0.14285714285714285,1,[5],[0],1
path_image,Mg1,1,,af202117df2c3a60,POSCAR_Mg1_base0001_direct_path0003_pimg002.vasp,,True,,[0],[0],['Mg'],"[[0.25, 0.25, 0.25]]",single,1,"[1, 1, 1]",,,[],direct,[],3,0.2857142857142857,,[5],[0],1
path_image_seed,Mg1,1,1,af202117df2c3a60,POSCAR_Mg1_base0001_direct_path0003_pimg002_seed001.vasp,,True,,[0],[0],['Mg'],"[[0.25, 0.25, 0.25]]",single,1,"[1, 1, 1]",4.0,0.05,"[0, 1, 2, 3, 4, 5, 6, 7, 8, 9, 10, 11, 12, 13, 14, 15, 16, 17, 18, 19, 20, 21, 22, 23, 24, 25, 26, 27, 28, 29, 30, 31, 32, 33, 34, 35, 36, 37, 38, 39, 40, 41, 42, 43, 44, 45, 46, 47, 48, 49, 50, 51, 52, 53, 54]",direct,[],3,0.2857142857142857,2,[5],[0],1
path_image_seed,Mg1,1,2,af202117df2c3a60,POSCAR_Mg1_base0001_direct_path0003_pimg002_seed002.vasp,,True,,[0],[0],['Mg'],"[[0.25, 0.25, 0.25]]",single,1,"[1, 1, 1]",4.0,0.08571428571428572,"[0, 1, 2, 3, 4, 5, 6, 7, 8, 9, 10, 11, 12, 13, 14, 15, 16, 17, 18, 19, 20, 21, 22, 23, 24, 25, 26, 27, 28, 29, 30, 31, 32, 33, 34, 35, 36, 37, 38, 39, 40, 41, 42, 43, 44, 45, 46, 47, 48, 49, 50, 51, 52, 53, 54]",direct,[],3,0.2857142857142857,2,[5],[0],1
path_image_seed,Mg1,1,3,af202117df2c3a60,POSCAR_Mg1_base0001_direct_path0003_pimg002_seed003.vasp,,True,,[0],[0],['Mg'],"[[0.25, 0.25, 0.25]]",single,1,"[1, 1, 1]",4.0,0.12142857142857143,"[0, 1, 2, 3, 4, 5, 6, 7, 8, 9, 10, 11, 12, 13, 14, 15, 16, 17, 18, 19, 20, 21, 22, 23, 24, 25, 26, 27, 28, 29, 30, 31, 32, 33, 34, 35, 36, 37, 38, 39, 40, 41, 42, 43, 44, 45, 46, 47, 48, 49, 50, 51, 52, 53, 54]",direct,[],3,0.2857142857142857,2,[5],[0],1
path_image_seed,Mg1,1,4,af202117df2c3a60,POSCAR_Mg1_base0001_direct_path0003_pimg002_seed004.vasp,,True,,[0],[0],['Mg'],"[[0.25, 0.25, 0.25]]",single,1,"[1, 1, 1]",4.0,0.15714285714285714,"[0, 1, 2, 3, 4, 5, 6, 7, 8, 9, 10, 11, 12, 13, 14, 15, 16, 17, 18, 19, 20, 21, 22, 23, 24, 25, 26, 27, 28, 29, 30, 31, 32, 33, 34, 35, 36, 37, 38, 39, 40, 41, 42, 43, 44, 45, 46, 47, 48, 49, 50, 51, 52, 53, 54]",direct,[],3,0.2857142857142857,2,[5],[0],1
path_image_seed,Mg1,1,5,af202117df2c3a60,POSCAR_Mg1_base0001_direct_path0003_pimg002_seed005.vasp,,True,,[0],[0],['Mg'],"[[0.25, 0.25, 0.25]]",single,1,"[1, 1, 1]",4.0,0.19285714285714284,"[0, 1, 2, 3, 4, 5, 6, 7, 8, 9, 10, 11, 12, 13, 14, 15, 16, 17, 18, 19, 20, 21, 22, 23, 24, 25, 26, 27, 28, 29, 30, 31, 32, 33, 34, 35, 36, 37, 38, 39, 40, 41, 42, 43, 44, 45, 46, 47, 48, 49, 50, 51, 52, 53, 54]",direct,[],3,0.2857142857142857,2,[5],[0],1
path_image_seed,Mg1,1,6,af202117df2c3a60,POSCAR_Mg1_base0001_direct_path0003_pimg002_seed006.vasp,,True,,[0],[0],['Mg'],"[[0.25, 0.25, 0.25]]",single,1,"[1, 1, 1]",4.0,0.22857142857142854,"[0, 1, 2, 3, 4, 5, 6, 7, 8, 9, 10, 11, 12, 13, 14, 15, 16, 17, 18, 19, 20, 21, 22, 23, 24, 25, 26, 27, 28, 29, 30, 31, 32, 33, 34, 35, 36, 37, 38, 39, 40, 41, 42, 43, 44, 45, 46, 47, 48, 49, 50, 51, 52, 53, 54]",direct,[],3,0.2857142857142857,2,[5],[0],1
path_image_seed,Mg1,1,7,af202117df2c3a60,POSCAR_Mg1_base0001_direct_path0003_pimg002_seed007.vasp,,True,,[0],[0],['Mg'],"[[0.25, 0.25, 0.25]]",single,1,"[1, 1, 1]",4.0,0.2642857142857143,"[0, 1, 2, 3, 4, 5, 6, 7, 8, 9, 10, 11, 12, 13, 14, 15, 16, 17, 18, 19, 20, 21, 22, 23, 24, 25, 26, 27, 28, 29, 30, 31, 32, 33, 34, 35, 36, 37, 38, 39, 40, 41, 42, 43, 44, 45, 46, 47, 48, 49, 50, 51, 52, 53, 54]",direct,[],3,0.2857142857142857,2,[5],[0],1
path_image_seed,Mg1,1,8,af202117df2c3a60,POSCAR_Mg1_base0001_direct_path0003_pimg002_seed008.vasp,,True,,[0],[0],['Mg'],"[[0.25, 0.25, 0.25]]",single,1,"[1, 1, 1]",4.0,0.3,"[0, 1, 2, 3, 4, 5, 6, 7, 8, 9, 10, 11, 12, 13, 14, 15, 16, 17, 18, 19, 20, 21, 22, 23, 24, 25, 26, 27, 28, 29, 30, 31, 32, 33, 34, 35, 36, 37, 38, 39, 40, 41, 42, 43, 44, 45, 46, 47, 48, 49, 50, 51, 52, 53, 54]",direct,[],3,0.2857142857142857,2,[5],[0],1
path_image,Mg1,1,,af202117df2c3a60,POSCAR_Mg1_base0001_direct_path0003_pimg003.vasp,,True,,[0],[0],['Mg'],"[[0.25, 0.25, 0.25]]",single,1,"[1, 1, 1]",,,[],direct,[],3,0.42857142857142855,,[5],[0],1
path_image_seed,Mg1,1,1,af202117df2c3a60,POSCAR_Mg1_base0001_direct_path0003_pimg003_seed001.vasp,,True,,[0],[0],['Mg'],"[[0.25, 0.25, 0.25]]",single,1,"[1, 1, 1]",4.0,0.05,"[0, 1, 2, 3, 4, 5, 6, 7, 8, 9, 10, 11, 12, 13, 14, 15, 16, 17, 18, 19, 20, 21, 22, 23, 24, 25, 26, 27, 28, 29, 30, 31, 32, 33, 34, 35, 36, 37, 38, 39, 40, 41, 42, 43, 44, 45, 46, 47, 48, 49, 50, 51, 52, 53, 54]",direct,[],3,0.42857142857142855,3,[5],[0],1
path_image_seed,Mg1,1,2,af202117df2c3a60,POSCAR_Mg1_base0001_direct_path0003_pimg003_seed002.vasp,,True,,[0],[0],['Mg'],"[[0.25, 0.25, 0.25]]",single,1,"[1, 1, 1]",4.0,0.08571428571428572,"[0, 1, 2, 3, 4, 5, 6, 7, 8, 9, 10, 11, 12, 13, 14, 15, 16, 17, 18, 19, 20, 21, 22, 23, 24, 25, 26, 27, 28, 29, 30, 31, 32, 33, 34, 35, 36, 37, 38, 39, 40, 41, 42, 43, 44, 45, 46, 47, 48, 49, 50, 51, 52, 53, 54]",direct,[],3,0.42857142857142855,3,[5],[0],1
path_image_seed,Mg1,1,3,af202117df2c3a60,POSCAR_Mg1_base0001_direct_path0003_pimg003_seed003.vasp,,True,,[0],[0],['Mg'],"[[0.25, 0.25, 0.25]]",single,1,"[1, 1, 1]",4.0,0.12142857142857143,"[0, 1, 2, 3, 4, 5, 6, 7, 8, 9, 10, 11, 12, 13, 14, 15, 16, 17, 18, 19, 20, 21, 22, 23, 24, 25, 26, 27, 28, 29, 30, 31, 32, 33, 34, 35, 36, 37, 38, 39, 40, 41, 42, 43, 44, 45, 46, 47, 48, 49, 50, 51, 52, 53, 54]",direct,[],3,0.42857142857142855,3,[5],[0],1
path_image_seed,Mg1,1,4,af202117df2c3a60,POSCAR_Mg1_base0001_direct_path0003_pimg003_seed004.vasp,,True,,[0],[0],['Mg'],"[[0.25, 0.25, 0.25]]",single,1,"[1, 1, 1]",4.0,0.15714285714285714,"[0, 1, 2, 3, 4, 5, 6, 7, 8, 9, 10, 11, 12, 13, 14, 15, 16, 17, 18, 19, 20, 21, 22, 23, 24, 25, 26, 27, 28, 29, 30, 31, 32, 33, 34, 35, 36, 37, 38, 39, 40, 41, 42, 43, 44, 45, 46, 47, 48, 49, 50, 51, 52, 53, 54]",direct,[],3,0.42857142857142855,3,[5],[0],1
path_image_seed,Mg1,1,5,af202117df2c3a60,POSCAR_Mg1_base0001_direct_path0003_pimg003_seed005.vasp,,True,,[0],[0],['Mg'],"[[0.25, 0.25, 0.25]]",single,1,"[1, 1, 1]",4.0,0.19285714285714284,"[0, 1, 2, 3, 4, 5, 6, 7, 8, 9, 10, 11, 12, 13, 14, 15, 16, 17, 18, 19, 20, 21, 22, 23, 24, 25, 26, 27, 28, 29, 30, 31, 32, 33, 34, 35, 36, 37, 38, 39, 40, 41, 42, 43, 44, 45, 46, 47, 48, 49, 50, 51, 52, 53, 54]",direct,[],3,0.42857142857142855,3,[5],[0],1
path_image_seed,Mg1,1,6,af202117df2c3a60,POSCAR_Mg1_base0001_direct_path0003_pimg003_seed006.vasp,,True,,[0],[0],['Mg'],"[[0.25, 0.25, 0.25]]",single,1,"[1, 1, 1]",4.0,0.22857142857142854,"[0, 1, 2, 3, 4, 5, 6, 7, 8, 9, 10, 11, 12, 13, 14, 15, 16, 17, 18, 19, 20, 21, 22, 23, 24, 25, 26, 27, 28, 29, 30, 31, 32, 33, 34, 35, 36, 37, 38, 39, 40, 41, 42, 43, 44, 45, 46, 47, 48, 49, 50, 51, 52, 53, 54]",direct,[],3,0.42857142857142855,3,[5],[0],1
path_image_seed,Mg1,1,7,af202117df2c3a60,POSCAR_Mg1_base0001_direct_path0003_pimg003_seed007.vasp,,True,,[0],[0],['Mg'],"[[0.25, 0.25, 0.25]]",single,1,"[1, 1, 1]",4.0,0.2642857142857143,"[0, 1, 2, 3, 4, 5, 6, 7, 8, 9, 10, 11, 12, 13, 14, 15, 16, 17, 18, 19, 20, 21, 22, 23, 24, 25, 26, 27, 28, 29, 30, 31, 32, 33, 34, 35, 36, 37, 38, 39, 40, 41, 42, 43, 44, 45, 46, 47, 48, 49, 50, 51, 52, 53, 54]",direct,[],3,0.42857142857142855,3,[5],[0],1
path_image_seed,Mg1,1,8,af202117df2c3a60,POSCAR_Mg1_base0001_direct_path0003_pimg003_seed008.vasp,,True,,[0],[0],['Mg'],"[[0.25, 0.25, 0.25]]",single,1,"[1, 1, 1]",4.0,0.3,"[0, 1, 2, 3, 4, 5, 6, 7, 8, 9, 10, 11, 12, 13, 14, 15, 16, 17, 18, 19, 20, 21, 22, 23, 24, 25, 26, 27, 28, 29, 30, 31, 32, 33, 34, 35, 36, 37, 38, 39, 40, 41, 42, 43, 44, 45, 46, 47, 48, 49, 50, 51, 52, 53, 54]",direct,[],3,0.42857142857142855,3,[5],[0],1
path_image,Mg1,1,,af202117df2c3a60,POSCAR_Mg1_base0001_direct_path0003_pimg004.vasp,,True,,[0],[0],['Mg'],"[[0.25, 0.25, 0.25]]",single,1,"[1, 1, 1]",,,[],direct,[],3,0.5714285714285714,,[5],[0],1
path_image_seed,Mg1,1,1,af202117df2c3a60,POSCAR_Mg1_base0001_direct_path0003_pimg004_seed001.vasp,,True,,[0],[0],['Mg'],"[[0.25, 0.25, 0.25]]",single,1,"[1, 1, 1]",4.0,0.05,"[0, 1, 2, 3, 4, 5, 6, 7, 8, 9, 10, 11, 12, 13, 14, 15, 16, 17, 18, 19, 20, 21, 22, 23, 24, 25, 26, 27, 28, 29, 30, 31, 32, 33, 34, 35, 36, 37, 38, 39, 40, 41, 42, 43, 44, 45, 46, 47, 48, 49, 50, 51, 52, 53, 54]",direct,[],3,0.5714285714285714,4,[5],[0],1
path_image_seed,Mg1,1,2,af202117df2c3a60,POSCAR_Mg1_base0001_direct_path0003_pimg004_seed002.vasp,,True,,[0],[0],['Mg'],"[[0.25, 0.25, 0.25]]",single,1,"[1, 1, 1]",4.0,0.08571428571428572,"[0, 1, 2, 3, 4, 5, 6, 7, 8, 9, 10, 11, 12, 13, 14, 15, 16, 17, 18, 19, 20, 21, 22, 23, 24, 25, 26, 27, 28, 29, 30, 31, 32, 33, 34, 35, 36, 37, 38, 39, 40, 41, 42, 43, 44, 45, 46, 47, 48, 49, 50, 51, 52, 53, 54]",direct,[],3,0.5714285714285714,4,[5],[0],1
path_image_seed,Mg1,1,3,af202117df2c3a60,POSCAR_Mg1_base0001_direct_path0003_pimg004_seed003.vasp,,True,,[0],[0],['Mg'],"[[0.25, 0.25, 0.25]]",single,1,"[1, 1, 1]",4.0,0.12142857142857143,"[0, 1, 2, 3, 4, 5, 6, 7, 8, 9, 10, 11, 12, 13, 14, 15, 16, 17, 18, 19, 20, 21, 22, 23, 24, 25, 26, 27, 28, 29, 30, 31, 32, 33, 34, 35, 36, 37, 38, 39, 40, 41, 42, 43, 44, 45, 46, 47, 48, 49, 50, 51, 52, 53, 54]",direct,[],3,0.5714285714285714,4,[5],[0],1
path_image_seed,Mg1,1,4,af202117df2c3a60,POSCAR_Mg1_base0001_direct_path0003_pimg004_seed004.vasp,,True,,[0],[0],['Mg'],"[[0.25, 0.25, 0.25]]",single,1,"[1, 1, 1]",4.0,0.15714285714285714,"[0, 1, 2, 3, 4, 5, 6, 7, 8, 9, 10, 11, 12, 13, 14, 15, 16, 17, 18, 19, 20, 21, 22, 23, 24, 25, 26, 27, 28, 29, 30, 31, 32, 33, 34, 35, 36, 37, 38, 39, 40, 41, 42, 43, 44, 45, 46, 47, 48, 49, 50, 51, 52, 53, 54]",direct,[],3,0.5714285714285714,4,[5],[0],1
path_image_seed,Mg1,1,5,af202117df2c3a60,POSCAR_Mg1_base0001_direct_path0003_pimg004_seed005.vasp,,True,,[0],[0],['Mg'],"[[0.25, 0.25, 0.25]]",single,1,"[1, 1, 1]",4.0,0.19285714285714284,"[0, 1, 2, 3, 4, 5, 6, 7, 8, 9, 10, 11, 12, 13, 14, 15, 16, 17, 18, 19, 20, 21, 22, 23, 24, 25, 26, 27, 28, 29, 30, 31, 32, 33, 34, 35, 36, 37, 38, 39, 40, 41, 42, 43, 44, 45, 46, 47, 48, 49, 50, 51, 52, 53, 54]",direct,[],3,0.5714285714285714,4,[5],[0],1
path_image_seed,Mg1,1,6,af202117df2c3a60,POSCAR_Mg1_base0001_direct_path0003_pimg004_seed006.vasp,,True,,[0],[0],['Mg'],"[[0.25, 0.25, 0.25]]",single,1,"[1, 1, 1]",4.0,0.22857142857142854,"[0, 1, 2, 3, 4, 5, 6, 7, 8, 9, 10, 11, 12, 13, 14, 15, 16, 17, 18, 19, 20, 21, 22, 23, 24, 25, 26, 27, 28, 29, 30, 31, 32, 33, 34, 35, 36, 37, 38, 39, 40, 41, 42, 43, 44, 45, 46, 47, 48, 49, 50, 51, 52, 53, 54]",direct,[],3,0.5714285714285714,4,[5],[0],1
path_image_seed,Mg1,1,7,af202117df2c3a60,POSCAR_Mg1_base0001_direct_path0003_pimg004_seed007.vasp,,True,,[0],[0],['Mg'],"[[0.25, 0.25, 0.25]]",single,1,"[1, 1, 1]",4.0,0.2642857142857143,"[0, 1, 2, 3, 4, 5, 6, 7, 8, 9, 10, 11, 12, 13, 14, 15, 16, 17, 18, 19, 20, 21, 22, 23, 24, 25, 26, 27, 28, 29, 30, 31, 32, 33, 34, 35, 36, 37, 38, 39, 40, 41, 42, 43, 44, 45, 46, 47, 48, 49, 50, 51, 52, 53, 54]",direct,[],3,0.5714285714285714,4,[5],[0],1
path_image_seed,Mg1,1,8,af202117df2c3a60,POSCAR_Mg1_base0001_direct_path0003_pimg004_seed008.vasp,,True,,[0],[0],['Mg'],"[[0.25, 0.25, 0.25]]",single,1,"[1, 1, 1]",4.0,0.3,"[0, 1, 2, 3, 4, 5, 6, 7, 8, 9, 10, 11, 12, 13, 14, 15, 16, 17, 18, 19, 20, 21, 22, 23, 24, 25, 26, 27, 28, 29, 30, 31, 32, 33, 34, 35, 36, 37, 38, 39, 40, 41, 42, 43, 44, 45, 46, 47, 48, 49, 50, 51, 52, 53, 54]",direct,[],3,0.5714285714285714,4,[5],[0],1
path_image,Mg1,1,,af202117df2c3a60,POSCAR_Mg1_base0001_direct_path0003_pimg005.vasp,,True,,[0],[0],['Mg'],"[[0.25, 0.25, 0.25]]",single,1,"[1, 1, 1]",,,[],direct,[],3,0.7142857142857142,,[5],[0],1
path_image_seed,Mg1,1,1,af202117df2c3a60,POSCAR_Mg1_base0001_direct_path0003_pimg005_seed001.vasp,,True,,[0],[0],['Mg'],"[[0.25, 0.25, 0.25]]",single,1,"[1, 1, 1]",4.0,0.05,"[0, 1, 2, 3, 4, 5, 6, 7, 8, 9, 10, 11, 12, 13, 14, 15, 16, 17, 18, 19, 20, 21, 22, 23, 24, 25, 26, 27, 28, 29, 30, 31, 32, 33, 34, 35, 36, 37, 38, 39, 40, 41, 42, 43, 44, 45, 46, 47, 48, 49, 50, 51, 52, 53, 54]",direct,[],3,0.7142857142857142,5,[5],[0],1
path_image_seed,Mg1,1,2,af202117df2c3a60,POSCAR_Mg1_base0001_direct_path0003_pimg005_seed002.vasp,,True,,[0],[0],['Mg'],"[[0.25, 0.25, 0.25]]",single,1,"[1, 1, 1]",4.0,0.08571428571428572,"[0, 1, 2, 3, 4, 5, 6, 7, 8, 9, 10, 11, 12, 13, 14, 15, 16, 17, 18, 19, 20, 21, 22, 23, 24, 25, 26, 27, 28, 29, 30, 31, 32, 33, 34, 35, 36, 37, 38, 39, 40, 41, 42, 43, 44, 45, 46, 47, 48, 49, 50, 51, 52, 53, 54]",direct,[],3,0.7142857142857142,5,[5],[0],1
path_image_seed,Mg1,1,3,af202117df2c3a60,POSCAR_Mg1_base0001_direct_path0003_pimg005_seed003.vasp,,True,,[0],[0],['Mg'],"[[0.25, 0.25, 0.25]]",single,1,"[1, 1, 1]",4.0,0.12142857142857143,"[0, 1, 2, 3, 4, 5, 6, 7, 8, 9, 10, 11, 12, 13, 14, 15, 16, 17, 18, 19, 20, 21, 22, 23, 24, 25, 26, 27, 28, 29, 30, 31, 32, 33, 34, 35, 36, 37, 38, 39, 40, 41, 42, 43, 44, 45, 46, 47, 48, 49, 50, 51, 52, 53, 54]",direct,[],3,0.7142857142857142,5,[5],[0],1
path_image_seed,Mg1,1,4,af202117df2c3a60,POSCAR_Mg1_base0001_direct_path0003_pimg005_seed004.vasp,,True,,[0],[0],['Mg'],"[[0.25, 0.25, 0.25]]",single,1,"[1, 1, 1]",4.0,0.15714285714285714,"[0, 1, 2, 3, 4, 5, 6, 7, 8, 9, 10, 11, 12, 13, 14, 15, 16, 17, 18, 19, 20, 21, 22, 23, 24, 25, 26, 27, 28, 29, 30, 31, 32, 33, 34, 35, 36, 37, 38, 39, 40, 41, 42, 43, 44, 45, 46, 47, 48, 49, 50, 51, 52, 53, 54]",direct,[],3,0.7142857142857142,5,[5],[0],1
path_image_seed,Mg1,1,5,af202117df2c3a60,POSCAR_Mg1_base0001_direct_path0003_pimg005_seed005.vasp,,True,,[0],[0],['Mg'],"[[0.25, 0.25, 0.25]]",single,1,"[1, 1, 1]",4.0,0.19285714285714284,"[0, 1, 2, 3, 4, 5, 6, 7, 8, 9, 10, 11, 12, 13, 14, 15, 16, 17, 18, 19, 20, 21, 22, 23, 24, 25, 26, 27, 28, 29, 30, 31, 32, 33, 34, 35, 36, 37, 38, 39, 40, 41, 42, 43, 44, 45, 46, 47, 48, 49, 50, 51, 52, 53, 54]",direct,[],3,0.7142857142857142,5,[5],[0],1
path_image_seed,Mg1,1,6,af202117df2c3a60,POSCAR_Mg1_base0001_direct_path0003_pimg005_seed006.vasp,,True,,[0],[0],['Mg'],"[[0.25, 0.25, 0.25]]",single,1,"[1, 1, 1]",4.0,0.22857142857142854,"[0, 1, 2, 3, 4, 5, 6, 7, 8, 9, 10, 11, 12, 13, 14, 15, 16, 17, 18, 19, 20, 21, 22, 23, 24, 25, 26, 27, 28, 29, 30, 31, 32, 33, 34, 35, 36, 37, 38, 39, 40, 41, 42, 43, 44, 45, 46, 47, 48, 49, 50, 51, 52, 53, 54]",direct,[],3,0.7142857142857142,5,[5],[0],1
path_image_seed,Mg1,1,7,af202117df2c3a60,POSCAR_Mg1_base0001_direct_path0003_pimg005_seed007.vasp,,True,,[0],[0],['Mg'],"[[0.25, 0.25, 0.25]]",single,1,"[1, 1, 1]",4.0,0.2642857142857143,"[0, 1, 2, 3, 4, 5, 6, 7, 8, 9, 10, 11, 12, 13, 14, 15, 16, 17, 18, 19, 20, 21, 22, 23, 24, 25, 26, 27, 28, 29, 30, 31, 32, 33, 34, 35, 36, 37, 38, 39, 40, 41, 42, 43, 44, 45, 46, 47, 48, 49, 50, 51, 52, 53, 54]",direct,[],3,0.7142857142857142,5,[5],[0],1
path_image_seed,Mg1,1,8,af202117df2c3a60,POSCAR_Mg1_base0001_direct_path0003_pimg005_seed008.vasp,,True,,[0],[0],['Mg'],"[[0.25, 0.25, 0.25]]",single,1,"[1, 1, 1]",4.0,0.3,"[0, 1, 2, 3, 4, 5, 6, 7, 8, 9, 10, 11, 12, 13, 14, 15, 16, 17, 18, 19, 20, 21, 22, 23, 24, 25, 26, 27, 28, 29, 30, 31, 32, 33, 34, 35, 36, 37, 38, 39, 40, 41, 42, 43, 44, 45, 46, 47, 48, 49, 50, 51, 52, 53, 54]",direct,[],3,0.7142857142857142,5,[5],[0],1
path_image,Mg1,1,,af202117df2c3a60,POSCAR_Mg1_base0001_direct_path0003_pimg006.vasp,,True,,[0],[0],['Mg'],"[[0.25, 0.25, 0.25]]",single,1,"[1, 1, 1]",,,[],direct,[],3,0.8571428571428571,,[5],[0],1
path_image_seed,Mg1,1,1,af202117df2c3a60,POSCAR_Mg1_base0001_direct_path0003_pimg006_seed001.vasp,,True,,[0],[0],['Mg'],"[[0.25, 0.25, 0.25]]",single,1,"[1, 1, 1]",4.0,0.05,"[0, 1, 2, 3, 4, 5, 6, 7, 8, 9, 10, 11, 12, 13, 14, 15, 16, 17, 18, 19, 20, 21, 22, 23, 24, 25, 26, 27, 28, 29, 30, 31, 32, 33, 34, 35, 36, 37, 38, 39, 40, 41, 42, 43, 44, 45, 46, 47, 48, 49, 50, 51, 52, 53, 54]",direct,[],3,0.8571428571428571,6,[5],[0],1
path_image_seed,Mg1,1,2,af202117df2c3a60,POSCAR_Mg1_base0001_direct_path0003_pimg006_seed002.vasp,,True,,[0],[0],['Mg'],"[[0.25, 0.25, 0.25]]",single,1,"[1, 1, 1]",4.0,0.08571428571428572,"[0, 1, 2, 3, 4, 5, 6, 7, 8, 9, 10, 11, 12, 13, 14, 15, 16, 17, 18, 19, 20, 21, 22, 23, 24, 25, 26, 27, 28, 29, 30, 31, 32, 33, 34, 35, 36, 37, 38, 39, 40, 41, 42, 43, 44, 45, 46, 47, 48, 49, 50, 51, 52, 53, 54]",direct,[],3,0.8571428571428571,6,[5],[0],1
path_image_seed,Mg1,1,3,af202117df2c3a60,POSCAR_Mg1_base0001_direct_path0003_pimg006_seed003.vasp,,True,,[0],[0],['Mg'],"[[0.25, 0.25, 0.25]]",single,1,"[1, 1, 1]",4.0,0.12142857142857143,"[0, 1, 2, 3, 4, 5, 6, 7, 8, 9, 10, 11, 12, 13, 14, 15, 16, 17, 18, 19, 20, 21, 22, 23, 24, 25, 26, 27, 28, 29, 30, 31, 32, 33, 34, 35, 36, 37, 38, 39, 40, 41, 42, 43, 44, 45, 46, 47, 48, 49, 50, 51, 52, 53, 54]",direct,[],3,0.8571428571428571,6,[5],[0],1
path_image_seed,Mg1,1,4,af202117df2c3a60,POSCAR_Mg1_base0001_direct_path0003_pimg006_seed004.vasp,,True,,[0],[0],['Mg'],"[[0.25, 0.25, 0.25]]",single,1,"[1, 1, 1]",4.0,0.15714285714285714,"[0, 1, 2, 3, 4, 5, 6, 7, 8, 9, 10, 11, 12, 13, 14, 15, 16, 17, 18, 19, 20, 21, 22, 23, 24, 25, 26, 27, 28, 29, 30, 31, 32, 33, 34, 35, 36, 37, 38, 39, 40, 41, 42, 43, 44, 45, 46, 47, 48, 49, 50, 51, 52, 53, 54]",direct,[],3,0.8571428571428571,6,[5],[0],1
path_image_seed,Mg1,1,5,af202117df2c3a60,POSCAR_Mg1_base0001_direct_path0003_pimg006_seed005.vasp,,True,,[0],[0],['Mg'],"[[0.25, 0.25, 0.25]]",single,1,"[1, 1, 1]",4.0,0.19285714285714284,"[0, 1, 2, 3, 4, 5, 6, 7, 8, 9, 10, 11, 12, 13, 14, 15, 16, 17, 18, 19, 20, 21, 22, 23, 24, 25, 26, 27, 28, 29, 30, 31, 32, 33, 34, 35, 36, 37, 38, 39, 40, 41, 42, 43, 44, 45, 46, 47, 48, 49, 50, 51, 52, 53, 54]",direct,[],3,0.8571428571428571,6,[5],[0],1
path_image_seed,Mg1,1,6,af202117df2c3a60,POSCAR_Mg1_base0001_direct_path0003_pimg006_seed006.vasp,,True,,[0],[0],['Mg'],"[[0.25, 0.25, 0.25]]",single,1,"[1, 1, 1]",4.0,0.22857142857142854,"[0, 1, 2, 3, 4, 5, 6, 7, 8, 9, 10, 11, 12, 13, 14, 15, 16, 17, 18, 19, 20, 21, 22, 23, 24, 25, 26, 27, 28, 29, 30, 31, 32, 33, 34, 35, 36, 37, 38, 39, 40, 41, 42, 43, 44, 45, 46, 47, 48, 49, 50, 51, 52, 53, 54]",direct,[],3,0.8571428571428571,6,[5],[0],1
path_image_seed,Mg1,1,7,af202117df2c3a60,POSCAR_Mg1_base0001_direct_path0003_pimg006_seed007.vasp,,True,,[0],[0],['Mg'],"[[0.25, 0.25, 0.25]]",single,1,"[1, 1, 1]",4.0,0.2642857142857143,"[0, 1, 2, 3, 4, 5, 6, 7, 8, 9, 10, 11, 12, 13, 14, 15, 16, 17, 18, 19, 20, 21, 22, 23, 24, 25, 26, 27, 28, 29, 30, 31, 32, 33, 34, 35, 36, 37, 38, 39, 40, 41, 42, 43, 44, 45, 46, 47, 48, 49, 50, 51, 52, 53, 54]",direct,[],3,0.8571428571428571,6,[5],[0],1
path_image_seed,Mg1,1,8,af202117df2c3a60,POSCAR_Mg1_base0001_direct_path0003_pimg006_seed008.vasp,,True,,[0],[0],['Mg'],"[[0.25, 0.25, 0.25]]",single,1,"[1, 1, 1]",4.0,0.3,"[0, 1, 2, 3, 4, 5, 6, 7, 8, 9, 10, 11, 12, 13, 14, 15, 16, 17, 18, 19, 20, 21, 22, 23, 24, 25, 26, 27, 28, 29, 30, 31, 32, 33, 34, 35, 36, 37, 38, 39, 40, 41, 42, 43, 44, 45, 46, 47, 48, 49, 50, 51, 52, 53, 54]",direct,[],3,0.8571428571428571,6,[5],[0],1
path_end,Mg1,1,,af202117df2c3a60,POSCAR_Mg1_base0001_direct_path0003_pimg007.vasp,,True,,[0],[0],['Mg'],"[[0.25, 0.25, 0.25]]",single,1,"[1, 1, 1]",,,[],direct,[],3,1.0,,[5],[0],1
path_end_seed,Mg1,1,1,af202117df2c3a60,POSCAR_Mg1_base0001_direct_path0003_pimg007_seed001.vasp,,True,,[0],[0],['Mg'],"[[0.25, 0.25, 0.25]]",single,1,"[1, 1, 1]",4.0,0.05,"[0, 1, 2, 3, 4, 5, 6, 7, 8, 9, 10, 11, 12, 13, 14, 15, 16, 17, 18, 19, 20, 21, 22, 23, 24, 25, 26, 27, 28, 29, 30, 31, 32, 33, 34, 35, 36, 37, 38, 39, 40, 41, 42, 43, 44, 45, 46, 47, 48, 49, 50, 51, 52, 53, 54]",direct,[],3,1.0,7,[5],[0],1
path_end_seed,Mg1,1,2,af202117df2c3a60,POSCAR_Mg1_base0001_direct_path0003_pimg007_seed002.vasp,,True,,[0],[0],['Mg'],"[[0.25, 0.25, 0.25]]",single,1,"[1, 1, 1]",4.0,0.08571428571428572,"[0, 1, 2, 3, 4, 5, 6, 7, 8, 9, 10, 11, 12, 13, 14, 15, 16, 17, 18, 19, 20, 21, 22, 23, 24, 25, 26, 27, 28, 29, 30, 31, 32, 33, 34, 35, 36, 37, 38, 39, 40, 41, 42, 43, 44, 45, 46, 47, 48, 49, 50, 51, 52, 53, 54]",direct,[],3,1.0,7,[5],[0],1
path_end_seed,Mg1,1,3,af202117df2c3a60,POSCAR_Mg1_base0001_direct_path0003_pimg007_seed003.vasp,,True,,[0],[0],['Mg'],"[[0.25, 0.25, 0.25]]",single,1,"[1, 1, 1]",4.0,0.12142857142857143,"[0, 1, 2, 3, 4, 5, 6, 7, 8, 9, 10, 11, 12, 13, 14, 15, 16, 17, 18, 19, 20, 21, 22, 23, 24, 25, 26, 27, 28, 29, 30, 31, 32, 33, 34, 35, 36, 37, 38, 39, 40, 41, 42, 43, 44, 45, 46, 47, 48, 49, 50, 51, 52, 53, 54]",direct,[],3,1.0,7,[5],[0],1
path_end_seed,Mg1,1,4,af202117df2c3a60,POSCAR_Mg1_base0001_direct_path0003_pimg007_seed004.vasp,,True,,[0],[0],['Mg'],"[[0.25, 0.25, 0.25]]",single,1,"[1, 1, 1]",4.0,0.15714285714285714,"[0, 1, 2, 3, 4, 5, 6, 7, 8, 9, 10, 11, 12, 13, 14, 15, 16, 17, 18, 19, 20, 21, 22, 23, 24, 25, 26, 27, 28, 29, 30, 31, 32, 33, 34, 35, 36, 37, 38, 39, 40, 41, 42, 43, 44, 45, 46, 47, 48, 49, 50, 51, 52, 53, 54]",direct,[],3,1.0,7,[5],[0],1
path_end_seed,Mg1,1,5,af202117df2c3a60,POSCAR_Mg1_base0001_direct_path0003_pimg007_seed005.vasp,,True,,[0],[0],['Mg'],"[[0.25, 0.25, 0.25]]",single,1,"[1, 1, 1]",4.0,0.19285714285714284,"[0, 1, 2, 3, 4, 5, 6, 7, 8, 9, 10, 11, 12, 13, 14, 15, 16, 17, 18, 19, 20, 21, 22, 23, 24, 25, 26, 27, 28, 29, 30, 31, 32, 33, 34, 35, 36, 37, 38, 39, 40, 41, 42, 43, 44, 45, 46, 47, 48, 49, 50, 51, 52, 53, 54]",direct,[],3,1.0,7,[5],[0],1
path_end_seed,Mg1,1,6,af202117df2c3a60,POSCAR_Mg1_base0001_direct_path0003_pimg007_seed006.vasp,,True,,[0],[0],['Mg'],"[[0.25, 0.25, 0.25]]",single,1,"[1, 1, 1]",4.0,0.22857142857142854,"[0, 1, 2, 3, 4, 5, 6, 7, 8, 9, 10, 11, 12, 13, 14, 15, 16, 17, 18, 19, 20, 21, 22, 23, 24, 25, 26, 27, 28, 29, 30, 31, 32, 33, 34, 35, 36, 37, 38, 39, 40, 41, 42, 43, 44, 45, 46, 47, 48, 49, 50, 51, 52, 53, 54]",direct,[],3,1.0,7,[5],[0],1
path_end_seed,Mg1,1,7,af202117df2c3a60,POSCAR_Mg1_base0001_direct_path0003_pimg007_seed007.vasp,,True,,[0],[0],['Mg'],"[[0.25, 0.25, 0.25]]",single,1,"[1, 1, 1]",4.0,0.2642857142857143,"[0, 1, 2, 3, 4, 5, 6, 7, 8, 9, 10, 11, 12, 13, 14, 15, 16, 17, 18, 19, 20, 21, 22, 23, 24, 25, 26, 27, 28, 29, 30, 31, 32, 33, 34, 35, 36, 37, 38, 39, 40, 41, 42, 43, 44, 45, 46, 47, 48, 49, 50, 51, 52, 53, 54]",direct,[],3,1.0,7,[5],[0],1
path_end_seed,Mg1,1,8,af202117df2c3a60,POSCAR_Mg1_base0001_direct_path0003_pimg007_seed008.vasp,,True,,[0],[0],['Mg'],"[[0.25, 0.25, 0.25]]",single,1,"[1, 1, 1]",4.0,0.3,"[0, 1, 2, 3, 4, 5, 6, 7, 8, 9, 10, 11, 12, 13, 14, 15, 16, 17, 18, 19, 20, 21, 22, 23, 24, 25, 26, 27, 28, 29, 30, 31, 32, 33, 34, 35, 36, 37, 38, 39, 40, 41, 42, 43, 44, 45, 46, 47, 48, 49, 50, 51, 52, 53, 54]",direct,[],3,1.0,7,[5],[0],1
path_start,Mg1,1,,af202117df2c3a60,POSCAR_Mg1_base0001_direct_path0004_pimg000.vasp,,True,,[0],[0],['Mg'],"[[0.25, 0.25, 0.25]]",single,1,"[1, 1, 1]",,,[],direct,[],4,0.0,,[7],[0],1
path_start_seed,Mg1,1,1,af202117df2c3a60,POSCAR_Mg1_base0001_direct_path0004_pimg000_seed001.vasp,,True,,[0],[0],['Mg'],"[[0.25, 0.25, 0.25]]",single,1,"[1, 1, 1]",4.0,0.05,"[0, 1, 2, 3, 4, 5, 6, 7, 8, 9, 10, 11, 12, 13, 14, 15, 16, 17, 18, 19, 20, 21, 22, 23, 24, 25, 26, 27, 28, 29, 30, 31, 32, 33, 34, 35, 36, 37, 38, 39, 40, 41, 42, 43, 44, 45, 46, 47, 48, 49, 50, 51, 52, 53, 54]",direct,[],4,0.0,0,[7],[0],1
path_start_seed,Mg1,1,2,af202117df2c3a60,POSCAR_Mg1_base0001_direct_path0004_pimg000_seed002.vasp,,True,,[0],[0],['Mg'],"[[0.25, 0.25, 0.25]]",single,1,"[1, 1, 1]",4.0,0.08571428571428572,"[0, 1, 2, 3, 4, 5, 6, 7, 8, 9, 10, 11, 12, 13, 14, 15, 16, 17, 18, 19, 20, 21, 22, 23, 24, 25, 26, 27, 28, 29, 30, 31, 32, 33, 34, 35, 36, 37, 38, 39, 40, 41, 42, 43, 44, 45, 46, 47, 48, 49, 50, 51, 52, 53, 54]",direct,[],4,0.0,0,[7],[0],1
path_start_seed,Mg1,1,3,af202117df2c3a60,POSCAR_Mg1_base0001_direct_path0004_pimg000_seed003.vasp,,True,,[0],[0],['Mg'],"[[0.25, 0.25, 0.25]]",single,1,"[1, 1, 1]",4.0,0.12142857142857143,"[0, 1, 2, 3, 4, 5, 6, 7, 8, 9, 10, 11, 12, 13, 14, 15, 16, 17, 18, 19, 20, 21, 22, 23, 24, 25, 26, 27, 28, 29, 30, 31, 32, 33, 34, 35, 36, 37, 38, 39, 40, 41, 42, 43, 44, 45, 46, 47, 48, 49, 50, 51, 52, 53, 54]",direct,[],4,0.0,0,[7],[0],1
path_start_seed,Mg1,1,4,af202117df2c3a60,POSCAR_Mg1_base0001_direct_path0004_pimg000_seed004.vasp,,True,,[0],[0],['Mg'],"[[0.25, 0.25, 0.25]]",single,1,"[1, 1, 1]",4.0,0.15714285714285714,"[0, 1, 2, 3, 4, 5, 6, 7, 8, 9, 10, 11, 12, 13, 14, 15, 16, 17, 18, 19, 20, 21, 22, 23, 24, 25, 26, 27, 28, 29, 30, 31, 32, 33, 34, 35, 36, 37, 38, 39, 40, 41, 42, 43, 44, 45, 46, 47, 48, 49, 50, 51, 52, 53, 54]",direct,[],4,0.0,0,[7],[0],1
path_start_seed,Mg1,1,5,af202117df2c3a60,POSCAR_Mg1_base0001_direct_path0004_pimg000_seed005.vasp,,True,,[0],[0],['Mg'],"[[0.25, 0.25, 0.25]]",single,1,"[1, 1, 1]",4.0,0.19285714285714284,"[0, 1, 2, 3, 4, 5, 6, 7, 8, 9, 10, 11, 12, 13, 14, 15, 16, 17, 18, 19, 20, 21, 22, 23, 24, 25, 26, 27, 28, 29, 30, 31, 32, 33, 34, 35, 36, 37, 38, 39, 40, 41, 42, 43, 44, 45, 46, 47, 48, 49, 50, 51, 52, 53, 54]",direct,[],4,0.0,0,[7],[0],1
path_start_seed,Mg1,1,6,af202117df2c3a60,POSCAR_Mg1_base0001_direct_path0004_pimg000_seed006.vasp,,True,,[0],[0],['Mg'],"[[0.25, 0.25, 0.25]]",single,1,"[1, 1, 1]",4.0,0.22857142857142854,"[0, 1, 2, 3, 4, 5, 6, 7, 8, 9, 10, 11, 12, 13, 14, 15, 16, 17, 18, 19, 20, 21, 22, 23, 24, 25, 26, 27, 28, 29, 30, 31, 32, 33, 34, 35, 36, 37, 38, 39, 40, 41, 42, 43, 44, 45, 46, 47, 48, 49, 50, 51, 52, 53, 54]",direct,[],4,0.0,0,[7],[0],1
path_start_seed,Mg1,1,7,af202117df2c3a60,POSCAR_Mg1_base0001_direct_path0004_pimg000_seed007.vasp,,True,,[0],[0],['Mg'],"[[0.25, 0.25, 0.25]]",single,1,"[1, 1, 1]",4.0,0.2642857142857143,"[0, 1, 2, 3, 4, 5, 6, 7, 8, 9, 10, 11, 12, 13, 14, 15, 16, 17, 18, 19, 20, 21, 22, 23, 24, 25, 26, 27, 28, 29, 30, 31, 32, 33, 34, 35, 36, 37, 38, 39, 40, 41, 42, 43, 44, 45, 46, 47, 48, 49, 50, 51, 52, 53, 54]",direct,[],4,0.0,0,[7],[0],1
path_start_seed,Mg1,1,8,af202117df2c3a60,POSCAR_Mg1_base0001_direct_path0004_pimg000_seed008.vasp,,True,,[0],[0],['Mg'],"[[0.25, 0.25, 0.25]]",single,1,"[1, 1, 1]",4.0,0.3,"[0, 1, 2, 3, 4, 5, 6, 7, 8, 9, 10, 11, 12, 13, 14, 15, 16, 17, 18, 19, 20, 21, 22, 23, 24, 25, 26, 27, 28, 29, 30, 31, 32, 33, 34, 35, 36, 37, 38, 39, 40, 41, 42, 43, 44, 45, 46, 47, 48, 49, 50, 51, 52, 53, 54]",direct,[],4,0.0,0,[7],[0],1
path_image,Mg1,1,,af202117df2c3a60,POSCAR_Mg1_base0001_direct_path0004_pimg001.vasp,,True,,[0],[0],['Mg'],"[[0.25, 0.25, 0.25]]",single,1,"[1, 1, 1]",,,[],direct,[],4,0.14285714285714285,,[7],[0],1
path_image_seed,Mg1,1,1,af202117df2c3a60,POSCAR_Mg1_base0001_direct_path0004_pimg001_seed001.vasp,,True,,[0],[0],['Mg'],"[[0.25, 0.25, 0.25]]",single,1,"[1, 1, 1]",4.0,0.05,"[0, 1, 2, 3, 4, 5, 6, 7, 8, 9, 10, 11, 12, 13, 14, 15, 16, 17, 18, 19, 20, 21, 22, 23, 24, 25, 26, 27, 28, 29, 30, 31, 32, 33, 34, 35, 36, 37, 38, 39, 40, 41, 42, 43, 44, 45, 46, 47, 48, 49, 50, 51, 52, 53, 54]",direct,[],4,0.14285714285714285,1,[7],[0],1
path_image_seed,Mg1,1,2,af202117df2c3a60,POSCAR_Mg1_base0001_direct_path0004_pimg001_seed002.vasp,,True,,[0],[0],['Mg'],"[[0.25, 0.25, 0.25]]",single,1,"[1, 1, 1]",4.0,0.08571428571428572,"[0, 1, 2, 3, 4, 5, 6, 7, 8, 9, 10, 11, 12, 13, 14, 15, 16, 17, 18, 19, 20, 21, 22, 23, 24, 25, 26, 27, 28, 29, 30, 31, 32, 33, 34, 35, 36, 37, 38, 39, 40, 41, 42, 43, 44, 45, 46, 47, 48, 49, 50, 51, 52, 53, 54]",direct,[],4,0.14285714285714285,1,[7],[0],1
path_image_seed,Mg1,1,3,af202117df2c3a60,POSCAR_Mg1_base0001_direct_path0004_pimg001_seed003.vasp,,True,,[0],[0],['Mg'],"[[0.25, 0.25, 0.25]]",single,1,"[1, 1, 1]",4.0,0.12142857142857143,"[0, 1, 2, 3, 4, 5, 6, 7, 8, 9, 10, 11, 12, 13, 14, 15, 16, 17, 18, 19, 20, 21, 22, 23, 24, 25, 26, 27, 28, 29, 30, 31, 32, 33, 34, 35, 36, 37, 38, 39, 40, 41, 42, 43, 44, 45, 46, 47, 48, 49, 50, 51, 52, 53, 54]",direct,[],4,0.14285714285714285,1,[7],[0],1
path_image_seed,Mg1,1,4,af202117df2c3a60,POSCAR_Mg1_base0001_direct_path0004_pimg001_seed004.vasp,,True,,[0],[0],['Mg'],"[[0.25, 0.25, 0.25]]",single,1,"[1, 1, 1]",4.0,0.15714285714285714,"[0, 1, 2, 3, 4, 5, 6, 7, 8, 9, 10, 11, 12, 13, 14, 15, 16, 17, 18, 19, 20, 21, 22, 23, 24, 25, 26, 27, 28, 29, 30, 31, 32, 33, 34, 35, 36, 37, 38, 39, 40, 41, 42, 43, 44, 45, 46, 47, 48, 49, 50, 51, 52, 53, 54]",direct,[],4,0.14285714285714285,1,[7],[0],1
path_image_seed,Mg1,1,5,af202117df2c3a60,POSCAR_Mg1_base0001_direct_path0004_pimg001_seed005.vasp,,True,,[0],[0],['Mg'],"[[0.25, 0.25, 0.25]]",single,1,"[1, 1, 1]",4.0,0.19285714285714284,"[0, 1, 2, 3, 4, 5, 6, 7, 8, 9, 10, 11, 12, 13, 14, 15, 16, 17, 18, 19, 20, 21, 22, 23, 24, 25, 26, 27, 28, 29, 30, 31, 32, 33, 34, 35, 36, 37, 38, 39, 40, 41, 42, 43, 44, 45, 46, 47, 48, 49, 50, 51, 52, 53, 54]",direct,[],4,0.14285714285714285,1,[7],[0],1
path_image_seed,Mg1,1,6,af202117df2c3a60,POSCAR_Mg1_base0001_direct_path0004_pimg001_seed006.vasp,,True,,[0],[0],['Mg'],"[[0.25, 0.25, 0.25]]",single,1,"[1, 1, 1]",4.0,0.22857142857142854,"[0, 1, 2, 3, 4, 5, 6, 7, 8, 9, 10, 11, 12, 13, 14, 15, 16, 17, 18, 19, 20, 21, 22, 23, 24, 25, 26, 27, 28, 29, 30, 31, 32, 33, 34, 35, 36, 37, 38, 39, 40, 41, 42, 43, 44, 45, 46, 47, 48, 49, 50, 51, 52, 53, 54]",direct,[],4,0.14285714285714285,1,[7],[0],1
path_image_seed,Mg1,1,7,af202117df2c3a60,POSCAR_Mg1_base0001_direct_path0004_pimg001_seed007.vasp,,True,,[0],[0],['Mg'],"[[0.25, 0.25, 0.25]]",single,1,"[1, 1, 1]",4.0,0.2642857142857143,"[0, 1, 2, 3, 4, 5, 6, 7, 8, 9, 10, 11, 12, 13, 14, 15, 16, 17, 18, 19, 20, 21, 22, 23, 24, 25, 26, 27, 28, 29, 30, 31, 32, 33, 34, 35, 36, 37, 38, 39, 40, 41, 42, 43, 44, 45, 46, 47, 48, 49, 50, 51, 52, 53, 54]",direct,[],4,0.14285714285714285,1,[7],[0],1
path_image_seed,Mg1,1,8,af202117df2c3a60,POSCAR_Mg1_base0001_direct_path0004_pimg001_seed008.vasp,,True,,[0],[0],['Mg'],"[[0.25, 0.25, 0.25]]",single,1,"[1, 1, 1]",4.0,0.3,"[0, 1, 2, 3, 4, 5, 6, 7, 8, 9, 10, 11, 12, 13, 14, 15, 16, 17, 18, 19, 20, 21, 22, 23, 24, 25, 26, 27, 28, 29, 30, 31, 32, 33, 34, 35, 36, 37, 38, 39, 40, 41, 42, 43, 44, 45, 46, 47, 48, 49, 50, 51, 52, 53, 54]",direct,[],4,0.14285714285714285,1,[7],[0],1
path_image,Mg1,1,,af202117df2c3a60,POSCAR_Mg1_base0001_direct_path0004_pimg002.vasp,,True,,[0],[0],['Mg'],"[[0.25, 0.25, 0.25]]",single,1,"[1, 1, 1]",,,[],direct,[],4,0.2857142857142857,,[7],[0],1
path_image_seed,Mg1,1,1,af202117df2c3a60,POSCAR_Mg1_base0001_direct_path0004_pimg002_seed001.vasp,,True,,[0],[0],['Mg'],"[[0.25, 0.25, 0.25]]",single,1,"[1, 1, 1]",4.0,0.05,"[0, 1, 2, 3, 4, 5, 6, 7, 8, 9, 10, 11, 12, 13, 14, 15, 16, 17, 18, 19, 20, 21, 22, 23, 24, 25, 26, 27, 28, 29, 30, 31, 32, 33, 34, 35, 36, 37, 38, 39, 40, 41, 42, 43, 44, 45, 46, 47, 48, 49, 50, 51, 52, 53, 54]",direct,[],4,0.2857142857142857,2,[7],[0],1
path_image_seed,Mg1,1,2,af202117df2c3a60,POSCAR_Mg1_base0001_direct_path0004_pimg002_seed002.vasp,,True,,[0],[0],['Mg'],"[[0.25, 0.25, 0.25]]",single,1,"[1, 1, 1]",4.0,0.08571428571428572,"[0, 1, 2, 3, 4, 5, 6, 7, 8, 9, 10, 11, 12, 13, 14, 15, 16, 17, 18, 19, 20, 21, 22, 23, 24, 25, 26, 27, 28, 29, 30, 31, 32, 33, 34, 35, 36, 37, 38, 39, 40, 41, 42, 43, 44, 45, 46, 47, 48, 49, 50, 51, 52, 53, 54]",direct,[],4,0.2857142857142857,2,[7],[0],1
path_image_seed,Mg1,1,3,af202117df2c3a60,POSCAR_Mg1_base0001_direct_path0004_pimg002_seed003.vasp,,True,,[0],[0],['Mg'],"[[0.25, 0.25, 0.25]]",single,1,"[1, 1, 1]",4.0,0.12142857142857143,"[0, 1, 2, 3, 4, 5, 6, 7, 8, 9, 10, 11, 12, 13, 14, 15, 16, 17, 18, 19, 20, 21, 22, 23, 24, 25, 26, 27, 28, 29, 30, 31, 32, 33, 34, 35, 36, 37, 38, 39, 40, 41, 42, 43, 44, 45, 46, 47, 48, 49, 50, 51, 52, 53, 54]",direct,[],4,0.2857142857142857,2,[7],[0],1
path_image_seed,Mg1,1,4,af202117df2c3a60,POSCAR_Mg1_base0001_direct_path0004_pimg002_seed004.vasp,,True,,[0],[0],['Mg'],"[[0.25, 0.25, 0.25]]",single,1,"[1, 1, 1]",4.0,0.15714285714285714,"[0, 1, 2, 3, 4, 5, 6, 7, 8, 9, 10, 11, 12, 13, 14, 15, 16, 17, 18, 19, 20, 21, 22, 23, 24, 25, 26, 27, 28, 29, 30, 31, 32, 33, 34, 35, 36, 37, 38, 39, 40, 41, 42, 43, 44, 45, 46, 47, 48, 49, 50, 51, 52, 53, 54]",direct,[],4,0.2857142857142857,2,[7],[0],1
path_image_seed,Mg1,1,5,af202117df2c3a60,POSCAR_Mg1_base0001_direct_path0004_pimg002_seed005.vasp,,True,,[0],[0],['Mg'],"[[0.25, 0.25, 0.25]]",single,1,"[1, 1, 1]",4.0,0.19285714285714284,"[0, 1, 2, 3, 4, 5, 6, 7, 8, 9, 10, 11, 12, 13, 14, 15, 16, 17, 18, 19, 20, 21, 22, 23, 24, 25, 26, 27, 28, 29, 30, 31, 32, 33, 34, 35, 36, 37, 38, 39, 40, 41, 42, 43, 44, 45, 46, 47, 48, 49, 50, 51, 52, 53, 54]",direct,[],4,0.2857142857142857,2,[7],[0],1
path_image_seed,Mg1,1,6,af202117df2c3a60,POSCAR_Mg1_base0001_direct_path0004_pimg002_seed006.vasp,,True,,[0],[0],['Mg'],"[[0.25, 0.25, 0.25]]",single,1,"[1, 1, 1]",4.0,0.22857142857142854,"[0, 1, 2, 3, 4, 5, 6, 7, 8, 9, 10, 11, 12, 13, 14, 15, 16, 17, 18, 19, 20, 21, 22, 23, 24, 25, 26, 27, 28, 29, 30, 31, 32, 33, 34, 35, 36, 37, 38, 39, 40, 41, 42, 43, 44, 45, 46, 47, 48, 49, 50, 51, 52, 53, 54]",direct,[],4,0.2857142857142857,2,[7],[0],1
path_image_seed,Mg1,1,7,af202117df2c3a60,POSCAR_Mg1_base0001_direct_path0004_pimg002_seed007.vasp,,True,,[0],[0],['Mg'],"[[0.25, 0.25, 0.25]]",single,1,"[1, 1, 1]",4.0,0.2642857142857143,"[0, 1, 2, 3, 4, 5, 6, 7, 8, 9, 10, 11, 12, 13, 14, 15, 16, 17, 18, 19, 20, 21, 22, 23, 24, 25, 26, 27, 28, 29, 30, 31, 32, 33, 34, 35, 36, 37, 38, 39, 40, 41, 42, 43, 44, 45, 46, 47, 48, 49, 50, 51, 52, 53, 54]",direct,[],4,0.2857142857142857,2,[7],[0],1
path_image_seed,Mg1,1,8,af202117df2c3a60,POSCAR_Mg1_base0001_direct_path0004_pimg002_seed008.vasp,,True,,[0],[0],['Mg'],"[[0.25, 0.25, 0.25]]",single,1,"[1, 1, 1]",4.0,0.3,"[0, 1, 2, 3, 4, 5, 6, 7, 8, 9, 10, 11, 12, 13, 14, 15, 16, 17, 18, 19, 20, 21, 22, 23, 24, 25, 26, 27, 28, 29, 30, 31, 32, 33, 34, 35, 36, 37, 38, 39, 40, 41, 42, 43, 44, 45, 46, 47, 48, 49, 50, 51, 52, 53, 54]",direct,[],4,0.2857142857142857,2,[7],[0],1
path_image,Mg1,1,,af202117df2c3a60,POSCAR_Mg1_base0001_direct_path0004_pimg003.vasp,,True,,[0],[0],['Mg'],"[[0.25, 0.25, 0.25]]",single,1,"[1, 1, 1]",,,[],direct,[],4,0.42857142857142855,,[7],[0],1
path_image_seed,Mg1,1,1,af202117df2c3a60,POSCAR_Mg1_base0001_direct_path0004_pimg003_seed001.vasp,,True,,[0],[0],['Mg'],"[[0.25, 0.25, 0.25]]",single,1,"[1, 1, 1]",4.0,0.05,"[0, 1, 2, 3, 4, 5, 6, 7, 8, 9, 10, 11, 12, 13, 14, 15, 16, 17, 18, 19, 20, 21, 22, 23, 24, 25, 26, 27, 28, 29, 30, 31, 32, 33, 34, 35, 36, 37, 38, 39, 40, 41, 42, 43, 44, 45, 46, 47, 48, 49, 50, 51, 52, 53, 54]",direct,[],4,0.42857142857142855,3,[7],[0],1
path_image_seed,Mg1,1,2,af202117df2c3a60,POSCAR_Mg1_base0001_direct_path0004_pimg003_seed002.vasp,,True,,[0],[0],['Mg'],"[[0.25, 0.25, 0.25]]",single,1,"[1, 1, 1]",4.0,0.08571428571428572,"[0, 1, 2, 3, 4, 5, 6, 7, 8, 9, 10, 11, 12, 13, 14, 15, 16, 17, 18, 19, 20, 21, 22, 23, 24, 25, 26, 27, 28, 29, 30, 31, 32, 33, 34, 35, 36, 37, 38, 39, 40, 41, 42, 43, 44, 45, 46, 47, 48, 49, 50, 51, 52, 53, 54]",direct,[],4,0.42857142857142855,3,[7],[0],1
path_image_seed,Mg1,1,3,af202117df2c3a60,POSCAR_Mg1_base0001_direct_path0004_pimg003_seed003.vasp,,True,,[0],[0],['Mg'],"[[0.25, 0.25, 0.25]]",single,1,"[1, 1, 1]",4.0,0.12142857142857143,"[0, 1, 2, 3, 4, 5, 6, 7, 8, 9, 10, 11, 12, 13, 14, 15, 16, 17, 18, 19, 20, 21, 22, 23, 24, 25, 26, 27, 28, 29, 30, 31, 32, 33, 34, 35, 36, 37, 38, 39, 40, 41, 42, 43, 44, 45, 46, 47, 48, 49, 50, 51, 52, 53, 54]",direct,[],4,0.42857142857142855,3,[7],[0],1
path_image_seed,Mg1,1,4,af202117df2c3a60,POSCAR_Mg1_base0001_direct_path0004_pimg003_seed004.vasp,,True,,[0],[0],['Mg'],"[[0.25, 0.25, 0.25]]",single,1,"[1, 1, 1]",4.0,0.15714285714285714,"[0, 1, 2, 3, 4, 5, 6, 7, 8, 9, 10, 11, 12, 13, 14, 15, 16, 17, 18, 19, 20, 21, 22, 23, 24, 25, 26, 27, 28, 29, 30, 31, 32, 33, 34, 35, 36, 37, 38, 39, 40, 41, 42, 43, 44, 45, 46, 47, 48, 49, 50, 51, 52, 53, 54]",direct,[],4,0.42857142857142855,3,[7],[0],1
path_image_seed,Mg1,1,5,af202117df2c3a60,POSCAR_Mg1_base0001_direct_path0004_pimg003_seed005.vasp,,True,,[0],[0],['Mg'],"[[0.25, 0.25, 0.25]]",single,1,"[1, 1, 1]",4.0,0.19285714285714284,"[0, 1, 2, 3, 4, 5, 6, 7, 8, 9, 10, 11, 12, 13, 14, 15, 16, 17, 18, 19, 20, 21, 22, 23, 24, 25, 26, 27, 28, 29, 30, 31, 32, 33, 34, 35, 36, 37, 38, 39, 40, 41, 42, 43, 44, 45, 46, 47, 48, 49, 50, 51, 52, 53, 54]",direct,[],4,0.42857142857142855,3,[7],[0],1
path_image_seed,Mg1,1,6,af202117df2c3a60,POSCAR_Mg1_base0001_direct_path0004_pimg003_seed006.vasp,,True,,[0],[0],['Mg'],"[[0.25, 0.25, 0.25]]",single,1,"[1, 1, 1]",4.0,0.22857142857142854,"[0, 1, 2, 3, 4, 5, 6, 7, 8, 9, 10, 11, 12, 13, 14, 15, 16, 17, 18, 19, 20, 21, 22, 23, 24, 25, 26, 27, 28, 29, 30, 31, 32, 33, 34, 35, 36, 37, 38, 39, 40, 41, 42, 43, 44, 45, 46, 47, 48, 49, 50, 51, 52, 53, 54]",direct,[],4,0.42857142857142855,3,[7],[0],1
path_image_seed,Mg1,1,7,af202117df2c3a60,POSCAR_Mg1_base0001_direct_path0004_pimg003_seed007.vasp,,True,,[0],[0],['Mg'],"[[0.25, 0.25, 0.25]]",single,1,"[1, 1, 1]",4.0,0.2642857142857143,"[0, 1, 2, 3, 4, 5, 6, 7, 8, 9, 10, 11, 12, 13, 14, 15, 16, 17, 18, 19, 20, 21, 22, 23, 24, 25, 26, 27, 28, 29, 30, 31, 32, 33, 34, 35, 36, 37, 38, 39, 40, 41, 42, 43, 44, 45, 46, 47, 48, 49, 50, 51, 52, 53, 54]",direct,[],4,0.42857142857142855,3,[7],[0],1
path_image_seed,Mg1,1,8,af202117df2c3a60,POSCAR_Mg1_base0001_direct_path0004_pimg003_seed008.vasp,,True,,[0],[0],['Mg'],"[[0.25, 0.25, 0.25]]",single,1,"[1, 1, 1]",4.0,0.3,"[0, 1, 2, 3, 4, 5, 6, 7, 8, 9, 10, 11, 12, 13, 14, 15, 16, 17, 18, 19, 20, 21, 22, 23, 24, 25, 26, 27, 28, 29, 30, 31, 32, 33, 34, 35, 36, 37, 38, 39, 40, 41, 42, 43, 44, 45, 46, 47, 48, 49, 50, 51, 52, 53, 54]",direct,[],4,0.42857142857142855,3,[7],[0],1
path_image,Mg1,1,,af202117df2c3a60,POSCAR_Mg1_base0001_direct_path0004_pimg004.vasp,,True,,[0],[0],['Mg'],"[[0.25, 0.25, 0.25]]",single,1,"[1, 1, 1]",,,[],direct,[],4,0.5714285714285714,,[7],[0],1
path_image_seed,Mg1,1,1,af202117df2c3a60,POSCAR_Mg1_base0001_direct_path0004_pimg004_seed001.vasp,,True,,[0],[0],['Mg'],"[[0.25, 0.25, 0.25]]",single,1,"[1, 1, 1]",4.0,0.05,"[0, 1, 2, 3, 4, 5, 6, 7, 8, 9, 10, 11, 12, 13, 14, 15, 16, 17, 18, 19, 20, 21, 22, 23, 24, 25, 26, 27, 28, 29, 30, 31, 32, 33, 34, 35, 36, 37, 38, 39, 40, 41, 42, 43, 44, 45, 46, 47, 48, 49, 50, 51, 52, 53, 54]",direct,[],4,0.5714285714285714,4,[7],[0],1
path_image_seed,Mg1,1,2,af202117df2c3a60,POSCAR_Mg1_base0001_direct_path0004_pimg004_seed002.vasp,,True,,[0],[0],['Mg'],"[[0.25, 0.25, 0.25]]",single,1,"[1, 1, 1]",4.0,0.08571428571428572,"[0, 1, 2, 3, 4, 5, 6, 7, 8, 9, 10, 11, 12, 13, 14, 15, 16, 17, 18, 19, 20, 21, 22, 23, 24, 25, 26, 27, 28, 29, 30, 31, 32, 33, 34, 35, 36, 37, 38, 39, 40, 41, 42, 43, 44, 45, 46, 47, 48, 49, 50, 51, 52, 53, 54]",direct,[],4,0.5714285714285714,4,[7],[0],1
path_image_seed,Mg1,1,3,af202117df2c3a60,POSCAR_Mg1_base0001_direct_path0004_pimg004_seed003.vasp,,True,,[0],[0],['Mg'],"[[0.25, 0.25, 0.25]]",single,1,"[1, 1, 1]",4.0,0.12142857142857143,"[0, 1, 2, 3, 4, 5, 6, 7, 8, 9, 10, 11, 12, 13, 14, 15, 16, 17, 18, 19, 20, 21, 22, 23, 24, 25, 26, 27, 28, 29, 30, 31, 32, 33, 34, 35, 36, 37, 38, 39, 40, 41, 42, 43, 44, 45, 46, 47, 48, 49, 50, 51, 52, 53, 54]",direct,[],4,0.5714285714285714,4,[7],[0],1
path_image_seed,Mg1,1,4,af202117df2c3a60,POSCAR_Mg1_base0001_direct_path0004_pimg004_seed004.vasp,,True,,[0],[0],['Mg'],"[[0.25, 0.25, 0.25]]",single,1,"[1, 1, 1]",4.0,0.15714285714285714,"[0, 1, 2, 3, 4, 5, 6, 7, 8, 9, 10, 11, 12, 13, 14, 15, 16, 17, 18, 19, 20, 21, 22, 23, 24, 25, 26, 27, 28, 29, 30, 31, 32, 33, 34, 35, 36, 37, 38, 39, 40, 41, 42, 43, 44, 45, 46, 47, 48, 49, 50, 51, 52, 53, 54]",direct,[],4,0.5714285714285714,4,[7],[0],1
path_image_seed,Mg1,1,5,af202117df2c3a60,POSCAR_Mg1_base0001_direct_path0004_pimg004_seed005.vasp,,True,,[0],[0],['Mg'],"[[0.25, 0.25, 0.25]]",single,1,"[1, 1, 1]",4.0,0.19285714285714284,"[0, 1, 2, 3, 4, 5, 6, 7, 8, 9, 10, 11, 12, 13, 14, 15, 16, 17, 18, 19, 20, 21, 22, 23, 24, 25, 26, 27, 28, 29, 30, 31, 32, 33, 34, 35, 36, 37, 38, 39, 40, 41, 42, 43, 44, 45, 46, 47, 48, 49, 50, 51, 52, 53, 54]",direct,[],4,0.5714285714285714,4,[7],[0],1
path_image_seed,Mg1,1,6,af202117df2c3a60,POSCAR_Mg1_base0001_direct_path0004_pimg004_seed006.vasp,,True,,[0],[0],['Mg'],"[[0.25, 0.25, 0.25]]",single,1,"[1, 1, 1]",4.0,0.22857142857142854,"[0, 1, 2, 3, 4, 5, 6, 7, 8, 9, 10, 11, 12, 13, 14, 15, 16, 17, 18, 19, 20, 21, 22, 23, 24, 25, 26, 27, 28, 29, 30, 31, 32, 33, 34, 35, 36, 37, 38, 39, 40, 41, 42, 43, 44, 45, 46, 47, 48, 49, 50, 51, 52, 53, 54]",direct,[],4,0.5714285714285714,4,[7],[0],1
path_image_seed,Mg1,1,7,af202117df2c3a60,POSCAR_Mg1_base0001_direct_path0004_pimg004_seed007.vasp,,True,,[0],[0],['Mg'],"[[0.25, 0.25, 0.25]]",single,1,"[1, 1, 1]",4.0,0.2642857142857143,"[0, 1, 2, 3, 4, 5, 6, 7, 8, 9, 10, 11, 12, 13, 14, 15, 16, 17, 18, 19, 20, 21, 22, 23, 24, 25, 26, 27, 28, 29, 30, 31, 32, 33, 34, 35, 36, 37, 38, 39, 40, 41, 42, 43, 44, 45, 46, 47, 48, 49, 50, 51, 52, 53, 54]",direct,[],4,0.5714285714285714,4,[7],[0],1
path_image_seed,Mg1,1,8,af202117df2c3a60,POSCAR_Mg1_base0001_direct_path0004_pimg004_seed008.vasp,,True,,[0],[0],['Mg'],"[[0.25, 0.25, 0.25]]",single,1,"[1, 1, 1]",4.0,0.3,"[0, 1, 2, 3, 4, 5, 6, 7, 8, 9, 10, 11, 12, 13, 14, 15, 16, 17, 18, 19, 20, 21, 22, 23, 24, 25, 26, 27, 28, 29, 30, 31, 32, 33, 34, 35, 36, 37, 38, 39, 40, 41, 42, 43, 44, 45, 46, 47, 48, 49, 50, 51, 52, 53, 54]",direct,[],4,0.5714285714285714,4,[7],[0],1
path_image,Mg1,1,,af202117df2c3a60,POSCAR_Mg1_base0001_direct_path0004_pimg005.vasp,,True,,[0],[0],['Mg'],"[[0.25, 0.25, 0.25]]",single,1,"[1, 1, 1]",,,[],direct,[],4,0.7142857142857142,,[7],[0],1
path_image_seed,Mg1,1,1,af202117df2c3a60,POSCAR_Mg1_base0001_direct_path0004_pimg005_seed001.vasp,,True,,[0],[0],['Mg'],"[[0.25, 0.25, 0.25]]",single,1,"[1, 1, 1]",4.0,0.05,"[0, 1, 2, 3, 4, 5, 6, 7, 8, 9, 10, 11, 12, 13, 14, 15, 16, 17, 18, 19, 20, 21, 22, 23, 24, 25, 26, 27, 28, 29, 30, 31, 32, 33, 34, 35, 36, 37, 38, 39, 40, 41, 42, 43, 44, 45, 46, 47, 48, 49, 50, 51, 52, 53, 54]",direct,[],4,0.7142857142857142,5,[7],[0],1
path_image_seed,Mg1,1,2,af202117df2c3a60,POSCAR_Mg1_base0001_direct_path0004_pimg005_seed002.vasp,,True,,[0],[0],['Mg'],"[[0.25, 0.25, 0.25]]",single,1,"[1, 1, 1]",4.0,0.08571428571428572,"[0, 1, 2, 3, 4, 5, 6, 7, 8, 9, 10, 11, 12, 13, 14, 15, 16, 17, 18, 19, 20, 21, 22, 23, 24, 25, 26, 27, 28, 29, 30, 31, 32, 33, 34, 35, 36, 37, 38, 39, 40, 41, 42, 43, 44, 45, 46, 47, 48, 49, 50, 51, 52, 53, 54]",direct,[],4,0.7142857142857142,5,[7],[0],1
path_image_seed,Mg1,1,3,af202117df2c3a60,POSCAR_Mg1_base0001_direct_path0004_pimg005_seed003.vasp,,True,,[0],[0],['Mg'],"[[0.25, 0.25, 0.25]]",single,1,"[1, 1, 1]",4.0,0.12142857142857143,"[0, 1, 2, 3, 4, 5, 6, 7, 8, 9, 10, 11, 12, 13, 14, 15, 16, 17, 18, 19, 20, 21, 22, 23, 24, 25, 26, 27, 28, 29, 30, 31, 32, 33, 34, 35, 36, 37, 38, 39, 40, 41, 42, 43, 44, 45, 46, 47, 48, 49, 50, 51, 52, 53, 54]",direct,[],4,0.7142857142857142,5,[7],[0],1
path_image_seed,Mg1,1,4,af202117df2c3a60,POSCAR_Mg1_base0001_direct_path0004_pimg005_seed004.vasp,,True,,[0],[0],['Mg'],"[[0.25, 0.25, 0.25]]",single,1,"[1, 1, 1]",4.0,0.15714285714285714,"[0, 1, 2, 3, 4, 5, 6, 7, 8, 9, 10, 11, 12, 13, 14, 15, 16, 17, 18, 19, 20, 21, 22, 23, 24, 25, 26, 27, 28, 29, 30, 31, 32, 33, 34, 35, 36, 37, 38, 39, 40, 41, 42, 43, 44, 45, 46, 47, 48, 49, 50, 51, 52, 53, 54]",direct,[],4,0.7142857142857142,5,[7],[0],1
path_image_seed,Mg1,1,5,af202117df2c3a60,POSCAR_Mg1_base0001_direct_path0004_pimg005_seed005.vasp,,True,,[0],[0],['Mg'],"[[0.25, 0.25, 0.25]]",single,1,"[1, 1, 1]",4.0,0.19285714285714284,"[0, 1, 2, 3, 4, 5, 6, 7, 8, 9, 10, 11, 12, 13, 14, 15, 16, 17, 18, 19, 20, 21, 22, 23, 24, 25, 26, 27, 28, 29, 30, 31, 32, 33, 34, 35, 36, 37, 38, 39, 40, 41, 42, 43, 44, 45, 46, 47, 48, 49, 50, 51, 52, 53, 54]",direct,[],4,0.7142857142857142,5,[7],[0],1
path_image_seed,Mg1,1,6,af202117df2c3a60,POSCAR_Mg1_base0001_direct_path0004_pimg005_seed006.vasp,,True,,[0],[0],['Mg'],"[[0.25, 0.25, 0.25]]",single,1,"[1, 1, 1]",4.0,0.22857142857142854,"[0, 1, 2, 3, 4, 5, 6, 7, 8, 9, 10, 11, 12, 13, 14, 15, 16, 17, 18, 19, 20, 21, 22, 23, 24, 25, 26, 27, 28, 29, 30, 31, 32, 33, 34, 35, 36, 37, 38, 39, 40, 41, 42, 43, 44, 45, 46, 47, 48, 49, 50, 51, 52, 53, 54]",direct,[],4,0.7142857142857142,5,[7],[0],1
path_image_seed,Mg1,1,7,af202117df2c3a60,POSCAR_Mg1_base0001_direct_path0004_pimg005_seed007.vasp,,True,,[0],[0],['Mg'],"[[0.25, 0.25, 0.25]]",single,1,"[1, 1, 1]",4.0,0.2642857142857143,"[0, 1, 2, 3, 4, 5, 6, 7, 8, 9, 10, 11, 12, 13, 14, 15, 16, 17, 18, 19, 20, 21, 22, 23, 24, 25, 26, 27, 28, 29, 30, 31, 32, 33, 34, 35, 36, 37, 38, 39, 40, 41, 42, 43, 44, 45, 46, 47, 48, 49, 50, 51, 52, 53, 54]",direct,[],4,0.7142857142857142,5,[7],[0],1
path_image_seed,Mg1,1,8,af202117df2c3a60,POSCAR_Mg1_base0001_direct_path0004_pimg005_seed008.vasp,,True,,[0],[0],['Mg'],"[[0.25, 0.25, 0.25]]",single,1,"[1, 1, 1]",4.0,0.3,"[0, 1, 2, 3, 4, 5, 6, 7, 8, 9, 10, 11, 12, 13, 14, 15, 16, 17, 18, 19, 20, 21, 22, 23, 24, 25, 26, 27, 28, 29, 30, 31, 32, 33, 34, 35, 36, 37, 38, 39, 40, 41, 42, 43, 44, 45, 46, 47, 48, 49, 50, 51, 52, 53, 54]",direct,[],4,0.7142857142857142,5,[7],[0],1
path_image,Mg1,1,,af202117df2c3a60,POSCAR_Mg1_base0001_direct_path0004_pimg006.vasp,,True,,[0],[0],['Mg'],"[[0.25, 0.25, 0.25]]",single,1,"[1, 1, 1]",,,[],direct,[],4,0.8571428571428571,,[7],[0],1
path_image_seed,Mg1,1,1,af202117df2c3a60,POSCAR_Mg1_base0001_direct_path0004_pimg006_seed001.vasp,,True,,[0],[0],['Mg'],"[[0.25, 0.25, 0.25]]",single,1,"[1, 1, 1]",4.0,0.05,"[0, 1, 2, 3, 4, 5, 6, 7, 8, 9, 10, 11, 12, 13, 14, 15, 16, 17, 18, 19, 20, 21, 22, 23, 24, 25, 26, 27, 28, 29, 30, 31, 32, 33, 34, 35, 36, 37, 38, 39, 40, 41, 42, 43, 44, 45, 46, 47, 48, 49, 50, 51, 52, 53, 54]",direct,[],4,0.8571428571428571,6,[7],[0],1
path_image_seed,Mg1,1,2,af202117df2c3a60,POSCAR_Mg1_base0001_direct_path0004_pimg006_seed002.vasp,,True,,[0],[0],['Mg'],"[[0.25, 0.25, 0.25]]",single,1,"[1, 1, 1]",4.0,0.08571428571428572,"[0, 1, 2, 3, 4, 5, 6, 7, 8, 9, 10, 11, 12, 13, 14, 15, 16, 17, 18, 19, 20, 21, 22, 23, 24, 25, 26, 27, 28, 29, 30, 31, 32, 33, 34, 35, 36, 37, 38, 39, 40, 41, 42, 43, 44, 45, 46, 47, 48, 49, 50, 51, 52, 53, 54]",direct,[],4,0.8571428571428571,6,[7],[0],1
path_image_seed,Mg1,1,3,af202117df2c3a60,POSCAR_Mg1_base0001_direct_path0004_pimg006_seed003.vasp,,True,,[0],[0],['Mg'],"[[0.25, 0.25, 0.25]]",single,1,"[1, 1, 1]",4.0,0.12142857142857143,"[0, 1, 2, 3, 4, 5, 6, 7, 8, 9, 10, 11, 12, 13, 14, 15, 16, 17, 18, 19, 20, 21, 22, 23, 24, 25, 26, 27, 28, 29, 30, 31, 32, 33, 34, 35, 36, 37, 38, 39, 40, 41, 42, 43, 44, 45, 46, 47, 48, 49, 50, 51, 52, 53, 54]",direct,[],4,0.8571428571428571,6,[7],[0],1
path_image_seed,Mg1,1,4,af202117df2c3a60,POSCAR_Mg1_base0001_direct_path0004_pimg006_seed004.vasp,,True,,[0],[0],['Mg'],"[[0.25, 0.25, 0.25]]",single,1,"[1, 1, 1]",4.0,0.15714285714285714,"[0, 1, 2, 3, 4, 5, 6, 7, 8, 9, 10, 11, 12, 13, 14, 15, 16, 17, 18, 19, 20, 21, 22, 23, 24, 25, 26, 27, 28, 29, 30, 31, 32, 33, 34, 35, 36, 37, 38, 39, 40, 41, 42, 43, 44, 45, 46, 47, 48, 49, 50, 51, 52, 53, 54]",direct,[],4,0.8571428571428571,6,[7],[0],1
path_image_seed,Mg1,1,5,af202117df2c3a60,POSCAR_Mg1_base0001_direct_path0004_pimg006_seed005.vasp,,True,,[0],[0],['Mg'],"[[0.25, 0.25, 0.25]]",single,1,"[1, 1, 1]",4.0,0.19285714285714284,"[0, 1, 2, 3, 4, 5, 6, 7, 8, 9, 10, 11, 12, 13, 14, 15, 16, 17, 18, 19, 20, 21, 22, 23, 24, 25, 26, 27, 28, 29, 30, 31, 32, 33, 34, 35, 36, 37, 38, 39, 40, 41, 42, 43, 44, 45, 46, 47, 48, 49, 50, 51, 52, 53, 54]",direct,[],4,0.8571428571428571,6,[7],[0],1
path_image_seed,Mg1,1,6,af202117df2c3a60,POSCAR_Mg1_base0001_direct_path0004_pimg006_seed006.vasp,,True,,[0],[0],['Mg'],"[[0.25, 0.25, 0.25]]",single,1,"[1, 1, 1]",4.0,0.22857142857142854,"[0, 1, 2, 3, 4, 5, 6, 7, 8, 9, 10, 11, 12, 13, 14, 15, 16, 17, 18, 19, 20, 21, 22, 23, 24, 25, 26, 27, 28, 29, 30, 31, 32, 33, 34, 35, 36, 37, 38, 39, 40, 41, 42, 43, 44, 45, 46, 47, 48, 49, 50, 51, 52, 53, 54]",direct,[],4,0.8571428571428571,6,[7],[0],1
path_image_seed,Mg1,1,7,af202117df2c3a60,POSCAR_Mg1_base0001_direct_path0004_pimg006_seed007.vasp,,True,,[0],[0],['Mg'],"[[0.25, 0.25, 0.25]]",single,1,"[1, 1, 1]",4.0,0.2642857142857143,"[0, 1, 2, 3, 4, 5, 6, 7, 8, 9, 10, 11, 12, 13, 14, 15, 16, 17, 18, 19, 20, 21, 22, 23, 24, 25, 26, 27, 28, 29, 30, 31, 32, 33, 34, 35, 36, 37, 38, 39, 40, 41, 42, 43, 44, 45, 46, 47, 48, 49, 50, 51, 52, 53, 54]",direct,[],4,0.8571428571428571,6,[7],[0],1
path_image_seed,Mg1,1,8,af202117df2c3a60,POSCAR_Mg1_base0001_direct_path0004_pimg006_seed008.vasp,,True,,[0],[0],['Mg'],"[[0.25, 0.25, 0.25]]",single,1,"[1, 1, 1]",4.0,0.3,"[0, 1, 2, 3, 4, 5, 6, 7, 8, 9, 10, 11, 12, 13, 14, 15, 16, 17, 18, 19, 20, 21, 22, 23, 24, 25, 26, 27, 28, 29, 30, 31, 32, 33, 34, 35, 36, 37, 38, 39, 40, 41, 42, 43, 44, 45, 46, 47, 48, 49, 50, 51, 52, 53, 54]",direct,[],4,0.8571428571428571,6,[7],[0],1
path_end,Mg1,1,,af202117df2c3a60,POSCAR_Mg1_base0001_direct_path0004_pimg007.vasp,,True,,[0],[0],['Mg'],"[[0.25, 0.25, 0.25]]",single,1,"[1, 1, 1]",,,[],direct,[],4,1.0,,[7],[0],1
path_end_seed,Mg1,1,1,af202117df2c3a60,POSCAR_Mg1_base0001_direct_path0004_pimg007_seed001.vasp,,True,,[0],[0],['Mg'],"[[0.25, 0.25, 0.25]]",single,1,"[1, 1, 1]",4.0,0.05,"[0, 1, 2, 3, 4, 5, 6, 7, 8, 9, 10, 11, 12, 13, 14, 15, 16, 17, 18, 19, 20, 21, 22, 23, 24, 25, 26, 27, 28, 29, 30, 31, 32, 33, 34, 35, 36, 37, 38, 39, 40, 41, 42, 43, 44, 45, 46, 47, 48, 49, 50, 51, 52, 53, 54]",direct,[],4,1.0,7,[7],[0],1
path_end_seed,Mg1,1,2,af202117df2c3a60,POSCAR_Mg1_base0001_direct_path0004_pimg007_seed002.vasp,,True,,[0],[0],['Mg'],"[[0.25, 0.25, 0.25]]",single,1,"[1, 1, 1]",4.0,0.08571428571428572,"[0, 1, 2, 3, 4, 5, 6, 7, 8, 9, 10, 11, 12, 13, 14, 15, 16, 17, 18, 19, 20, 21, 22, 23, 24, 25, 26, 27, 28, 29, 30, 31, 32, 33, 34, 35, 36, 37, 38, 39, 40, 41, 42, 43, 44, 45, 46, 47, 48, 49, 50, 51, 52, 53, 54]",direct,[],4,1.0,7,[7],[0],1
path_end_seed,Mg1,1,3,af202117df2c3a60,POSCAR_Mg1_base0001_direct_path0004_pimg007_seed003.vasp,,True,,[0],[0],['Mg'],"[[0.25, 0.25, 0.25]]",single,1,"[1, 1, 1]",4.0,0.12142857142857143,"[0, 1, 2, 3, 4, 5, 6, 7, 8, 9, 10, 11, 12, 13, 14, 15, 16, 17, 18, 19, 20, 21, 22, 23, 24, 25, 26, 27, 28, 29, 30, 31, 32, 33, 34, 35, 36, 37, 38, 39, 40, 41, 42, 43, 44, 45, 46, 47, 48, 49, 50, 51, 52, 53, 54]",direct,[],4,1.0,7,[7],[0],1
path_end_seed,Mg1,1,4,af202117df2c3a60,POSCAR_Mg1_base0001_direct_path0004_pimg007_seed004.vasp,,True,,[0],[0],['Mg'],"[[0.25, 0.25, 0.25]]",single,1,"[1, 1, 1]",4.0,0.15714285714285714,"[0, 1, 2, 3, 4, 5, 6, 7, 8, 9, 10, 11, 12, 13, 14, 15, 16, 17, 18, 19, 20, 21, 22, 23, 24, 25, 26, 27, 28, 29, 30, 31, 32, 33, 34, 35, 36, 37, 38, 39, 40, 41, 42, 43, 44, 45, 46, 47, 48, 49, 50, 51, 52, 53, 54]",direct,[],4,1.0,7,[7],[0],1
path_end_seed,Mg1,1,5,af202117df2c3a60,POSCAR_Mg1_base0001_direct_path0004_pimg007_seed005.vasp,,True,,[0],[0],['Mg'],"[[0.25, 0.25, 0.25]]",single,1,"[1, 1, 1]",4.0,0.19285714285714284,"[0, 1, 2, 3, 4, 5, 6, 7, 8, 9, 10, 11, 12, 13, 14, 15, 16, 17, 18, 19, 20, 21, 22, 23, 24, 25, 26, 27, 28, 29, 30, 31, 32, 33, 34, 35, 36, 37, 38, 39, 40, 41, 42, 43, 44, 45, 46, 47, 48, 49, 50, 51, 52, 53, 54]",direct,[],4,1.0,7,[7],[0],1
path_end_seed,Mg1,1,6,af202117df2c3a60,POSCAR_Mg1_base0001_direct_path0004_pimg007_seed006.vasp,,True,,[0],[0],['Mg'],"[[0.25, 0.25, 0.25]]",single,1,"[1, 1, 1]",4.0,0.22857142857142854,"[0, 1, 2, 3, 4, 5, 6, 7, 8, 9, 10, 11, 12, 13, 14, 15, 16, 17, 18, 19, 20, 21, 22, 23, 24, 25, 26, 27, 28, 29, 30, 31, 32, 33, 34, 35, 36, 37, 38, 39, 40, 41, 42, 43, 44, 45, 46, 47, 48, 49, 50, 51, 52, 53, 54]",direct,[],4,1.0,7,[7],[0],1
path_end_seed,Mg1,1,7,af202117df2c3a60,POSCAR_Mg1_base0001_direct_path0004_pimg007_seed007.vasp,,True,,[0],[0],['Mg'],"[[0.25, 0.25, 0.25]]",single,1,"[1, 1, 1]",4.0,0.2642857142857143,"[0, 1, 2, 3, 4, 5, 6, 7, 8, 9, 10, 11, 12, 13, 14, 15, 16, 17, 18, 19, 20, 21, 22, 23, 24, 25, 26, 27, 28, 29, 30, 31, 32, 33, 34, 35, 36, 37, 38, 39, 40, 41, 42, 43, 44, 45, 46, 47, 48, 49, 50, 51, 52, 53, 54]",direct,[],4,1.0,7,[7],[0],1
path_end_seed,Mg1,1,8,af202117df2c3a60,POSCAR_Mg1_base0001_direct_path0004_pimg007_seed008.vasp,,True,,[0],[0],['Mg'],"[[0.25, 0.25, 0.25]]",single,1,"[1, 1, 1]",4.0,0.3,"[0, 1, 2, 3, 4, 5, 6, 7, 8, 9, 10, 11, 12, 13, 14, 15, 16, 17, 18, 19, 20, 21, 22, 23, 24, 25, 26, 27, 28, 29, 30, 31, 32, 33, 34, 35, 36, 37, 38, 39, 40, 41, 42, 43, 44, 45, 46, 47, 48, 49, 50, 51, 52, 53, 54]",direct,[],4,1.0,7,[7],[0],1
path_start,Mg1,1,,af202117df2c3a60,POSCAR_Mg1_base0001_direct_path0005_pimg000.vasp,,True,,[0],[0],['Mg'],"[[0.25, 0.25, 0.25]]",single,1,"[1, 1, 1]",,,[],direct,[],5,0.0,,[2],[0],1
path_start_seed,Mg1,1,1,af202117df2c3a60,POSCAR_Mg1_base0001_direct_path0005_pimg000_seed001.vasp,,True,,[0],[0],['Mg'],"[[0.25, 0.25, 0.25]]",single,1,"[1, 1, 1]",4.0,0.05,"[0, 1, 2, 3, 4, 5, 6, 7, 8, 9, 10, 11, 12, 13, 14, 15, 16, 17, 18, 19, 20, 21, 22, 23, 24, 25, 26, 27, 28, 29, 30, 31, 32, 33, 34, 35, 36, 37, 38, 39, 40, 41, 42, 43, 44, 45, 46, 47, 48, 49, 50, 51, 52, 53, 54]",direct,[],5,0.0,0,[2],[0],1
path_start_seed,Mg1,1,2,af202117df2c3a60,POSCAR_Mg1_base0001_direct_path0005_pimg000_seed002.vasp,,True,,[0],[0],['Mg'],"[[0.25, 0.25, 0.25]]",single,1,"[1, 1, 1]",4.0,0.08571428571428572,"[0, 1, 2, 3, 4, 5, 6, 7, 8, 9, 10, 11, 12, 13, 14, 15, 16, 17, 18, 19, 20, 21, 22, 23, 24, 25, 26, 27, 28, 29, 30, 31, 32, 33, 34, 35, 36, 37, 38, 39, 40, 41, 42, 43, 44, 45, 46, 47, 48, 49, 50, 51, 52, 53, 54]",direct,[],5,0.0,0,[2],[0],1
path_start_seed,Mg1,1,3,af202117df2c3a60,POSCAR_Mg1_base0001_direct_path0005_pimg000_seed003.vasp,,True,,[0],[0],['Mg'],"[[0.25, 0.25, 0.25]]",single,1,"[1, 1, 1]",4.0,0.12142857142857143,"[0, 1, 2, 3, 4, 5, 6, 7, 8, 9, 10, 11, 12, 13, 14, 15, 16, 17, 18, 19, 20, 21, 22, 23, 24, 25, 26, 27, 28, 29, 30, 31, 32, 33, 34, 35, 36, 37, 38, 39, 40, 41, 42, 43, 44, 45, 46, 47, 48, 49, 50, 51, 52, 53, 54]",direct,[],5,0.0,0,[2],[0],1
path_start_seed,Mg1,1,4,af202117df2c3a60,POSCAR_Mg1_base0001_direct_path0005_pimg000_seed004.vasp,,True,,[0],[0],['Mg'],"[[0.25, 0.25, 0.25]]",single,1,"[1, 1, 1]",4.0,0.15714285714285714,"[0, 1, 2, 3, 4, 5, 6, 7, 8, 9, 10, 11, 12, 13, 14, 15, 16, 17, 18, 19, 20, 21, 22, 23, 24, 25, 26, 27, 28, 29, 30, 31, 32, 33, 34, 35, 36, 37, 38, 39, 40, 41, 42, 43, 44, 45, 46, 47, 48, 49, 50, 51, 52, 53, 54]",direct,[],5,0.0,0,[2],[0],1
path_start_seed,Mg1,1,5,af202117df2c3a60,POSCAR_Mg1_base0001_direct_path0005_pimg000_seed005.vasp,,True,,[0],[0],['Mg'],"[[0.25, 0.25, 0.25]]",single,1,"[1, 1, 1]",4.0,0.19285714285714284,"[0, 1, 2, 3, 4, 5, 6, 7, 8, 9, 10, 11, 12, 13, 14, 15, 16, 17, 18, 19, 20, 21, 22, 23, 24, 25, 26, 27, 28, 29, 30, 31, 32, 33, 34, 35, 36, 37, 38, 39, 40, 41, 42, 43, 44, 45, 46, 47, 48, 49, 50, 51, 52, 53, 54]",direct,[],5,0.0,0,[2],[0],1
path_start_seed,Mg1,1,6,af202117df2c3a60,POSCAR_Mg1_base0001_direct_path0005_pimg000_seed006.vasp,,True,,[0],[0],['Mg'],"[[0.25, 0.25, 0.25]]",single,1,"[1, 1, 1]",4.0,0.22857142857142854,"[0, 1, 2, 3, 4, 5, 6, 7, 8, 9, 10, 11, 12, 13, 14, 15, 16, 17, 18, 19, 20, 21, 22, 23, 24, 25, 26, 27, 28, 29, 30, 31, 32, 33, 34, 35, 36, 37, 38, 39, 40, 41, 42, 43, 44, 45, 46, 47, 48, 49, 50, 51, 52, 53, 54]",direct,[],5,0.0,0,[2],[0],1
path_start_seed,Mg1,1,7,af202117df2c3a60,POSCAR_Mg1_base0001_direct_path0005_pimg000_seed007.vasp,,True,,[0],[0],['Mg'],"[[0.25, 0.25, 0.25]]",single,1,"[1, 1, 1]",4.0,0.2642857142857143,"[0, 1, 2, 3, 4, 5, 6, 7, 8, 9, 10, 11, 12, 13, 14, 15, 16, 17, 18, 19, 20, 21, 22, 23, 24, 25, 26, 27, 28, 29, 30, 31, 32, 33, 34, 35, 36, 37, 38, 39, 40, 41, 42, 43, 44, 45, 46, 47, 48, 49, 50, 51, 52, 53, 54]",direct,[],5,0.0,0,[2],[0],1
path_start_seed,Mg1,1,8,af202117df2c3a60,POSCAR_Mg1_base0001_direct_path0005_pimg000_seed008.vasp,,True,,[0],[0],['Mg'],"[[0.25, 0.25, 0.25]]",single,1,"[1, 1, 1]",4.0,0.3,"[0, 1, 2, 3, 4, 5, 6, 7, 8, 9, 10, 11, 12, 13, 14, 15, 16, 17, 18, 19, 20, 21, 22, 23, 24, 25, 26, 27, 28, 29, 30, 31, 32, 33, 34, 35, 36, 37, 38, 39, 40, 41, 42, 43, 44, 45, 46, 47, 48, 49, 50, 51, 52, 53, 54]",direct,[],5,0.0,0,[2],[0],1
path_image,Mg1,1,,af202117df2c3a60,POSCAR_Mg1_base0001_direct_path0005_pimg001.vasp,,True,,[0],[0],['Mg'],"[[0.25, 0.25, 0.25]]",single,1,"[1, 1, 1]",,,[],direct,[],5,0.14285714285714285,,[2],[0],1
path_image_seed,Mg1,1,1,af202117df2c3a60,POSCAR_Mg1_base0001_direct_path0005_pimg001_seed001.vasp,,True,,[0],[0],['Mg'],"[[0.25, 0.25, 0.25]]",single,1,"[1, 1, 1]",4.0,0.05,"[0, 1, 2, 3, 4, 5, 6, 7, 8, 9, 10, 11, 12, 13, 14, 15, 16, 17, 18, 19, 20, 21, 22, 23, 24, 25, 26, 27, 28, 29, 30, 31, 32, 33, 34, 35, 36, 37, 38, 39, 40, 41, 42, 43, 44, 45, 46, 47, 48, 49, 50, 51, 52, 53, 54]",direct,[],5,0.14285714285714285,1,[2],[0],1
path_image_seed,Mg1,1,2,af202117df2c3a60,POSCAR_Mg1_base0001_direct_path0005_pimg001_seed002.vasp,,True,,[0],[0],['Mg'],"[[0.25, 0.25, 0.25]]",single,1,"[1, 1, 1]",4.0,0.08571428571428572,"[0, 1, 2, 3, 4, 5, 6, 7, 8, 9, 10, 11, 12, 13, 14, 15, 16, 17, 18, 19, 20, 21, 22, 23, 24, 25, 26, 27, 28, 29, 30, 31, 32, 33, 34, 35, 36, 37, 38, 39, 40, 41, 42, 43, 44, 45, 46, 47, 48, 49, 50, 51, 52, 53, 54]",direct,[],5,0.14285714285714285,1,[2],[0],1
path_image_seed,Mg1,1,3,af202117df2c3a60,POSCAR_Mg1_base0001_direct_path0005_pimg001_seed003.vasp,,True,,[0],[0],['Mg'],"[[0.25, 0.25, 0.25]]",single,1,"[1, 1, 1]",4.0,0.12142857142857143,"[0, 1, 2, 3, 4, 5, 6, 7, 8, 9, 10, 11, 12, 13, 14, 15, 16, 17, 18, 19, 20, 21, 22, 23, 24, 25, 26, 27, 28, 29, 30, 31, 32, 33, 34, 35, 36, 37, 38, 39, 40, 41, 42, 43, 44, 45, 46, 47, 48, 49, 50, 51, 52, 53, 54]",direct,[],5,0.14285714285714285,1,[2],[0],1
path_image_seed,Mg1,1,4,af202117df2c3a60,POSCAR_Mg1_base0001_direct_path0005_pimg001_seed004.vasp,,True,,[0],[0],['Mg'],"[[0.25, 0.25, 0.25]]",single,1,"[1, 1, 1]",4.0,0.15714285714285714,"[0, 1, 2, 3, 4, 5, 6, 7, 8, 9, 10, 11, 12, 13, 14, 15, 16, 17, 18, 19, 20, 21, 22, 23, 24, 25, 26, 27, 28, 29, 30, 31, 32, 33, 34, 35, 36, 37, 38, 39, 40, 41, 42, 43, 44, 45, 46, 47, 48, 49, 50, 51, 52, 53, 54]",direct,[],5,0.14285714285714285,1,[2],[0],1
path_image_seed,Mg1,1,5,af202117df2c3a60,POSCAR_Mg1_base0001_direct_path0005_pimg001_seed005.vasp,,True,,[0],[0],['Mg'],"[[0.25, 0.25, 0.25]]",single,1,"[1, 1, 1]",4.0,0.19285714285714284,"[0, 1, 2, 3, 4, 5, 6, 7, 8, 9, 10, 11, 12, 13, 14, 15, 16, 17, 18, 19, 20, 21, 22, 23, 24, 25, 26, 27, 28, 29, 30, 31, 32, 33, 34, 35, 36, 37, 38, 39, 40, 41, 42, 43, 44, 45, 46, 47, 48, 49, 50, 51, 52, 53, 54]",direct,[],5,0.14285714285714285,1,[2],[0],1
path_image_seed,Mg1,1,6,af202117df2c3a60,POSCAR_Mg1_base0001_direct_path0005_pimg001_seed006.vasp,,True,,[0],[0],['Mg'],"[[0.25, 0.25, 0.25]]",single,1,"[1, 1, 1]",4.0,0.22857142857142854,"[0, 1, 2, 3, 4, 5, 6, 7, 8, 9, 10, 11, 12, 13, 14, 15, 16, 17, 18, 19, 20, 21, 22, 23, 24, 25, 26, 27, 28, 29, 30, 31, 32, 33, 34, 35, 36, 37, 38, 39, 40, 41, 42, 43, 44, 45, 46, 47, 48, 49, 50, 51, 52, 53, 54]",direct,[],5,0.14285714285714285,1,[2],[0],1
path_image_seed,Mg1,1,7,af202117df2c3a60,POSCAR_Mg1_base0001_direct_path0005_pimg001_seed007.vasp,,True,,[0],[0],['Mg'],"[[0.25, 0.25, 0.25]]",single,1,"[1, 1, 1]",4.0,0.2642857142857143,"[0, 1, 2, 3, 4, 5, 6, 7, 8, 9, 10, 11, 12, 13, 14, 15, 16, 17, 18, 19, 20, 21, 22, 23, 24, 25, 26, 27, 28, 29, 30, 31, 32, 33, 34, 35, 36, 37, 38, 39, 40, 41, 42, 43, 44, 45, 46, 47, 48, 49, 50, 51, 52, 53, 54]",direct,[],5,0.14285714285714285,1,[2],[0],1
path_image_seed,Mg1,1,8,af202117df2c3a60,POSCAR_Mg1_base0001_direct_path0005_pimg001_seed008.vasp,,True,,[0],[0],['Mg'],"[[0.25, 0.25, 0.25]]",single,1,"[1, 1, 1]",4.0,0.3,"[0, 1, 2, 3, 4, 5, 6, 7, 8, 9, 10, 11, 12, 13, 14, 15, 16, 17, 18, 19, 20, 21, 22, 23, 24, 25, 26, 27, 28, 29, 30, 31, 32, 33, 34, 35, 36, 37, 38, 39, 40, 41, 42, 43, 44, 45, 46, 47, 48, 49, 50, 51, 52, 53, 54]",direct,[],5,0.14285714285714285,1,[2],[0],1
path_image,Mg1,1,,af202117df2c3a60,POSCAR_Mg1_base0001_direct_path0005_pimg002.vasp,,True,,[0],[0],['Mg'],"[[0.25, 0.25, 0.25]]",single,1,"[1, 1, 1]",,,[],direct,[],5,0.2857142857142857,,[2],[0],1
rejected_path_image_seed,Mg1,1,1,af202117df2c3a60,,,False,"{""pair"": [1, 31], ""species"": [""Mg"", ""Se""], ""distance"": 1.430620461099773, ""minimum_allowed"": 1.4575}",[0],[0],['Mg'],"[[0.25, 0.25, 0.25]]",single,1,"[1, 1, 1]",4.0,0.05,"[0, 1, 2, 3, 4, 5, 6, 7, 8, 9, 10, 11, 12, 13, 14, 15, 16, 17, 18, 19, 20, 21, 22, 23, 24, 25, 26, 27, 28, 29, 30, 31, 32, 33, 34, 35, 36, 37, 38, 39, 40, 41, 42, 43, 44, 45, 46, 47, 48, 49, 50, 51, 52, 53, 54]",direct,[],5,0.2857142857142857,2,[2],[0],1
rejected_path_image_seed,Mg1,1,2,af202117df2c3a60,,,False,"{""pair"": [1, 31], ""species"": [""Mg"", ""Se""], ""distance"": 1.4469626232988038, ""minimum_allowed"": 1.4575}",[0],[0],['Mg'],"[[0.25, 0.25, 0.25]]",single,1,"[1, 1, 1]",4.0,0.08571428571428572,"[0, 1, 2, 3, 4, 5, 6, 7, 8, 9, 10, 11, 12, 13, 14, 15, 16, 17, 18, 19, 20, 21, 22, 23, 24, 25, 26, 27, 28, 29, 30, 31, 32, 33, 34, 35, 36, 37, 38, 39, 40, 41, 42, 43, 44, 45, 46, 47, 48, 49, 50, 51, 52, 53, 54]",direct,[],5,0.2857142857142857,2,[2],[0],1
path_image_seed,Mg1,1,3,af202117df2c3a60,POSCAR_Mg1_base0001_direct_path0005_pimg002_seed003.vasp,,True,,[0],[0],['Mg'],"[[0.25, 0.25, 0.25]]",single,1,"[1, 1, 1]",4.0,0.12142857142857143,"[0, 1, 2, 3, 4, 5, 6, 7, 8, 9, 10, 11, 12, 13, 14, 15, 16, 17, 18, 19, 20, 21, 22, 23, 24, 25, 26, 27, 28, 29, 30, 31, 32, 33, 34, 35, 36, 37, 38, 39, 40, 41, 42, 43, 44, 45, 46, 47, 48, 49, 50, 51, 52, 53, 54]",direct,[],5,0.2857142857142857,2,[2],[0],1
path_image_seed,Mg1,1,4,af202117df2c3a60,POSCAR_Mg1_base0001_direct_path0005_pimg002_seed004.vasp,,True,,[0],[0],['Mg'],"[[0.25, 0.25, 0.25]]",single,1,"[1, 1, 1]",4.0,0.15714285714285714,"[0, 1, 2, 3, 4, 5, 6, 7, 8, 9, 10, 11, 12, 13, 14, 15, 16, 17, 18, 19, 20, 21, 22, 23, 24, 25, 26, 27, 28, 29, 30, 31, 32, 33, 34, 35, 36, 37, 38, 39, 40, 41, 42, 43, 44, 45, 46, 47, 48, 49, 50, 51, 52, 53, 54]",direct,[],5,0.2857142857142857,2,[2],[0],1
rejected_path_image_seed,Mg1,1,5,af202117df2c3a60,,,False,"{""pair"": [1, 31], ""species"": [""Mg"", ""Se""], ""distance"": 1.3978784656247003, ""minimum_allowed"": 1.4575}",[0],[0],['Mg'],"[[0.25, 0.25, 0.25]]",single,1,"[1, 1, 1]",4.0,0.19285714285714284,"[0, 1, 2, 3, 4, 5, 6, 7, 8, 9, 10, 11, 12, 13, 14, 15, 16, 17, 18, 19, 20, 21, 22, 23, 24, 25, 26, 27, 28, 29, 30, 31, 32, 33, 34, 35, 36, 37, 38, 39, 40, 41, 42, 43, 44, 45, 46, 47, 48, 49, 50, 51, 52, 53, 54]",direct,[],5,0.2857142857142857,2,[2],[0],1
rejected_path_image_seed,Mg1,1,6,af202117df2c3a60,,,False,"{""pair"": [1, 31], ""species"": [""Mg"", ""Se""], ""distance"": 1.3133084695873438, ""minimum_allowed"": 1.4575}",[0],[0],['Mg'],"[[0.25, 0.25, 0.25]]",single,1,"[1, 1, 1]",4.0,0.22857142857142854,"[0, 1, 2, 3, 4, 5, 6, 7, 8, 9, 10, 11, 12, 13, 14, 15, 16, 17, 18, 19, 20, 21, 22, 23, 24, 25, 26, 27, 28, 29, 30, 31, 32, 33, 34, 35, 36, 37, 38, 39, 40, 41, 42, 43, 44, 45, 46, 47, 48, 49, 50, 51, 52, 53, 54]",direct,[],5,0.2857142857142857,2,[2],[0],1
rejected_path_image_seed,Mg1,1,7,af202117df2c3a60,,,False,"{""pair"": [1, 31], ""species"": [""Mg"", ""Se""], ""distance"": 1.3719971880003663, ""minimum_allowed"": 1.4575}",[0],[0],['Mg'],"[[0.25, 0.25, 0.25]]",single,1,"[1, 1, 1]",4.0,0.2642857142857143,"[0, 1, 2, 3, 4, 5, 6, 7, 8, 9, 10, 11, 12, 13, 14, 15, 16, 17, 18, 19, 20, 21, 22, 23, 24, 25, 26, 27, 28, 29, 30, 31, 32, 33, 34, 35, 36, 37, 38, 39, 40, 41, 42, 43, 44, 45, 46, 47, 48, 49, 50, 51, 52, 53, 54]",direct,[],5,0.2857142857142857,2,[2],[0],1
rejected_path_image_seed,Mg1,1,8,af202117df2c3a60,,,False,"{""pair"": [1, 31], ""species"": [""Mg"", ""Se""], ""distance"": 1.367908031657159, ""minimum_allowed"": 1.4575}",[0],[0],['Mg'],"[[0.25, 0.25, 0.25]]",single,1,"[1, 1, 1]",4.0,0.3,"[0, 1, 2, 3, 4, 5, 6, 7, 8, 9, 10, 11, 12, 13, 14, 15, 16, 17, 18, 19, 20, 21, 22, 23, 24, 25, 26, 27, 28, 29, 30, 31, 32, 33, 34, 35, 36, 37, 38, 39, 40, 41, 42, 43, 44, 45, 46, 47, 48, 49, 50, 51, 52, 53, 54]",direct,[],5,0.2857142857142857,2,[2],[0],1
path_image,Mg1,1,,af202117df2c3a60,POSCAR_Mg1_base0001_direct_path0005_pimg003.vasp,,True,,[0],[0],['Mg'],"[[0.25, 0.25, 0.25]]",single,1,"[1, 1, 1]",,,[],direct,[],5,0.42857142857142855,,[2],[0],1
path_image_seed,Mg1,1,1,af202117df2c3a60,POSCAR_Mg1_base0001_direct_path0005_pimg003_seed001.vasp,,True,,[0],[0],['Mg'],"[[0.25, 0.25, 0.25]]",single,1,"[1, 1, 1]",4.0,0.05,"[0, 1, 2, 3, 4, 5, 6, 7, 8, 9, 10, 11, 12, 13, 14, 15, 16, 17, 18, 19, 20, 21, 22, 23, 24, 25, 26, 27, 28, 29, 30, 31, 32, 33, 34, 35, 36, 37, 38, 39, 40, 41, 42, 43, 44, 45, 46, 47, 48, 49, 50, 51, 52, 53, 54]",direct,[],5,0.42857142857142855,3,[2],[0],1
path_image_seed,Mg1,1,2,af202117df2c3a60,POSCAR_Mg1_base0001_direct_path0005_pimg003_seed002.vasp,,True,,[0],[0],['Mg'],"[[0.25, 0.25, 0.25]]",single,1,"[1, 1, 1]",4.0,0.08571428571428572,"[0, 1, 2, 3, 4, 5, 6, 7, 8, 9, 10, 11, 12, 13, 14, 15, 16, 17, 18, 19, 20, 21, 22, 23, 24, 25, 26, 27, 28, 29, 30, 31, 32, 33, 34, 35, 36, 37, 38, 39, 40, 41, 42, 43, 44, 45, 46, 47, 48, 49, 50, 51, 52, 53, 54]",direct,[],5,0.42857142857142855,3,[2],[0],1
path_image_seed,Mg1,1,3,af202117df2c3a60,POSCAR_Mg1_base0001_direct_path0005_pimg003_seed003.vasp,,True,,[0],[0],['Mg'],"[[0.25, 0.25, 0.25]]",single,1,"[1, 1, 1]",4.0,0.12142857142857143,"[0, 1, 2, 3, 4, 5, 6, 7, 8, 9, 10, 11, 12, 13, 14, 15, 16, 17, 18, 19, 20, 21, 22, 23, 24, 25, 26, 27, 28, 29, 30, 31, 32, 33, 34, 35, 36, 37, 38, 39, 40, 41, 42, 43, 44, 45, 46, 47, 48, 49, 50, 51, 52, 53, 54]",direct,[],5,0.42857142857142855,3,[2],[0],1
path_image_seed,Mg1,1,4,af202117df2c3a60,POSCAR_Mg1_base0001_direct_path0005_pimg003_seed004.vasp,,True,,[0],[0],['Mg'],"[[0.25, 0.25, 0.25]]",single,1,"[1, 1, 1]",4.0,0.15714285714285714,"[0, 1, 2, 3, 4, 5, 6, 7, 8, 9, 10, 11, 12, 13, 14, 15, 16, 17, 18, 19, 20, 21, 22, 23, 24, 25, 26, 27, 28, 29, 30, 31, 32, 33, 34, 35, 36, 37, 38, 39, 40, 41, 42, 43, 44, 45, 46, 47, 48, 49, 50, 51, 52, 53, 54]",direct,[],5,0.42857142857142855,3,[2],[0],1
path_image_seed,Mg1,1,5,af202117df2c3a60,POSCAR_Mg1_base0001_direct_path0005_pimg003_seed005.vasp,,True,,[0],[0],['Mg'],"[[0.25, 0.25, 0.25]]",single,1,"[1, 1, 1]",4.0,0.19285714285714284,"[0, 1, 2, 3, 4, 5, 6, 7, 8, 9, 10, 11, 12, 13, 14, 15, 16, 17, 18, 19, 20, 21, 22, 23, 24, 25, 26, 27, 28, 29, 30, 31, 32, 33, 34, 35, 36, 37, 38, 39, 40, 41, 42, 43, 44, 45, 46, 47, 48, 49, 50, 51, 52, 53, 54]",direct,[],5,0.42857142857142855,3,[2],[0],1
path_image_seed,Mg1,1,6,af202117df2c3a60,POSCAR_Mg1_base0001_direct_path0005_pimg003_seed006.vasp,,True,,[0],[0],['Mg'],"[[0.25, 0.25, 0.25]]",single,1,"[1, 1, 1]",4.0,0.22857142857142854,"[0, 1, 2, 3, 4, 5, 6, 7, 8, 9, 10, 11, 12, 13, 14, 15, 16, 17, 18, 19, 20, 21, 22, 23, 24, 25, 26, 27, 28, 29, 30, 31, 32, 33, 34, 35, 36, 37, 38, 39, 40, 41, 42, 43, 44, 45, 46, 47, 48, 49, 50, 51, 52, 53, 54]",direct,[],5,0.42857142857142855,3,[2],[0],1
path_image_seed,Mg1,1,7,af202117df2c3a60,POSCAR_Mg1_base0001_direct_path0005_pimg003_seed007.vasp,,True,,[0],[0],['Mg'],"[[0.25, 0.25, 0.25]]",single,1,"[1, 1, 1]",4.0,0.2642857142857143,"[0, 1, 2, 3, 4, 5, 6, 7, 8, 9, 10, 11, 12, 13, 14, 15, 16, 17, 18, 19, 20, 21, 22, 23, 24, 25, 26, 27, 28, 29, 30, 31, 32, 33, 34, 35, 36, 37, 38, 39, 40, 41, 42, 43, 44, 45, 46, 47, 48, 49, 50, 51, 52, 53, 54]",direct,[],5,0.42857142857142855,3,[2],[0],1
path_image_seed,Mg1,1,8,af202117df2c3a60,POSCAR_Mg1_base0001_direct_path0005_pimg003_seed008.vasp,,True,,[0],[0],['Mg'],"[[0.25, 0.25, 0.25]]",single,1,"[1, 1, 1]",4.0,0.3,"[0, 1, 2, 3, 4, 5, 6, 7, 8, 9, 10, 11, 12, 13, 14, 15, 16, 17, 18, 19, 20, 21, 22, 23, 24, 25, 26, 27, 28, 29, 30, 31, 32, 33, 34, 35, 36, 37, 38, 39, 40, 41, 42, 43, 44, 45, 46, 47, 48, 49, 50, 51, 52, 53, 54]",direct,[],5,0.42857142857142855,3,[2],[0],1
path_image,Mg1,1,,af202117df2c3a60,POSCAR_Mg1_base0001_direct_path0005_pimg004.vasp,,True,,[0],[0],['Mg'],"[[0.25, 0.25, 0.25]]",single,1,"[1, 1, 1]",,,[],direct,[],5,0.5714285714285714,,[2],[0],1
path_image_seed,Mg1,1,1,af202117df2c3a60,POSCAR_Mg1_base0001_direct_path0005_pimg004_seed001.vasp,,True,,[0],[0],['Mg'],"[[0.25, 0.25, 0.25]]",single,1,"[1, 1, 1]",4.0,0.05,"[0, 1, 2, 3, 4, 5, 6, 7, 8, 9, 10, 11, 12, 13, 14, 15, 16, 17, 18, 19, 20, 21, 22, 23, 24, 25, 26, 27, 28, 29, 30, 31, 32, 33, 34, 35, 36, 37, 38, 39, 40, 41, 42, 43, 44, 45, 46, 47, 48, 49, 50, 51, 52, 53, 54]",direct,[],5,0.5714285714285714,4,[2],[0],1
path_image_seed,Mg1,1,2,af202117df2c3a60,POSCAR_Mg1_base0001_direct_path0005_pimg004_seed002.vasp,,True,,[0],[0],['Mg'],"[[0.25, 0.25, 0.25]]",single,1,"[1, 1, 1]",4.0,0.08571428571428572,"[0, 1, 2, 3, 4, 5, 6, 7, 8, 9, 10, 11, 12, 13, 14, 15, 16, 17, 18, 19, 20, 21, 22, 23, 24, 25, 26, 27, 28, 29, 30, 31, 32, 33, 34, 35, 36, 37, 38, 39, 40, 41, 42, 43, 44, 45, 46, 47, 48, 49, 50, 51, 52, 53, 54]",direct,[],5,0.5714285714285714,4,[2],[0],1
path_image_seed,Mg1,1,3,af202117df2c3a60,POSCAR_Mg1_base0001_direct_path0005_pimg004_seed003.vasp,,True,,[0],[0],['Mg'],"[[0.25, 0.25, 0.25]]",single,1,"[1, 1, 1]",4.0,0.12142857142857143,"[0, 1, 2, 3, 4, 5, 6, 7, 8, 9, 10, 11, 12, 13, 14, 15, 16, 17, 18, 19, 20, 21, 22, 23, 24, 25, 26, 27, 28, 29, 30, 31, 32, 33, 34, 35, 36, 37, 38, 39, 40, 41, 42, 43, 44, 45, 46, 47, 48, 49, 50, 51, 52, 53, 54]",direct,[],5,0.5714285714285714,4,[2],[0],1
path_image_seed,Mg1,1,4,af202117df2c3a60,POSCAR_Mg1_base0001_direct_path0005_pimg004_seed004.vasp,,True,,[0],[0],['Mg'],"[[0.25, 0.25, 0.25]]",single,1,"[1, 1, 1]",4.0,0.15714285714285714,"[0, 1, 2, 3, 4, 5, 6, 7, 8, 9, 10, 11, 12, 13, 14, 15, 16, 17, 18, 19, 20, 21, 22, 23, 24, 25, 26, 27, 28, 29, 30, 31, 32, 33, 34, 35, 36, 37, 38, 39, 40, 41, 42, 43, 44, 45, 46, 47, 48, 49, 50, 51, 52, 53, 54]",direct,[],5,0.5714285714285714,4,[2],[0],1
path_image_seed,Mg1,1,5,af202117df2c3a60,POSCAR_Mg1_base0001_direct_path0005_pimg004_seed005.vasp,,True,,[0],[0],['Mg'],"[[0.25, 0.25, 0.25]]",single,1,"[1, 1, 1]",4.0,0.19285714285714284,"[0, 1, 2, 3, 4, 5, 6, 7, 8, 9, 10, 11, 12, 13, 14, 15, 16, 17, 18, 19, 20, 21, 22, 23, 24, 25, 26, 27, 28, 29, 30, 31, 32, 33, 34, 35, 36, 37, 38, 39, 40, 41, 42, 43, 44, 45, 46, 47, 48, 49, 50, 51, 52, 53, 54]",direct,[],5,0.5714285714285714,4,[2],[0],1
path_image_seed,Mg1,1,6,af202117df2c3a60,POSCAR_Mg1_base0001_direct_path0005_pimg004_seed006.vasp,,True,,[0],[0],['Mg'],"[[0.25, 0.25, 0.25]]",single,1,"[1, 1, 1]",4.0,0.22857142857142854,"[0, 1, 2, 3, 4, 5, 6, 7, 8, 9, 10, 11, 12, 13, 14, 15, 16, 17, 18, 19, 20, 21, 22, 23, 24, 25, 26, 27, 28, 29, 30, 31, 32, 33, 34, 35, 36, 37, 38, 39, 40, 41, 42, 43, 44, 45, 46, 47, 48, 49, 50, 51, 52, 53, 54]",direct,[],5,0.5714285714285714,4,[2],[0],1
path_image_seed,Mg1,1,7,af202117df2c3a60,POSCAR_Mg1_base0001_direct_path0005_pimg004_seed007.vasp,,True,,[0],[0],['Mg'],"[[0.25, 0.25, 0.25]]",single,1,"[1, 1, 1]",4.0,0.2642857142857143,"[0, 1, 2, 3, 4, 5, 6, 7, 8, 9, 10, 11, 12, 13, 14, 15, 16, 17, 18, 19, 20, 21, 22, 23, 24, 25, 26, 27, 28, 29, 30, 31, 32, 33, 34, 35, 36, 37, 38, 39, 40, 41, 42, 43, 44, 45, 46, 47, 48, 49, 50, 51, 52, 53, 54]",direct,[],5,0.5714285714285714,4,[2],[0],1
path_image_seed,Mg1,1,8,af202117df2c3a60,POSCAR_Mg1_base0001_direct_path0005_pimg004_seed008.vasp,,True,,[0],[0],['Mg'],"[[0.25, 0.25, 0.25]]",single,1,"[1, 1, 1]",4.0,0.3,"[0, 1, 2, 3, 4, 5, 6, 7, 8, 9, 10, 11, 12, 13, 14, 15, 16, 17, 18, 19, 20, 21, 22, 23, 24, 25, 26, 27, 28, 29, 30, 31, 32, 33, 34, 35, 36, 37, 38, 39, 40, 41, 42, 43, 44, 45, 46, 47, 48, 49, 50, 51, 52, 53, 54]",direct,[],5,0.5714285714285714,4,[2],[0],1
path_image,Mg1,1,,af202117df2c3a60,POSCAR_Mg1_base0001_direct_path0005_pimg005.vasp,,True,,[0],[0],['Mg'],"[[0.25, 0.25, 0.25]]",single,1,"[1, 1, 1]",,,[],direct,[],5,0.7142857142857142,,[2],[0],1
rejected_path_image_seed,Mg1,1,1,af202117df2c3a60,,,False,"{""pair"": [1, 26], ""species"": [""Mg"", ""Se""], ""distance"": 1.4464941142563386, ""minimum_allowed"": 1.4575}",[0],[0],['Mg'],"[[0.25, 0.25, 0.25]]",single,1,"[1, 1, 1]",4.0,0.05,"[0, 1, 2, 3, 4, 5, 6, 7, 8, 9, 10, 11, 12, 13, 14, 15, 16, 17, 18, 19, 20, 21, 22, 23, 24, 25, 26, 27, 28, 29, 30, 31, 32, 33, 34, 35, 36, 37, 38, 39, 40, 41, 42, 43, 44, 45, 46, 47, 48, 49, 50, 51, 52, 53, 54]",direct,[],5,0.7142857142857142,5,[2],[0],1
rejected_path_image_seed,Mg1,1,2,af202117df2c3a60,,,False,"{""pair"": [1, 26], ""species"": [""Mg"", ""Se""], ""distance"": 1.4378129257620833, ""minimum_allowed"": 1.4575}",[0],[0],['Mg'],"[[0.25, 0.25, 0.25]]",single,1,"[1, 1, 1]",4.0,0.08571428571428572,"[0, 1, 2, 3, 4, 5, 6, 7, 8, 9, 10, 11, 12, 13, 14, 15, 16, 17, 18, 19, 20, 21, 22, 23, 24, 25, 26, 27, 28, 29, 30, 31, 32, 33, 34, 35, 36, 37, 38, 39, 40, 41, 42, 43, 44, 45, 46, 47, 48, 49, 50, 51, 52, 53, 54]",direct,[],5,0.7142857142857142,5,[2],[0],1
rejected_path_image_seed,Mg1,1,3,af202117df2c3a60,,,False,"{""pair"": [1, 26], ""species"": [""Mg"", ""Se""], ""distance"": 1.4279430295425608, ""minimum_allowed"": 1.4575}",[0],[0],['Mg'],"[[0.25, 0.25, 0.25]]",single,1,"[1, 1, 1]",4.0,0.12142857142857143,"[0, 1, 2, 3, 4, 5, 6, 7, 8, 9, 10, 11, 12, 13, 14, 15, 16, 17, 18, 19, 20, 21, 22, 23, 24, 25, 26, 27, 28, 29, 30, 31, 32, 33, 34, 35, 36, 37, 38, 39, 40, 41, 42, 43, 44, 45, 46, 47, 48, 49, 50, 51, 52, 53, 54]",direct,[],5,0.7142857142857142,5,[2],[0],1
rejected_path_image_seed,Mg1,1,4,af202117df2c3a60,,,False,"{""pair"": [1, 26], ""species"": [""Mg"", ""Se""], ""distance"": 1.4500767404258599, ""minimum_allowed"": 1.4575}",[0],[0],['Mg'],"[[0.25, 0.25, 0.25]]",single,1,"[1, 1, 1]",4.0,0.15714285714285714,"[0, 1, 2, 3, 4, 5, 6, 7, 8, 9, 10, 11, 12, 13, 14, 15, 16, 17, 18, 19, 20, 21, 22, 23, 24, 25, 26, 27, 28, 29, 30, 31, 32, 33, 34, 35, 36, 37, 38, 39, 40, 41, 42, 43, 44, 45, 46, 47, 48, 49, 50, 51, 52, 53, 54]",direct,[],5,0.7142857142857142,5,[2],[0],1
rejected_path_image_seed,Mg1,1,5,af202117df2c3a60,,,False,"{""pair"": [1, 26], ""species"": [""Mg"", ""Se""], ""distance"": 1.4159412893507153, ""minimum_allowed"": 1.4575}",[0],[0],['Mg'],"[[0.25, 0.25, 0.25]]",single,1,"[1, 1, 1]",4.0,0.19285714285714284,"[0, 1, 2, 3, 4, 5, 6, 7, 8, 9, 10, 11, 12, 13, 14, 15, 16, 17, 18, 19, 20, 21, 22, 23, 24, 25, 26, 27, 28, 29, 30, 31, 32, 33, 34, 35, 36, 37, 38, 39, 40, 41, 42, 43, 44, 45, 46, 47, 48, 49, 50, 51, 52, 53, 54]",direct,[],5,0.7142857142857142,5,[2],[0],1
path_image_seed,Mg1,1,6,af202117df2c3a60,POSCAR_Mg1_base0001_direct_path0005_pimg005_seed006.vasp,,True,,[0],[0],['Mg'],"[[0.25, 0.25, 0.25]]",single,1,"[1, 1, 1]",4.0,0.22857142857142854,"[0, 1, 2, 3, 4, 5, 6, 7, 8, 9, 10, 11, 12, 13, 14, 15, 16, 17, 18, 19, 20, 21, 22, 23, 24, 25, 26, 27, 28, 29, 30, 31, 32, 33, 34, 35, 36, 37, 38, 39, 40, 41, 42, 43, 44, 45, 46, 47, 48, 49, 50, 51, 52, 53, 54]",direct,[],5,0.7142857142857142,5,[2],[0],1
path_image_seed,Mg1,1,7,af202117df2c3a60,POSCAR_Mg1_base0001_direct_path0005_pimg005_seed007.vasp,,True,,[0],[0],['Mg'],"[[0.25, 0.25, 0.25]]",single,1,"[1, 1, 1]",4.0,0.2642857142857143,"[0, 1, 2, 3, 4, 5, 6, 7, 8, 9, 10, 11, 12, 13, 14, 15, 16, 17, 18, 19, 20, 21, 22, 23, 24, 25, 26, 27, 28, 29, 30, 31, 32, 33, 34, 35, 36, 37, 38, 39, 40, 41, 42, 43, 44, 45, 46, 47, 48, 49, 50, 51, 52, 53, 54]",direct,[],5,0.7142857142857142,5,[2],[0],1
rejected_path_image_seed,Mg1,1,8,af202117df2c3a60,,,False,"{""pair"": [1, 26], ""species"": [""Mg"", ""Se""], ""distance"": 1.2825039532386178, ""minimum_allowed"": 1.4575}",[0],[0],['Mg'],"[[0.25, 0.25, 0.25]]",single,1,"[1, 1, 1]",4.0,0.3,"[0, 1, 2, 3, 4, 5, 6, 7, 8, 9, 10, 11, 12, 13, 14, 15, 16, 17, 18, 19, 20, 21, 22, 23, 24, 25, 26, 27, 28, 29, 30, 31, 32, 33, 34, 35, 36, 37, 38, 39, 40, 41, 42, 43, 44, 45, 46, 47, 48, 49, 50, 51, 52, 53, 54]",direct,[],5,0.7142857142857142,5,[2],[0],1
path_image,Mg1,1,,af202117df2c3a60,POSCAR_Mg1_base0001_direct_path0005_pimg006.vasp,,True,,[0],[0],['Mg'],"[[0.25, 0.25, 0.25]]",single,1,"[1, 1, 1]",,,[],direct,[],5,0.8571428571428571,,[2],[0],1
path_image_seed,Mg1,1,1,af202117df2c3a60,POSCAR_Mg1_base0001_direct_path0005_pimg006_seed001.vasp,,True,,[0],[0],['Mg'],"[[0.25, 0.25, 0.25]]",single,1,"[1, 1, 1]",4.0,0.05,"[0, 1, 2, 3, 4, 5, 6, 7, 8, 9, 10, 11, 12, 13, 14, 15, 16, 17, 18, 19, 20, 21, 22, 23, 24, 25, 26, 27, 28, 29, 30, 31, 32, 33, 34, 35, 36, 37, 38, 39, 40, 41, 42, 43, 44, 45, 46, 47, 48, 49, 50, 51, 52, 53, 54]",direct,[],5,0.8571428571428571,6,[2],[0],1
path_image_seed,Mg1,1,2,af202117df2c3a60,POSCAR_Mg1_base0001_direct_path0005_pimg006_seed002.vasp,,True,,[0],[0],['Mg'],"[[0.25, 0.25, 0.25]]",single,1,"[1, 1, 1]",4.0,0.08571428571428572,"[0, 1, 2, 3, 4, 5, 6, 7, 8, 9, 10, 11, 12, 13, 14, 15, 16, 17, 18, 19, 20, 21, 22, 23, 24, 25, 26, 27, 28, 29, 30, 31, 32, 33, 34, 35, 36, 37, 38, 39, 40, 41, 42, 43, 44, 45, 46, 47, 48, 49, 50, 51, 52, 53, 54]",direct,[],5,0.8571428571428571,6,[2],[0],1
path_image_seed,Mg1,1,3,af202117df2c3a60,POSCAR_Mg1_base0001_direct_path0005_pimg006_seed003.vasp,,True,,[0],[0],['Mg'],"[[0.25, 0.25, 0.25]]",single,1,"[1, 1, 1]",4.0,0.12142857142857143,"[0, 1, 2, 3, 4, 5, 6, 7, 8, 9, 10, 11, 12, 13, 14, 15, 16, 17, 18, 19, 20, 21, 22, 23, 24, 25, 26, 27, 28, 29, 30, 31, 32, 33, 34, 35, 36, 37, 38, 39, 40, 41, 42, 43, 44, 45, 46, 47, 48, 49, 50, 51, 52, 53, 54]",direct,[],5,0.8571428571428571,6,[2],[0],1
path_image_seed,Mg1,1,4,af202117df2c3a60,POSCAR_Mg1_base0001_direct_path0005_pimg006_seed004.vasp,,True,,[0],[0],['Mg'],"[[0.25, 0.25, 0.25]]",single,1,"[1, 1, 1]",4.0,0.15714285714285714,"[0, 1, 2, 3, 4, 5, 6, 7, 8, 9, 10, 11, 12, 13, 14, 15, 16, 17, 18, 19, 20, 21, 22, 23, 24, 25, 26, 27, 28, 29, 30, 31, 32, 33, 34, 35, 36, 37, 38, 39, 40, 41, 42, 43, 44, 45, 46, 47, 48, 49, 50, 51, 52, 53, 54]",direct,[],5,0.8571428571428571,6,[2],[0],1
path_image_seed,Mg1,1,5,af202117df2c3a60,POSCAR_Mg1_base0001_direct_path0005_pimg006_seed005.vasp,,True,,[0],[0],['Mg'],"[[0.25, 0.25, 0.25]]",single,1,"[1, 1, 1]",4.0,0.19285714285714284,"[0, 1, 2, 3, 4, 5, 6, 7, 8, 9, 10, 11, 12, 13, 14, 15, 16, 17, 18, 19, 20, 21, 22, 23, 24, 25, 26, 27, 28, 29, 30, 31, 32, 33, 34, 35, 36, 37, 38, 39, 40, 41, 42, 43, 44, 45, 46, 47, 48, 49, 50, 51, 52, 53, 54]",direct,[],5,0.8571428571428571,6,[2],[0],1
path_image_seed,Mg1,1,6,af202117df2c3a60,POSCAR_Mg1_base0001_direct_path0005_pimg006_seed006.vasp,,True,,[0],[0],['Mg'],"[[0.25, 0.25, 0.25]]",single,1,"[1, 1, 1]",4.0,0.22857142857142854,"[0, 1, 2, 3, 4, 5, 6, 7, 8, 9, 10, 11, 12, 13, 14, 15, 16, 17, 18, 19, 20, 21, 22, 23, 24, 25, 26, 27, 28, 29, 30, 31, 32, 33, 34, 35, 36, 37, 38, 39, 40, 41, 42, 43, 44, 45, 46, 47, 48, 49, 50, 51, 52, 53, 54]",direct,[],5,0.8571428571428571,6,[2],[0],1
path_image_seed,Mg1,1,7,af202117df2c3a60,POSCAR_Mg1_base0001_direct_path0005_pimg006_seed007.vasp,,True,,[0],[0],['Mg'],"[[0.25, 0.25, 0.25]]",single,1,"[1, 1, 1]",4.0,0.2642857142857143,"[0, 1, 2, 3, 4, 5, 6, 7, 8, 9, 10, 11, 12, 13, 14, 15, 16, 17, 18, 19, 20, 21, 22, 23, 24, 25, 26, 27, 28, 29, 30, 31, 32, 33, 34, 35, 36, 37, 38, 39, 40, 41, 42, 43, 44, 45, 46, 47, 48, 49, 50, 51, 52, 53, 54]",direct,[],5,0.8571428571428571,6,[2],[0],1
path_image_seed,Mg1,1,8,af202117df2c3a60,POSCAR_Mg1_base0001_direct_path0005_pimg006_seed008.vasp,,True,,[0],[0],['Mg'],"[[0.25, 0.25, 0.25]]",single,1,"[1, 1, 1]",4.0,0.3,"[0, 1, 2, 3, 4, 5, 6, 7, 8, 9, 10, 11, 12, 13, 14, 15, 16, 17, 18, 19, 20, 21, 22, 23, 24, 25, 26, 27, 28, 29, 30, 31, 32, 33, 34, 35, 36, 37, 38, 39, 40, 41, 42, 43, 44, 45, 46, 47, 48, 49, 50, 51, 52, 53, 54]",direct,[],5,0.8571428571428571,6,[2],[0],1
path_end,Mg1,1,,af202117df2c3a60,POSCAR_Mg1_base0001_direct_path0005_pimg007.vasp,,True,,[0],[0],['Mg'],"[[0.25, 0.25, 0.25]]",single,1,"[1, 1, 1]",,,[],direct,[],5,1.0,,[2],[0],1
path_end_seed,Mg1,1,1,af202117df2c3a60,POSCAR_Mg1_base0001_direct_path0005_pimg007_seed001.vasp,,True,,[0],[0],['Mg'],"[[0.25, 0.25, 0.25]]",single,1,"[1, 1, 1]",4.0,0.05,"[0, 1, 2, 3, 4, 5, 6, 7, 8, 9, 10, 11, 12, 13, 14, 15, 16, 17, 18, 19, 20, 21, 22, 23, 24, 25, 26, 27, 28, 29, 30, 31, 32, 33, 34, 35, 36, 37, 38, 39, 40, 41, 42, 43, 44, 45, 46, 47, 48, 49, 50, 51, 52, 53, 54]",direct,[],5,1.0,7,[2],[0],1
path_end_seed,Mg1,1,2,af202117df2c3a60,POSCAR_Mg1_base0001_direct_path0005_pimg007_seed002.vasp,,True,,[0],[0],['Mg'],"[[0.25, 0.25, 0.25]]",single,1,"[1, 1, 1]",4.0,0.08571428571428572,"[0, 1, 2, 3, 4, 5, 6, 7, 8, 9, 10, 11, 12, 13, 14, 15, 16, 17, 18, 19, 20, 21, 22, 23, 24, 25, 26, 27, 28, 29, 30, 31, 32, 33, 34, 35, 36, 37, 38, 39, 40, 41, 42, 43, 44, 45, 46, 47, 48, 49, 50, 51, 52, 53, 54]",direct,[],5,1.0,7,[2],[0],1
path_end_seed,Mg1,1,3,af202117df2c3a60,POSCAR_Mg1_base0001_direct_path0005_pimg007_seed003.vasp,,True,,[0],[0],['Mg'],"[[0.25, 0.25, 0.25]]",single,1,"[1, 1, 1]",4.0,0.12142857142857143,"[0, 1, 2, 3, 4, 5, 6, 7, 8, 9, 10, 11, 12, 13, 14, 15, 16, 17, 18, 19, 20, 21, 22, 23, 24, 25, 26, 27, 28, 29, 30, 31, 32, 33, 34, 35, 36, 37, 38, 39, 40, 41, 42, 43, 44, 45, 46, 47, 48, 49, 50, 51, 52, 53, 54]",direct,[],5,1.0,7,[2],[0],1
path_end_seed,Mg1,1,4,af202117df2c3a60,POSCAR_Mg1_base0001_direct_path0005_pimg007_seed004.vasp,,True,,[0],[0],['Mg'],"[[0.25, 0.25, 0.25]]",single,1,"[1, 1, 1]",4.0,0.15714285714285714,"[0, 1, 2, 3, 4, 5, 6, 7, 8, 9, 10, 11, 12, 13, 14, 15, 16, 17, 18, 19, 20, 21, 22, 23, 24, 25, 26, 27, 28, 29, 30, 31, 32, 33, 34, 35, 36, 37, 38, 39, 40, 41, 42, 43, 44, 45, 46, 47, 48, 49, 50, 51, 52, 53, 54]",direct,[],5,1.0,7,[2],[0],1
path_end_seed,Mg1,1,5,af202117df2c3a60,POSCAR_Mg1_base0001_direct_path0005_pimg007_seed005.vasp,,True,,[0],[0],['Mg'],"[[0.25, 0.25, 0.25]]",single,1,"[1, 1, 1]",4.0,0.19285714285714284,"[0, 1, 2, 3, 4, 5, 6, 7, 8, 9, 10, 11, 12, 13, 14, 15, 16, 17, 18, 19, 20, 21, 22, 23, 24, 25, 26, 27, 28, 29, 30, 31, 32, 33, 34, 35, 36, 37, 38, 39, 40, 41, 42, 43, 44, 45, 46, 47, 48, 49, 50, 51, 52, 53, 54]",direct,[],5,1.0,7,[2],[0],1
path_end_seed,Mg1,1,6,af202117df2c3a60,POSCAR_Mg1_base0001_direct_path0005_pimg007_seed006.vasp,,True,,[0],[0],['Mg'],"[[0.25, 0.25, 0.25]]",single,1,"[1, 1, 1]",4.0,0.22857142857142854,"[0, 1, 2, 3, 4, 5, 6, 7, 8, 9, 10, 11, 12, 13, 14, 15, 16, 17, 18, 19, 20, 21, 22, 23, 24, 25, 26, 27, 28, 29, 30, 31, 32, 33, 34, 35, 36, 37, 38, 39, 40, 41, 42, 43, 44, 45, 46, 47, 48, 49, 50, 51, 52, 53, 54]",direct,[],5,1.0,7,[2],[0],1
path_end_seed,Mg1,1,7,af202117df2c3a60,POSCAR_Mg1_base0001_direct_path0005_pimg007_seed007.vasp,,True,,[0],[0],['Mg'],"[[0.25, 0.25, 0.25]]",single,1,"[1, 1, 1]",4.0,0.2642857142857143,"[0, 1, 2, 3, 4, 5, 6, 7, 8, 9, 10, 11, 12, 13, 14, 15, 16, 17, 18, 19, 20, 21, 22, 23, 24, 25, 26, 27, 28, 29, 30, 31, 32, 33, 34, 35, 36, 37, 38, 39, 40, 41, 42, 43, 44, 45, 46, 47, 48, 49, 50, 51, 52, 53, 54]",direct,[],5,1.0,7,[2],[0],1
path_end_seed,Mg1,1,8,af202117df2c3a60,POSCAR_Mg1_base0001_direct_path0005_pimg007_seed008.vasp,,True,,[0],[0],['Mg'],"[[0.25, 0.25, 0.25]]",single,1,"[1, 1, 1]",4.0,0.3,"[0, 1, 2, 3, 4, 5, 6, 7, 8, 9, 10, 11, 12, 13, 14, 15, 16, 17, 18, 19, 20, 21, 22, 23, 24, 25, 26, 27, 28, 29, 30, 31, 32, 33, 34, 35, 36, 37, 38, 39, 40, 41, 42, 43, 44, 45, 46, 47, 48, 49, 50, 51, 52, 53, 54]",direct,[],5,1.0,7,[2],[0],1
path_start,Mg1,1,,af202117df2c3a60,POSCAR_Mg1_base0001_tetrahedral_path0001_pimg000.vasp,,True,,[0],[0],['Mg'],"[[0.25, 0.25, 0.25]]",single,1,"[1, 1, 1]",,,[],tetrahedral,"[[2.0754465, 2.91502614, 2.49523632]]",1,0.0,,[1],[0],1
path_start_seed,Mg1,1,1,af202117df2c3a60,POSCAR_Mg1_base0001_tetrahedral_path0001_pimg000_seed001.vasp,,True,,[0],[0],['Mg'],"[[0.25, 0.25, 0.25]]",single,1,"[1, 1, 1]",4.0,0.05,"[0, 1, 2, 3, 4, 5, 6, 7, 8, 9, 10, 11, 12, 13, 14, 15, 16, 17, 18, 19, 20, 21, 22, 23, 24, 25, 26, 27, 28, 29, 30, 31, 32, 33, 34, 35, 36, 37, 38, 39, 40, 41, 42, 43, 44, 45, 46, 47, 48, 49, 50, 51, 52, 53, 54]",tetrahedral,"[[2.0754465, 2.91502614, 2.49523632]]",1,0.0,0,[1],[0],1
path_start_seed,Mg1,1,2,af202117df2c3a60,POSCAR_Mg1_base0001_tetrahedral_path0001_pimg000_seed002.vasp,,True,,[0],[0],['Mg'],"[[0.25, 0.25, 0.25]]",single,1,"[1, 1, 1]",4.0,0.08571428571428572,"[0, 1, 2, 3, 4, 5, 6, 7, 8, 9, 10, 11, 12, 13, 14, 15, 16, 17, 18, 19, 20, 21, 22, 23, 24, 25, 26, 27, 28, 29, 30, 31, 32, 33, 34, 35, 36, 37, 38, 39, 40, 41, 42, 43, 44, 45, 46, 47, 48, 49, 50, 51, 52, 53, 54]",tetrahedral,"[[2.0754465, 2.91502614, 2.49523632]]",1,0.0,0,[1],[0],1
path_start_seed,Mg1,1,3,af202117df2c3a60,POSCAR_Mg1_base0001_tetrahedral_path0001_pimg000_seed003.vasp,,True,,[0],[0],['Mg'],"[[0.25, 0.25, 0.25]]",single,1,"[1, 1, 1]",4.0,0.12142857142857143,"[0, 1, 2, 3, 4, 5, 6, 7, 8, 9, 10, 11, 12, 13, 14, 15, 16, 17, 18, 19, 20, 21, 22, 23, 24, 25, 26, 27, 28, 29, 30, 31, 32, 33, 34, 35, 36, 37, 38, 39, 40, 41, 42, 43, 44, 45, 46, 47, 48, 49, 50, 51, 52, 53, 54]",tetrahedral,"[[2.0754465, 2.91502614, 2.49523632]]",1,0.0,0,[1],[0],1
path_start_seed,Mg1,1,4,af202117df2c3a60,POSCAR_Mg1_base0001_tetrahedral_path0001_pimg000_seed004.vasp,,True,,[0],[0],['Mg'],"[[0.25, 0.25, 0.25]]",single,1,"[1, 1, 1]",4.0,0.15714285714285714,"[0, 1, 2, 3, 4, 5, 6, 7, 8, 9, 10, 11, 12, 13, 14, 15, 16, 17, 18, 19, 20, 21, 22, 23, 24, 25, 26, 27, 28, 29, 30, 31, 32, 33, 34, 35, 36, 37, 38, 39, 40, 41, 42, 43, 44, 45, 46, 47, 48, 49, 50, 51, 52, 53, 54]",tetrahedral,"[[2.0754465, 2.91502614, 2.49523632]]",1,0.0,0,[1],[0],1
path_start_seed,Mg1,1,5,af202117df2c3a60,POSCAR_Mg1_base0001_tetrahedral_path0001_pimg000_seed005.vasp,,True,,[0],[0],['Mg'],"[[0.25, 0.25, 0.25]]",single,1,"[1, 1, 1]",4.0,0.19285714285714284,"[0, 1, 2, 3, 4, 5, 6, 7, 8, 9, 10, 11, 12, 13, 14, 15, 16, 17, 18, 19, 20, 21, 22, 23, 24, 25, 26, 27, 28, 29, 30, 31, 32, 33, 34, 35, 36, 37, 38, 39, 40, 41, 42, 43, 44, 45, 46, 47, 48, 49, 50, 51, 52, 53, 54]",tetrahedral,"[[2.0754465, 2.91502614, 2.49523632]]",1,0.0,0,[1],[0],1
path_start_seed,Mg1,1,6,af202117df2c3a60,POSCAR_Mg1_base0001_tetrahedral_path0001_pimg000_seed006.vasp,,True,,[0],[0],['Mg'],"[[0.25, 0.25, 0.25]]",single,1,"[1, 1, 1]",4.0,0.22857142857142854,"[0, 1, 2, 3, 4, 5, 6, 7, 8, 9, 10, 11, 12, 13, 14, 15, 16, 17, 18, 19, 20, 21, 22, 23, 24, 25, 26, 27, 28, 29, 30, 31, 32, 33, 34, 35, 36, 37, 38, 39, 40, 41, 42, 43, 44, 45, 46, 47, 48, 49, 50, 51, 52, 53, 54]",tetrahedral,"[[2.0754465, 2.91502614, 2.49523632]]",1,0.0,0,[1],[0],1
path_start_seed,Mg1,1,7,af202117df2c3a60,POSCAR_Mg1_base0001_tetrahedral_path0001_pimg000_seed007.vasp,,True,,[0],[0],['Mg'],"[[0.25, 0.25, 0.25]]",single,1,"[1, 1, 1]",4.0,0.2642857142857143,"[0, 1, 2, 3, 4, 5, 6, 7, 8, 9, 10, 11, 12, 13, 14, 15, 16, 17, 18, 19, 20, 21, 22, 23, 24, 25, 26, 27, 28, 29, 30, 31, 32, 33, 34, 35, 36, 37, 38, 39, 40, 41, 42, 43, 44, 45, 46, 47, 48, 49, 50, 51, 52, 53, 54]",tetrahedral,"[[2.0754465, 2.91502614, 2.49523632]]",1,0.0,0,[1],[0],1
path_start_seed,Mg1,1,8,af202117df2c3a60,POSCAR_Mg1_base0001_tetrahedral_path0001_pimg000_seed008.vasp,,True,,[0],[0],['Mg'],"[[0.25, 0.25, 0.25]]",single,1,"[1, 1, 1]",4.0,0.3,"[0, 1, 2, 3, 4, 5, 6, 7, 8, 9, 10, 11, 12, 13, 14, 15, 16, 17, 18, 19, 20, 21, 22, 23, 24, 25, 26, 27, 28, 29, 30, 31, 32, 33, 34, 35, 36, 37, 38, 39, 40, 41, 42, 43, 44, 45, 46, 47, 48, 49, 50, 51, 52, 53, 54]",tetrahedral,"[[2.0754465, 2.91502614, 2.49523632]]",1,0.0,0,[1],[0],1
path_image,Mg1,1,,af202117df2c3a60,POSCAR_Mg1_base0001_tetrahedral_path0001_pimg001.vasp,,True,,[0],[0],['Mg'],"[[0.25, 0.25, 0.25]]",single,1,"[1, 1, 1]",,,[],tetrahedral,"[[2.0754465, 2.91502614, 2.49523632]]",1,0.14285714285714285,,[1],[0],1
path_image_seed,Mg1,1,1,af202117df2c3a60,POSCAR_Mg1_base0001_tetrahedral_path0001_pimg001_seed001.vasp,,True,,[0],[0],['Mg'],"[[0.25, 0.25, 0.25]]",single,1,"[1, 1, 1]",4.0,0.05,"[0, 1, 2, 3, 4, 5, 6, 7, 8, 9, 10, 11, 12, 13, 14, 15, 16, 17, 18, 19, 20, 21, 22, 23, 24, 25, 26, 27, 28, 29, 30, 31, 32, 33, 34, 35, 36, 37, 38, 39, 40, 41, 42, 43, 44, 45, 46, 47, 48, 49, 50, 51, 52, 53, 54]",tetrahedral,"[[2.0754465, 2.91502614, 2.49523632]]",1,0.14285714285714285,1,[1],[0],1
path_image_seed,Mg1,1,2,af202117df2c3a60,POSCAR_Mg1_base0001_tetrahedral_path0001_pimg001_seed002.vasp,,True,,[0],[0],['Mg'],"[[0.25, 0.25, 0.25]]",single,1,"[1, 1, 1]",4.0,0.08571428571428572,"[0, 1, 2, 3, 4, 5, 6, 7, 8, 9, 10, 11, 12, 13, 14, 15, 16, 17, 18, 19, 20, 21, 22, 23, 24, 25, 26, 27, 28, 29, 30, 31, 32, 33, 34, 35, 36, 37, 38, 39, 40, 41, 42, 43, 44, 45, 46, 47, 48, 49, 50, 51, 52, 53, 54]",tetrahedral,"[[2.0754465, 2.91502614, 2.49523632]]",1,0.14285714285714285,1,[1],[0],1
path_image_seed,Mg1,1,3,af202117df2c3a60,POSCAR_Mg1_base0001_tetrahedral_path0001_pimg001_seed003.vasp,,True,,[0],[0],['Mg'],"[[0.25, 0.25, 0.25]]",single,1,"[1, 1, 1]",4.0,0.12142857142857143,"[0, 1, 2, 3, 4, 5, 6, 7, 8, 9, 10, 11, 12, 13, 14, 15, 16, 17, 18, 19, 20, 21, 22, 23, 24, 25, 26, 27, 28, 29, 30, 31, 32, 33, 34, 35, 36, 37, 38, 39, 40, 41, 42, 43, 44, 45, 46, 47, 48, 49, 50, 51, 52, 53, 54]",tetrahedral,"[[2.0754465, 2.91502614, 2.49523632]]",1,0.14285714285714285,1,[1],[0],1
path_image_seed,Mg1,1,4,af202117df2c3a60,POSCAR_Mg1_base0001_tetrahedral_path0001_pimg001_seed004.vasp,,True,,[0],[0],['Mg'],"[[0.25, 0.25, 0.25]]",single,1,"[1, 1, 1]",4.0,0.15714285714285714,"[0, 1, 2, 3, 4, 5, 6, 7, 8, 9, 10, 11, 12, 13, 14, 15, 16, 17, 18, 19, 20, 21, 22, 23, 24, 25, 26, 27, 28, 29, 30, 31, 32, 33, 34, 35, 36, 37, 38, 39, 40, 41, 42, 43, 44, 45, 46, 47, 48, 49, 50, 51, 52, 53, 54]",tetrahedral,"[[2.0754465, 2.91502614, 2.49523632]]",1,0.14285714285714285,1,[1],[0],1
path_image_seed,Mg1,1,5,af202117df2c3a60,POSCAR_Mg1_base0001_tetrahedral_path0001_pimg001_seed005.vasp,,True,,[0],[0],['Mg'],"[[0.25, 0.25, 0.25]]",single,1,"[1, 1, 1]",4.0,0.19285714285714284,"[0, 1, 2, 3, 4, 5, 6, 7, 8, 9, 10, 11, 12, 13, 14, 15, 16, 17, 18, 19, 20, 21, 22, 23, 24, 25, 26, 27, 28, 29, 30, 31, 32, 33, 34, 35, 36, 37, 38, 39, 40, 41, 42, 43, 44, 45, 46, 47, 48, 49, 50, 51, 52, 53, 54]",tetrahedral,"[[2.0754465, 2.91502614, 2.49523632]]",1,0.14285714285714285,1,[1],[0],1
path_image_seed,Mg1,1,6,af202117df2c3a60,POSCAR_Mg1_base0001_tetrahedral_path0001_pimg001_seed006.vasp,,True,,[0],[0],['Mg'],"[[0.25, 0.25, 0.25]]",single,1,"[1, 1, 1]",4.0,0.22857142857142854,"[0, 1, 2, 3, 4, 5, 6, 7, 8, 9, 10, 11, 12, 13, 14, 15, 16, 17, 18, 19, 20, 21, 22, 23, 24, 25, 26, 27, 28, 29, 30, 31, 32, 33, 34, 35, 36, 37, 38, 39, 40, 41, 42, 43, 44, 45, 46, 47, 48, 49, 50, 51, 52, 53, 54]",tetrahedral,"[[2.0754465, 2.91502614, 2.49523632]]",1,0.14285714285714285,1,[1],[0],1
path_image_seed,Mg1,1,7,af202117df2c3a60,POSCAR_Mg1_base0001_tetrahedral_path0001_pimg001_seed007.vasp,,True,,[0],[0],['Mg'],"[[0.25, 0.25, 0.25]]",single,1,"[1, 1, 1]",4.0,0.2642857142857143,"[0, 1, 2, 3, 4, 5, 6, 7, 8, 9, 10, 11, 12, 13, 14, 15, 16, 17, 18, 19, 20, 21, 22, 23, 24, 25, 26, 27, 28, 29, 30, 31, 32, 33, 34, 35, 36, 37, 38, 39, 40, 41, 42, 43, 44, 45, 46, 47, 48, 49, 50, 51, 52, 53, 54]",tetrahedral,"[[2.0754465, 2.91502614, 2.49523632]]",1,0.14285714285714285,1,[1],[0],1
path_image_seed,Mg1,1,8,af202117df2c3a60,POSCAR_Mg1_base0001_tetrahedral_path0001_pimg001_seed008.vasp,,True,,[0],[0],['Mg'],"[[0.25, 0.25, 0.25]]",single,1,"[1, 1, 1]",4.0,0.3,"[0, 1, 2, 3, 4, 5, 6, 7, 8, 9, 10, 11, 12, 13, 14, 15, 16, 17, 18, 19, 20, 21, 22, 23, 24, 25, 26, 27, 28, 29, 30, 31, 32, 33, 34, 35, 36, 37, 38, 39, 40, 41, 42, 43, 44, 45, 46, 47, 48, 49, 50, 51, 52, 53, 54]",tetrahedral,"[[2.0754465, 2.91502614, 2.49523632]]",1,0.14285714285714285,1,[1],[0],1
path_image,Mg1,1,,af202117df2c3a60,POSCAR_Mg1_base0001_tetrahedral_path0001_pimg002.vasp,,True,,[0],[0],['Mg'],"[[0.25, 0.25, 0.25]]",single,1,"[1, 1, 1]",,,[],tetrahedral,"[[2.0754465, 2.91502614, 2.49523632]]",1,0.2857142857142857,,[1],[0],1
path_image_seed,Mg1,1,1,af202117df2c3a60,POSCAR_Mg1_base0001_tetrahedral_path0001_pimg002_seed001.vasp,,True,,[0],[0],['Mg'],"[[0.25, 0.25, 0.25]]",single,1,"[1, 1, 1]",4.0,0.05,"[0, 1, 2, 3, 4, 5, 6, 7, 8, 9, 10, 11, 12, 13, 14, 15, 16, 17, 18, 19, 20, 21, 22, 23, 24, 25, 26, 27, 28, 29, 30, 31, 32, 33, 34, 35, 36, 37, 38, 39, 40, 41, 42, 43, 44, 45, 46, 47, 48, 49, 50, 51, 52, 53, 54]",tetrahedral,"[[2.0754465, 2.91502614, 2.49523632]]",1,0.2857142857142857,2,[1],[0],1
path_image_seed,Mg1,1,2,af202117df2c3a60,POSCAR_Mg1_base0001_tetrahedral_path0001_pimg002_seed002.vasp,,True,,[0],[0],['Mg'],"[[0.25, 0.25, 0.25]]",single,1,"[1, 1, 1]",4.0,0.08571428571428572,"[0, 1, 2, 3, 4, 5, 6, 7, 8, 9, 10, 11, 12, 13, 14, 15, 16, 17, 18, 19, 20, 21, 22, 23, 24, 25, 26, 27, 28, 29, 30, 31, 32, 33, 34, 35, 36, 37, 38, 39, 40, 41, 42, 43, 44, 45, 46, 47, 48, 49, 50, 51, 52, 53, 54]",tetrahedral,"[[2.0754465, 2.91502614, 2.49523632]]",1,0.2857142857142857,2,[1],[0],1
path_image_seed,Mg1,1,3,af202117df2c3a60,POSCAR_Mg1_base0001_tetrahedral_path0001_pimg002_seed003.vasp,,True,,[0],[0],['Mg'],"[[0.25, 0.25, 0.25]]",single,1,"[1, 1, 1]",4.0,0.12142857142857143,"[0, 1, 2, 3, 4, 5, 6, 7, 8, 9, 10, 11, 12, 13, 14, 15, 16, 17, 18, 19, 20, 21, 22, 23, 24, 25, 26, 27, 28, 29, 30, 31, 32, 33, 34, 35, 36, 37, 38, 39, 40, 41, 42, 43, 44, 45, 46, 47, 48, 49, 50, 51, 52, 53, 54]",tetrahedral,"[[2.0754465, 2.91502614, 2.49523632]]",1,0.2857142857142857,2,[1],[0],1
path_image_seed,Mg1,1,4,af202117df2c3a60,POSCAR_Mg1_base0001_tetrahedral_path0001_pimg002_seed004.vasp,,True,,[0],[0],['Mg'],"[[0.25, 0.25, 0.25]]",single,1,"[1, 1, 1]",4.0,0.15714285714285714,"[0, 1, 2, 3, 4, 5, 6, 7, 8, 9, 10, 11, 12, 13, 14, 15, 16, 17, 18, 19, 20, 21, 22, 23, 24, 25, 26, 27, 28, 29, 30, 31, 32, 33, 34, 35, 36, 37, 38, 39, 40, 41, 42, 43, 44, 45, 46, 47, 48, 49, 50, 51, 52, 53, 54]",tetrahedral,"[[2.0754465, 2.91502614, 2.49523632]]",1,0.2857142857142857,2,[1],[0],1
path_image_seed,Mg1,1,5,af202117df2c3a60,POSCAR_Mg1_base0001_tetrahedral_path0001_pimg002_seed005.vasp,,True,,[0],[0],['Mg'],"[[0.25, 0.25, 0.25]]",single,1,"[1, 1, 1]",4.0,0.19285714285714284,"[0, 1, 2, 3, 4, 5, 6, 7, 8, 9, 10, 11, 12, 13, 14, 15, 16, 17, 18, 19, 20, 21, 22, 23, 24, 25, 26, 27, 28, 29, 30, 31, 32, 33, 34, 35, 36, 37, 38, 39, 40, 41, 42, 43, 44, 45, 46, 47, 48, 49, 50, 51, 52, 53, 54]",tetrahedral,"[[2.0754465, 2.91502614, 2.49523632]]",1,0.2857142857142857,2,[1],[0],1
path_image_seed,Mg1,1,6,af202117df2c3a60,POSCAR_Mg1_base0001_tetrahedral_path0001_pimg002_seed006.vasp,,True,,[0],[0],['Mg'],"[[0.25, 0.25, 0.25]]",single,1,"[1, 1, 1]",4.0,0.22857142857142854,"[0, 1, 2, 3, 4, 5, 6, 7, 8, 9, 10, 11, 12, 13, 14, 15, 16, 17, 18, 19, 20, 21, 22, 23, 24, 25, 26, 27, 28, 29, 30, 31, 32, 33, 34, 35, 36, 37, 38, 39, 40, 41, 42, 43, 44, 45, 46, 47, 48, 49, 50, 51, 52, 53, 54]",tetrahedral,"[[2.0754465, 2.91502614, 2.49523632]]",1,0.2857142857142857,2,[1],[0],1
path_image_seed,Mg1,1,7,af202117df2c3a60,POSCAR_Mg1_base0001_tetrahedral_path0001_pimg002_seed007.vasp,,True,,[0],[0],['Mg'],"[[0.25, 0.25, 0.25]]",single,1,"[1, 1, 1]",4.0,0.2642857142857143,"[0, 1, 2, 3, 4, 5, 6, 7, 8, 9, 10, 11, 12, 13, 14, 15, 16, 17, 18, 19, 20, 21, 22, 23, 24, 25, 26, 27, 28, 29, 30, 31, 32, 33, 34, 35, 36, 37, 38, 39, 40, 41, 42, 43, 44, 45, 46, 47, 48, 49, 50, 51, 52, 53, 54]",tetrahedral,"[[2.0754465, 2.91502614, 2.49523632]]",1,0.2857142857142857,2,[1],[0],1
path_image_seed,Mg1,1,8,af202117df2c3a60,POSCAR_Mg1_base0001_tetrahedral_path0001_pimg002_seed008.vasp,,True,,[0],[0],['Mg'],"[[0.25, 0.25, 0.25]]",single,1,"[1, 1, 1]",4.0,0.3,"[0, 1, 2, 3, 4, 5, 6, 7, 8, 9, 10, 11, 12, 13, 14, 15, 16, 17, 18, 19, 20, 21, 22, 23, 24, 25, 26, 27, 28, 29, 30, 31, 32, 33, 34, 35, 36, 37, 38, 39, 40, 41, 42, 43, 44, 45, 46, 47, 48, 49, 50, 51, 52, 53, 54]",tetrahedral,"[[2.0754465, 2.91502614, 2.49523632]]",1,0.2857142857142857,2,[1],[0],1
path_image,Mg1,1,,af202117df2c3a60,POSCAR_Mg1_base0001_tetrahedral_path0001_pimg003.vasp,,True,,[0],[0],['Mg'],"[[0.25, 0.25, 0.25]]",single,1,"[1, 1, 1]",,,[],tetrahedral,"[[2.0754465, 2.91502614, 2.49523632]]",1,0.42857142857142855,,[1],[0],1
path_image_seed,Mg1,1,1,af202117df2c3a60,POSCAR_Mg1_base0001_tetrahedral_path0001_pimg003_seed001.vasp,,True,,[0],[0],['Mg'],"[[0.25, 0.25, 0.25]]",single,1,"[1, 1, 1]",4.0,0.05,"[0, 1, 2, 3, 4, 5, 6, 7, 8, 9, 10, 11, 12, 13, 14, 15, 16, 17, 18, 19, 20, 21, 22, 23, 24, 25, 26, 27, 28, 29, 30, 31, 32, 33, 34, 35, 36, 37, 38, 39, 40, 41, 42, 43, 44, 45, 46, 47, 48, 49, 50, 51, 52, 53, 54]",tetrahedral,"[[2.0754465, 2.91502614, 2.49523632]]",1,0.42857142857142855,3,[1],[0],1
path_image_seed,Mg1,1,2,af202117df2c3a60,POSCAR_Mg1_base0001_tetrahedral_path0001_pimg003_seed002.vasp,,True,,[0],[0],['Mg'],"[[0.25, 0.25, 0.25]]",single,1,"[1, 1, 1]",4.0,0.08571428571428572,"[0, 1, 2, 3, 4, 5, 6, 7, 8, 9, 10, 11, 12, 13, 14, 15, 16, 17, 18, 19, 20, 21, 22, 23, 24, 25, 26, 27, 28, 29, 30, 31, 32, 33, 34, 35, 36, 37, 38, 39, 40, 41, 42, 43, 44, 45, 46, 47, 48, 49, 50, 51, 52, 53, 54]",tetrahedral,"[[2.0754465, 2.91502614, 2.49523632]]",1,0.42857142857142855,3,[1],[0],1
path_image_seed,Mg1,1,3,af202117df2c3a60,POSCAR_Mg1_base0001_tetrahedral_path0001_pimg003_seed003.vasp,,True,,[0],[0],['Mg'],"[[0.25, 0.25, 0.25]]",single,1,"[1, 1, 1]",4.0,0.12142857142857143,"[0, 1, 2, 3, 4, 5, 6, 7, 8, 9, 10, 11, 12, 13, 14, 15, 16, 17, 18, 19, 20, 21, 22, 23, 24, 25, 26, 27, 28, 29, 30, 31, 32, 33, 34, 35, 36, 37, 38, 39, 40, 41, 42, 43, 44, 45, 46, 47, 48, 49, 50, 51, 52, 53, 54]",tetrahedral,"[[2.0754465, 2.91502614, 2.49523632]]",1,0.42857142857142855,3,[1],[0],1
path_image_seed,Mg1,1,4,af202117df2c3a60,POSCAR_Mg1_base0001_tetrahedral_path0001_pimg003_seed004.vasp,,True,,[0],[0],['Mg'],"[[0.25, 0.25, 0.25]]",single,1,"[1, 1, 1]",4.0,0.15714285714285714,"[0, 1, 2, 3, 4, 5, 6, 7, 8, 9, 10, 11, 12, 13, 14, 15, 16, 17, 18, 19, 20, 21, 22, 23, 24, 25, 26, 27, 28, 29, 30, 31, 32, 33, 34, 35, 36, 37, 38, 39, 40, 41, 42, 43, 44, 45, 46, 47, 48, 49, 50, 51, 52, 53, 54]",tetrahedral,"[[2.0754465, 2.91502614, 2.49523632]]",1,0.42857142857142855,3,[1],[0],1
path_image_seed,Mg1,1,5,af202117df2c3a60,POSCAR_Mg1_base0001_tetrahedral_path0001_pimg003_seed005.vasp,,True,,[0],[0],['Mg'],"[[0.25, 0.25, 0.25]]",single,1,"[1, 1, 1]",4.0,0.19285714285714284,"[0, 1, 2, 3, 4, 5, 6, 7, 8, 9, 10, 11, 12, 13, 14, 15, 16, 17, 18, 19, 20, 21, 22, 23, 24, 25, 26, 27, 28, 29, 30, 31, 32, 33, 34, 35, 36, 37, 38, 39, 40, 41, 42, 43, 44, 45, 46, 47, 48, 49, 50, 51, 52, 53, 54]",tetrahedral,"[[2.0754465, 2.91502614, 2.49523632]]",1,0.42857142857142855,3,[1],[0],1
path_image_seed,Mg1,1,6,af202117df2c3a60,POSCAR_Mg1_base0001_tetrahedral_path0001_pimg003_seed006.vasp,,True,,[0],[0],['Mg'],"[[0.25, 0.25, 0.25]]",single,1,"[1, 1, 1]",4.0,0.22857142857142854,"[0, 1, 2, 3, 4, 5, 6, 7, 8, 9, 10, 11, 12, 13, 14, 15, 16, 17, 18, 19, 20, 21, 22, 23, 24, 25, 26, 27, 28, 29, 30, 31, 32, 33, 34, 35, 36, 37, 38, 39, 40, 41, 42, 43, 44, 45, 46, 47, 48, 49, 50, 51, 52, 53, 54]",tetrahedral,"[[2.0754465, 2.91502614, 2.49523632]]",1,0.42857142857142855,3,[1],[0],1
path_image_seed,Mg1,1,7,af202117df2c3a60,POSCAR_Mg1_base0001_tetrahedral_path0001_pimg003_seed007.vasp,,True,,[0],[0],['Mg'],"[[0.25, 0.25, 0.25]]",single,1,"[1, 1, 1]",4.0,0.2642857142857143,"[0, 1, 2, 3, 4, 5, 6, 7, 8, 9, 10, 11, 12, 13, 14, 15, 16, 17, 18, 19, 20, 21, 22, 23, 24, 25, 26, 27, 28, 29, 30, 31, 32, 33, 34, 35, 36, 37, 38, 39, 40, 41, 42, 43, 44, 45, 46, 47, 48, 49, 50, 51, 52, 53, 54]",tetrahedral,"[[2.0754465, 2.91502614, 2.49523632]]",1,0.42857142857142855,3,[1],[0],1
path_image_seed,Mg1,1,8,af202117df2c3a60,POSCAR_Mg1_base0001_tetrahedral_path0001_pimg003_seed008.vasp,,True,,[0],[0],['Mg'],"[[0.25, 0.25, 0.25]]",single,1,"[1, 1, 1]",4.0,0.3,"[0, 1, 2, 3, 4, 5, 6, 7, 8, 9, 10, 11, 12, 13, 14, 15, 16, 17, 18, 19, 20, 21, 22, 23, 24, 25, 26, 27, 28, 29, 30, 31, 32, 33, 34, 35, 36, 37, 38, 39, 40, 41, 42, 43, 44, 45, 46, 47, 48, 49, 50, 51, 52, 53, 54]",tetrahedral,"[[2.0754465, 2.91502614, 2.49523632]]",1,0.42857142857142855,3,[1],[0],1
path_image,Mg1,1,,af202117df2c3a60,POSCAR_Mg1_base0001_tetrahedral_path0001_pimg004.vasp,,True,,[0],[0],['Mg'],"[[0.25, 0.25, 0.25]]",single,1,"[1, 1, 1]",,,[],tetrahedral,"[[2.0754465, 2.91502614, 2.49523632]]",1,0.5714285714285714,,[1],[0],1
path_image_seed,Mg1,1,1,af202117df2c3a60,POSCAR_Mg1_base0001_tetrahedral_path0001_pimg004_seed001.vasp,,True,,[0],[0],['Mg'],"[[0.25, 0.25, 0.25]]",single,1,"[1, 1, 1]",4.0,0.05,"[0, 1, 2, 3, 4, 5, 6, 7, 8, 9, 10, 11, 12, 13, 14, 15, 16, 17, 18, 19, 20, 21, 22, 23, 24, 25, 26, 27, 28, 29, 30, 31, 32, 33, 34, 35, 36, 37, 38, 39, 40, 41, 42, 43, 44, 45, 46, 47, 48, 49, 50, 51, 52, 53, 54]",tetrahedral,"[[2.0754465, 2.91502614, 2.49523632]]",1,0.5714285714285714,4,[1],[0],1
path_image_seed,Mg1,1,2,af202117df2c3a60,POSCAR_Mg1_base0001_tetrahedral_path0001_pimg004_seed002.vasp,,True,,[0],[0],['Mg'],"[[0.25, 0.25, 0.25]]",single,1,"[1, 1, 1]",4.0,0.08571428571428572,"[0, 1, 2, 3, 4, 5, 6, 7, 8, 9, 10, 11, 12, 13, 14, 15, 16, 17, 18, 19, 20, 21, 22, 23, 24, 25, 26, 27, 28, 29, 30, 31, 32, 33, 34, 35, 36, 37, 38, 39, 40, 41, 42, 43, 44, 45, 46, 47, 48, 49, 50, 51, 52, 53, 54]",tetrahedral,"[[2.0754465, 2.91502614, 2.49523632]]",1,0.5714285714285714,4,[1],[0],1
path_image_seed,Mg1,1,3,af202117df2c3a60,POSCAR_Mg1_base0001_tetrahedral_path0001_pimg004_seed003.vasp,,True,,[0],[0],['Mg'],"[[0.25, 0.25, 0.25]]",single,1,"[1, 1, 1]",4.0,0.12142857142857143,"[0, 1, 2, 3, 4, 5, 6, 7, 8, 9, 10, 11, 12, 13, 14, 15, 16, 17, 18, 19, 20, 21, 22, 23, 24, 25, 26, 27, 28, 29, 30, 31, 32, 33, 34, 35, 36, 37, 38, 39, 40, 41, 42, 43, 44, 45, 46, 47, 48, 49, 50, 51, 52, 53, 54]",tetrahedral,"[[2.0754465, 2.91502614, 2.49523632]]",1,0.5714285714285714,4,[1],[0],1
path_image_seed,Mg1,1,4,af202117df2c3a60,POSCAR_Mg1_base0001_tetrahedral_path0001_pimg004_seed004.vasp,,True,,[0],[0],['Mg'],"[[0.25, 0.25, 0.25]]",single,1,"[1, 1, 1]",4.0,0.15714285714285714,"[0, 1, 2, 3, 4, 5, 6, 7, 8, 9, 10, 11, 12, 13, 14, 15, 16, 17, 18, 19, 20, 21, 22, 23, 24, 25, 26, 27, 28, 29, 30, 31, 32, 33, 34, 35, 36, 37, 38, 39, 40, 41, 42, 43, 44, 45, 46, 47, 48, 49, 50, 51, 52, 53, 54]",tetrahedral,"[[2.0754465, 2.91502614, 2.49523632]]",1,0.5714285714285714,4,[1],[0],1
path_image_seed,Mg1,1,5,af202117df2c3a60,POSCAR_Mg1_base0001_tetrahedral_path0001_pimg004_seed005.vasp,,True,,[0],[0],['Mg'],"[[0.25, 0.25, 0.25]]",single,1,"[1, 1, 1]",4.0,0.19285714285714284,"[0, 1, 2, 3, 4, 5, 6, 7, 8, 9, 10, 11, 12, 13, 14, 15, 16, 17, 18, 19, 20, 21, 22, 23, 24, 25, 26, 27, 28, 29, 30, 31, 32, 33, 34, 35, 36, 37, 38, 39, 40, 41, 42, 43, 44, 45, 46, 47, 48, 49, 50, 51, 52, 53, 54]",tetrahedral,"[[2.0754465, 2.91502614, 2.49523632]]",1,0.5714285714285714,4,[1],[0],1
path_image_seed,Mg1,1,6,af202117df2c3a60,POSCAR_Mg1_base0001_tetrahedral_path0001_pimg004_seed006.vasp,,True,,[0],[0],['Mg'],"[[0.25, 0.25, 0.25]]",single,1,"[1, 1, 1]",4.0,0.22857142857142854,"[0, 1, 2, 3, 4, 5, 6, 7, 8, 9, 10, 11, 12, 13, 14, 15, 16, 17, 18, 19, 20, 21, 22, 23, 24, 25, 26, 27, 28, 29, 30, 31, 32, 33, 34, 35, 36, 37, 38, 39, 40, 41, 42, 43, 44, 45, 46, 47, 48, 49, 50, 51, 52, 53, 54]",tetrahedral,"[[2.0754465, 2.91502614, 2.49523632]]",1,0.5714285714285714,4,[1],[0],1
path_image_seed,Mg1,1,7,af202117df2c3a60,POSCAR_Mg1_base0001_tetrahedral_path0001_pimg004_seed007.vasp,,True,,[0],[0],['Mg'],"[[0.25, 0.25, 0.25]]",single,1,"[1, 1, 1]",4.0,0.2642857142857143,"[0, 1, 2, 3, 4, 5, 6, 7, 8, 9, 10, 11, 12, 13, 14, 15, 16, 17, 18, 19, 20, 21, 22, 23, 24, 25, 26, 27, 28, 29, 30, 31, 32, 33, 34, 35, 36, 37, 38, 39, 40, 41, 42, 43, 44, 45, 46, 47, 48, 49, 50, 51, 52, 53, 54]",tetrahedral,"[[2.0754465, 2.91502614, 2.49523632]]",1,0.5714285714285714,4,[1],[0],1
path_image_seed,Mg1,1,8,af202117df2c3a60,POSCAR_Mg1_base0001_tetrahedral_path0001_pimg004_seed008.vasp,,True,,[0],[0],['Mg'],"[[0.25, 0.25, 0.25]]",single,1,"[1, 1, 1]",4.0,0.3,"[0, 1, 2, 3, 4, 5, 6, 7, 8, 9, 10, 11, 12, 13, 14, 15, 16, 17, 18, 19, 20, 21, 22, 23, 24, 25, 26, 27, 28, 29, 30, 31, 32, 33, 34, 35, 36, 37, 38, 39, 40, 41, 42, 43, 44, 45, 46, 47, 48, 49, 50, 51, 52, 53, 54]",tetrahedral,"[[2.0754465, 2.91502614, 2.49523632]]",1,0.5714285714285714,4,[1],[0],1
path_image,Mg1,1,,af202117df2c3a60,POSCAR_Mg1_base0001_tetrahedral_path0001_pimg005.vasp,,True,,[0],[0],['Mg'],"[[0.25, 0.25, 0.25]]",single,1,"[1, 1, 1]",,,[],tetrahedral,"[[2.0754465, 2.91502614, 2.49523632]]",1,0.7142857142857142,,[1],[0],1
path_image_seed,Mg1,1,1,af202117df2c3a60,POSCAR_Mg1_base0001_tetrahedral_path0001_pimg005_seed001.vasp,,True,,[0],[0],['Mg'],"[[0.25, 0.25, 0.25]]",single,1,"[1, 1, 1]",4.0,0.05,"[0, 1, 2, 3, 4, 5, 6, 7, 8, 9, 10, 11, 12, 13, 14, 15, 16, 17, 18, 19, 20, 21, 22, 23, 24, 25, 26, 27, 28, 29, 30, 31, 32, 33, 34, 35, 36, 37, 38, 39, 40, 41, 42, 43, 44, 45, 46, 47, 48, 49, 50, 51, 52, 53, 54]",tetrahedral,"[[2.0754465, 2.91502614, 2.49523632]]",1,0.7142857142857142,5,[1],[0],1
path_image_seed,Mg1,1,2,af202117df2c3a60,POSCAR_Mg1_base0001_tetrahedral_path0001_pimg005_seed002.vasp,,True,,[0],[0],['Mg'],"[[0.25, 0.25, 0.25]]",single,1,"[1, 1, 1]",4.0,0.08571428571428572,"[0, 1, 2, 3, 4, 5, 6, 7, 8, 9, 10, 11, 12, 13, 14, 15, 16, 17, 18, 19, 20, 21, 22, 23, 24, 25, 26, 27, 28, 29, 30, 31, 32, 33, 34, 35, 36, 37, 38, 39, 40, 41, 42, 43, 44, 45, 46, 47, 48, 49, 50, 51, 52, 53, 54]",tetrahedral,"[[2.0754465, 2.91502614, 2.49523632]]",1,0.7142857142857142,5,[1],[0],1
path_image_seed,Mg1,1,3,af202117df2c3a60,POSCAR_Mg1_base0001_tetrahedral_path0001_pimg005_seed003.vasp,,True,,[0],[0],['Mg'],"[[0.25, 0.25, 0.25]]",single,1,"[1, 1, 1]",4.0,0.12142857142857143,"[0, 1, 2, 3, 4, 5, 6, 7, 8, 9, 10, 11, 12, 13, 14, 15, 16, 17, 18, 19, 20, 21, 22, 23, 24, 25, 26, 27, 28, 29, 30, 31, 32, 33, 34, 35, 36, 37, 38, 39, 40, 41, 42, 43, 44, 45, 46, 47, 48, 49, 50, 51, 52, 53, 54]",tetrahedral,"[[2.0754465, 2.91502614, 2.49523632]]",1,0.7142857142857142,5,[1],[0],1
rejected_path_image_seed,Mg1,1,4,af202117df2c3a60,,,False,"{""pair"": [0, 40], ""species"": [""Mg"", ""Se""], ""distance"": 1.45038742640436, ""minimum_allowed"": 1.4575}",[0],[0],['Mg'],"[[0.25, 0.25, 0.25]]",single,1,"[1, 1, 1]",4.0,0.15714285714285714,"[0, 1, 2, 3, 4, 5, 6, 7, 8, 9, 10, 11, 12, 13, 14, 15, 16, 17, 18, 19, 20, 21, 22, 23, 24, 25, 26, 27, 28, 29, 30, 31, 32, 33, 34, 35, 36, 37, 38, 39, 40, 41, 42, 43, 44, 45, 46, 47, 48, 49, 50, 51, 52, 53, 54]",tetrahedral,"[[2.0754465, 2.91502614, 2.49523632]]",1,0.7142857142857142,5,[1],[0],1
path_image_seed,Mg1,1,5,af202117df2c3a60,POSCAR_Mg1_base0001_tetrahedral_path0001_pimg005_seed005.vasp,,True,,[0],[0],['Mg'],"[[0.25, 0.25, 0.25]]",single,1,"[1, 1, 1]",4.0,0.19285714285714284,"[0, 1, 2, 3, 4, 5, 6, 7, 8, 9, 10, 11, 12, 13, 14, 15, 16, 17, 18, 19, 20, 21, 22, 23, 24, 25, 26, 27, 28, 29, 30, 31, 32, 33, 34, 35, 36, 37, 38, 39, 40, 41, 42, 43, 44, 45, 46, 47, 48, 49, 50, 51, 52, 53, 54]",tetrahedral,"[[2.0754465, 2.91502614, 2.49523632]]",1,0.7142857142857142,5,[1],[0],1
path_image_seed,Mg1,1,6,af202117df2c3a60,POSCAR_Mg1_base0001_tetrahedral_path0001_pimg005_seed006.vasp,,True,,[0],[0],['Mg'],"[[0.25, 0.25, 0.25]]",single,1,"[1, 1, 1]",4.0,0.22857142857142854,"[0, 1, 2, 3, 4, 5, 6, 7, 8, 9, 10, 11, 12, 13, 14, 15, 16, 17, 18, 19, 20, 21, 22, 23, 24, 25, 26, 27, 28, 29, 30, 31, 32, 33, 34, 35, 36, 37, 38, 39, 40, 41, 42, 43, 44, 45, 46, 47, 48, 49, 50, 51, 52, 53, 54]",tetrahedral,"[[2.0754465, 2.91502614, 2.49523632]]",1,0.7142857142857142,5,[1],[0],1
path_image_seed,Mg1,1,7,af202117df2c3a60,POSCAR_Mg1_base0001_tetrahedral_path0001_pimg005_seed007.vasp,,True,,[0],[0],['Mg'],"[[0.25, 0.25, 0.25]]",single,1,"[1, 1, 1]",4.0,0.2642857142857143,"[0, 1, 2, 3, 4, 5, 6, 7, 8, 9, 10, 11, 12, 13, 14, 15, 16, 17, 18, 19, 20, 21, 22, 23, 24, 25, 26, 27, 28, 29, 30, 31, 32, 33, 34, 35, 36, 37, 38, 39, 40, 41, 42, 43, 44, 45, 46, 47, 48, 49, 50, 51, 52, 53, 54]",tetrahedral,"[[2.0754465, 2.91502614, 2.49523632]]",1,0.7142857142857142,5,[1],[0],1
path_image_seed,Mg1,1,8,af202117df2c3a60,POSCAR_Mg1_base0001_tetrahedral_path0001_pimg005_seed008.vasp,,True,,[0],[0],['Mg'],"[[0.25, 0.25, 0.25]]",single,1,"[1, 1, 1]",4.0,0.3,"[0, 1, 2, 3, 4, 5, 6, 7, 8, 9, 10, 11, 12, 13, 14, 15, 16, 17, 18, 19, 20, 21, 22, 23, 24, 25, 26, 27, 28, 29, 30, 31, 32, 33, 34, 35, 36, 37, 38, 39, 40, 41, 42, 43, 44, 45, 46, 47, 48, 49, 50, 51, 52, 53, 54]",tetrahedral,"[[2.0754465, 2.91502614, 2.49523632]]",1,0.7142857142857142,5,[1],[0],1
path_image,Mg1,1,,af202117df2c3a60,POSCAR_Mg1_base0001_tetrahedral_path0001_pimg006.vasp,,True,,[0],[0],['Mg'],"[[0.25, 0.25, 0.25]]",single,1,"[1, 1, 1]",,,[],tetrahedral,"[[2.0754465, 2.91502614, 2.49523632]]",1,0.8571428571428571,,[1],[0],1
path_image_seed,Mg1,1,1,af202117df2c3a60,POSCAR_Mg1_base0001_tetrahedral_path0001_pimg006_seed001.vasp,,True,,[0],[0],['Mg'],"[[0.25, 0.25, 0.25]]",single,1,"[1, 1, 1]",4.0,0.05,"[0, 1, 2, 3, 4, 5, 6, 7, 8, 9, 10, 11, 12, 13, 14, 15, 16, 17, 18, 19, 20, 21, 22, 23, 24, 25, 26, 27, 28, 29, 30, 31, 32, 33, 34, 35, 36, 37, 38, 39, 40, 41, 42, 43, 44, 45, 46, 47, 48, 49, 50, 51, 52, 53, 54]",tetrahedral,"[[2.0754465, 2.91502614, 2.49523632]]",1,0.8571428571428571,6,[1],[0],1
path_image_seed,Mg1,1,2,af202117df2c3a60,POSCAR_Mg1_base0001_tetrahedral_path0001_pimg006_seed002.vasp,,True,,[0],[0],['Mg'],"[[0.25, 0.25, 0.25]]",single,1,"[1, 1, 1]",4.0,0.08571428571428572,"[0, 1, 2, 3, 4, 5, 6, 7, 8, 9, 10, 11, 12, 13, 14, 15, 16, 17, 18, 19, 20, 21, 22, 23, 24, 25, 26, 27, 28, 29, 30, 31, 32, 33, 34, 35, 36, 37, 38, 39, 40, 41, 42, 43, 44, 45, 46, 47, 48, 49, 50, 51, 52, 53, 54]",tetrahedral,"[[2.0754465, 2.91502614, 2.49523632]]",1,0.8571428571428571,6,[1],[0],1
path_image_seed,Mg1,1,3,af202117df2c3a60,POSCAR_Mg1_base0001_tetrahedral_path0001_pimg006_seed003.vasp,,True,,[0],[0],['Mg'],"[[0.25, 0.25, 0.25]]",single,1,"[1, 1, 1]",4.0,0.12142857142857143,"[0, 1, 2, 3, 4, 5, 6, 7, 8, 9, 10, 11, 12, 13, 14, 15, 16, 17, 18, 19, 20, 21, 22, 23, 24, 25, 26, 27, 28, 29, 30, 31, 32, 33, 34, 35, 36, 37, 38, 39, 40, 41, 42, 43, 44, 45, 46, 47, 48, 49, 50, 51, 52, 53, 54]",tetrahedral,"[[2.0754465, 2.91502614, 2.49523632]]",1,0.8571428571428571,6,[1],[0],1
path_image_seed,Mg1,1,4,af202117df2c3a60,POSCAR_Mg1_base0001_tetrahedral_path0001_pimg006_seed004.vasp,,True,,[0],[0],['Mg'],"[[0.25, 0.25, 0.25]]",single,1,"[1, 1, 1]",4.0,0.15714285714285714,"[0, 1, 2, 3, 4, 5, 6, 7, 8, 9, 10, 11, 12, 13, 14, 15, 16, 17, 18, 19, 20, 21, 22, 23, 24, 25, 26, 27, 28, 29, 30, 31, 32, 33, 34, 35, 36, 37, 38, 39, 40, 41, 42, 43, 44, 45, 46, 47, 48, 49, 50, 51, 52, 53, 54]",tetrahedral,"[[2.0754465, 2.91502614, 2.49523632]]",1,0.8571428571428571,6,[1],[0],1
path_image_seed,Mg1,1,5,af202117df2c3a60,POSCAR_Mg1_base0001_tetrahedral_path0001_pimg006_seed005.vasp,,True,,[0],[0],['Mg'],"[[0.25, 0.25, 0.25]]",single,1,"[1, 1, 1]",4.0,0.19285714285714284,"[0, 1, 2, 3, 4, 5, 6, 7, 8, 9, 10, 11, 12, 13, 14, 15, 16, 17, 18, 19, 20, 21, 22, 23, 24, 25, 26, 27, 28, 29, 30, 31, 32, 33, 34, 35, 36, 37, 38, 39, 40, 41, 42, 43, 44, 45, 46, 47, 48, 49, 50, 51, 52, 53, 54]",tetrahedral,"[[2.0754465, 2.91502614, 2.49523632]]",1,0.8571428571428571,6,[1],[0],1
path_image_seed,Mg1,1,6,af202117df2c3a60,POSCAR_Mg1_base0001_tetrahedral_path0001_pimg006_seed006.vasp,,True,,[0],[0],['Mg'],"[[0.25, 0.25, 0.25]]",single,1,"[1, 1, 1]",4.0,0.22857142857142854,"[0, 1, 2, 3, 4, 5, 6, 7, 8, 9, 10, 11, 12, 13, 14, 15, 16, 17, 18, 19, 20, 21, 22, 23, 24, 25, 26, 27, 28, 29, 30, 31, 32, 33, 34, 35, 36, 37, 38, 39, 40, 41, 42, 43, 44, 45, 46, 47, 48, 49, 50, 51, 52, 53, 54]",tetrahedral,"[[2.0754465, 2.91502614, 2.49523632]]",1,0.8571428571428571,6,[1],[0],1
path_image_seed,Mg1,1,7,af202117df2c3a60,POSCAR_Mg1_base0001_tetrahedral_path0001_pimg006_seed007.vasp,,True,,[0],[0],['Mg'],"[[0.25, 0.25, 0.25]]",single,1,"[1, 1, 1]",4.0,0.2642857142857143,"[0, 1, 2, 3, 4, 5, 6, 7, 8, 9, 10, 11, 12, 13, 14, 15, 16, 17, 18, 19, 20, 21, 22, 23, 24, 25, 26, 27, 28, 29, 30, 31, 32, 33, 34, 35, 36, 37, 38, 39, 40, 41, 42, 43, 44, 45, 46, 47, 48, 49, 50, 51, 52, 53, 54]",tetrahedral,"[[2.0754465, 2.91502614, 2.49523632]]",1,0.8571428571428571,6,[1],[0],1
path_image_seed,Mg1,1,8,af202117df2c3a60,POSCAR_Mg1_base0001_tetrahedral_path0001_pimg006_seed008.vasp,,True,,[0],[0],['Mg'],"[[0.25, 0.25, 0.25]]",single,1,"[1, 1, 1]",4.0,0.3,"[0, 1, 2, 3, 4, 5, 6, 7, 8, 9, 10, 11, 12, 13, 14, 15, 16, 17, 18, 19, 20, 21, 22, 23, 24, 25, 26, 27, 28, 29, 30, 31, 32, 33, 34, 35, 36, 37, 38, 39, 40, 41, 42, 43, 44, 45, 46, 47, 48, 49, 50, 51, 52, 53, 54]",tetrahedral,"[[2.0754465, 2.91502614, 2.49523632]]",1,0.8571428571428571,6,[1],[0],1
path_end,Mg1,1,,af202117df2c3a60,POSCAR_Mg1_base0001_tetrahedral_path0001_pimg007.vasp,,True,,[0],[0],['Mg'],"[[0.25, 0.25, 0.25]]",single,1,"[1, 1, 1]",,,[],tetrahedral,"[[2.0754465, 2.91502614, 2.49523632]]",1,1.0,,[1],[0],1
path_end_seed,Mg1,1,1,af202117df2c3a60,POSCAR_Mg1_base0001_tetrahedral_path0001_pimg007_seed001.vasp,,True,,[0],[0],['Mg'],"[[0.25, 0.25, 0.25]]",single,1,"[1, 1, 1]",4.0,0.05,"[0, 1, 2, 3, 4, 5, 6, 7, 8, 9, 10, 11, 12, 13, 14, 15, 16, 17, 18, 19, 20, 21, 22, 23, 24, 25, 26, 27, 28, 29, 30, 31, 32, 33, 34, 35, 36, 37, 38, 39, 40, 41, 42, 43, 44, 45, 46, 47, 48, 49, 50, 51, 52, 53, 54]",tetrahedral,"[[2.0754465, 2.91502614, 2.49523632]]",1,1.0,7,[1],[0],1
path_end_seed,Mg1,1,2,af202117df2c3a60,POSCAR_Mg1_base0001_tetrahedral_path0001_pimg007_seed002.vasp,,True,,[0],[0],['Mg'],"[[0.25, 0.25, 0.25]]",single,1,"[1, 1, 1]",4.0,0.08571428571428572,"[0, 1, 2, 3, 4, 5, 6, 7, 8, 9, 10, 11, 12, 13, 14, 15, 16, 17, 18, 19, 20, 21, 22, 23, 24, 25, 26, 27, 28, 29, 30, 31, 32, 33, 34, 35, 36, 37, 38, 39, 40, 41, 42, 43, 44, 45, 46, 47, 48, 49, 50, 51, 52, 53, 54]",tetrahedral,"[[2.0754465, 2.91502614, 2.49523632]]",1,1.0,7,[1],[0],1
path_end_seed,Mg1,1,3,af202117df2c3a60,POSCAR_Mg1_base0001_tetrahedral_path0001_pimg007_seed003.vasp,,True,,[0],[0],['Mg'],"[[0.25, 0.25, 0.25]]",single,1,"[1, 1, 1]",4.0,0.12142857142857143,"[0, 1, 2, 3, 4, 5, 6, 7, 8, 9, 10, 11, 12, 13, 14, 15, 16, 17, 18, 19, 20, 21, 22, 23, 24, 25, 26, 27, 28, 29, 30, 31, 32, 33, 34, 35, 36, 37, 38, 39, 40, 41, 42, 43, 44, 45, 46, 47, 48, 49, 50, 51, 52, 53, 54]",tetrahedral,"[[2.0754465, 2.91502614, 2.49523632]]",1,1.0,7,[1],[0],1
path_end_seed,Mg1,1,4,af202117df2c3a60,POSCAR_Mg1_base0001_tetrahedral_path0001_pimg007_seed004.vasp,,True,,[0],[0],['Mg'],"[[0.25, 0.25, 0.25]]",single,1,"[1, 1, 1]",4.0,0.15714285714285714,"[0, 1, 2, 3, 4, 5, 6, 7, 8, 9, 10, 11, 12, 13, 14, 15, 16, 17, 18, 19, 20, 21, 22, 23, 24, 25, 26, 27, 28, 29, 30, 31, 32, 33, 34, 35, 36, 37, 38, 39, 40, 41, 42, 43, 44, 45, 46, 47, 48, 49, 50, 51, 52, 53, 54]",tetrahedral,"[[2.0754465, 2.91502614, 2.49523632]]",1,1.0,7,[1],[0],1
path_end_seed,Mg1,1,5,af202117df2c3a60,POSCAR_Mg1_base0001_tetrahedral_path0001_pimg007_seed005.vasp,,True,,[0],[0],['Mg'],"[[0.25, 0.25, 0.25]]",single,1,"[1, 1, 1]",4.0,0.19285714285714284,"[0, 1, 2, 3, 4, 5, 6, 7, 8, 9, 10, 11, 12, 13, 14, 15, 16, 17, 18, 19, 20, 21, 22, 23, 24, 25, 26, 27, 28, 29, 30, 31, 32, 33, 34, 35, 36, 37, 38, 39, 40, 41, 42, 43, 44, 45, 46, 47, 48, 49, 50, 51, 52, 53, 54]",tetrahedral,"[[2.0754465, 2.91502614, 2.49523632]]",1,1.0,7,[1],[0],1
path_end_seed,Mg1,1,6,af202117df2c3a60,POSCAR_Mg1_base0001_tetrahedral_path0001_pimg007_seed006.vasp,,True,,[0],[0],['Mg'],"[[0.25, 0.25, 0.25]]",single,1,"[1, 1, 1]",4.0,0.22857142857142854,"[0, 1, 2, 3, 4, 5, 6, 7, 8, 9, 10, 11, 12, 13, 14, 15, 16, 17, 18, 19, 20, 21, 22, 23, 24, 25, 26, 27, 28, 29, 30, 31, 32, 33, 34, 35, 36, 37, 38, 39, 40, 41, 42, 43, 44, 45, 46, 47, 48, 49, 50, 51, 52, 53, 54]",tetrahedral,"[[2.0754465, 2.91502614, 2.49523632]]",1,1.0,7,[1],[0],1
path_end_seed,Mg1,1,7,af202117df2c3a60,POSCAR_Mg1_base0001_tetrahedral_path0001_pimg007_seed007.vasp,,True,,[0],[0],['Mg'],"[[0.25, 0.25, 0.25]]",single,1,"[1, 1, 1]",4.0,0.2642857142857143,"[0, 1, 2, 3, 4, 5, 6, 7, 8, 9, 10, 11, 12, 13, 14, 15, 16, 17, 18, 19, 20, 21, 22, 23, 24, 25, 26, 27, 28, 29, 30, 31, 32, 33, 34, 35, 36, 37, 38, 39, 40, 41, 42, 43, 44, 45, 46, 47, 48, 49, 50, 51, 52, 53, 54]",tetrahedral,"[[2.0754465, 2.91502614, 2.49523632]]",1,1.0,7,[1],[0],1
path_end_seed,Mg1,1,8,af202117df2c3a60,POSCAR_Mg1_base0001_tetrahedral_path0001_pimg007_seed008.vasp,,True,,[0],[0],['Mg'],"[[0.25, 0.25, 0.25]]",single,1,"[1, 1, 1]",4.0,0.3,"[0, 1, 2, 3, 4, 5, 6, 7, 8, 9, 10, 11, 12, 13, 14, 15, 16, 17, 18, 19, 20, 21, 22, 23, 24, 25, 26, 27, 28, 29, 30, 31, 32, 33, 34, 35, 36, 37, 38, 39, 40, 41, 42, 43, 44, 45, 46, 47, 48, 49, 50, 51, 52, 53, 54]",tetrahedral,"[[2.0754465, 2.91502614, 2.49523632]]",1,1.0,7,[1],[0],1
path_start,Mg1,1,,af202117df2c3a60,POSCAR_Mg1_base0001_tetrahedral_path0002_pimg000.vasp,,True,,[0],[0],['Mg'],"[[0.25, 0.25, 0.25]]",single,1,"[1, 1, 1]",,,[],tetrahedral,"[[2.0754465, 2.91502614, 2.49523632]]",2,0.0,,[3],[0],1
path_start_seed,Mg1,1,1,af202117df2c3a60,POSCAR_Mg1_base0001_tetrahedral_path0002_pimg000_seed001.vasp,,True,,[0],[0],['Mg'],"[[0.25, 0.25, 0.25]]",single,1,"[1, 1, 1]",4.0,0.05,"[0, 1, 2, 3, 4, 5, 6, 7, 8, 9, 10, 11, 12, 13, 14, 15, 16, 17, 18, 19, 20, 21, 22, 23, 24, 25, 26, 27, 28, 29, 30, 31, 32, 33, 34, 35, 36, 37, 38, 39, 40, 41, 42, 43, 44, 45, 46, 47, 48, 49, 50, 51, 52, 53, 54]",tetrahedral,"[[2.0754465, 2.91502614, 2.49523632]]",2,0.0,0,[3],[0],1
path_start_seed,Mg1,1,2,af202117df2c3a60,POSCAR_Mg1_base0001_tetrahedral_path0002_pimg000_seed002.vasp,,True,,[0],[0],['Mg'],"[[0.25, 0.25, 0.25]]",single,1,"[1, 1, 1]",4.0,0.08571428571428572,"[0, 1, 2, 3, 4, 5, 6, 7, 8, 9, 10, 11, 12, 13, 14, 15, 16, 17, 18, 19, 20, 21, 22, 23, 24, 25, 26, 27, 28, 29, 30, 31, 32, 33, 34, 35, 36, 37, 38, 39, 40, 41, 42, 43, 44, 45, 46, 47, 48, 49, 50, 51, 52, 53, 54]",tetrahedral,"[[2.0754465, 2.91502614, 2.49523632]]",2,0.0,0,[3],[0],1
path_start_seed,Mg1,1,3,af202117df2c3a60,POSCAR_Mg1_base0001_tetrahedral_path0002_pimg000_seed003.vasp,,True,,[0],[0],['Mg'],"[[0.25, 0.25, 0.25]]",single,1,"[1, 1, 1]",4.0,0.12142857142857143,"[0, 1, 2, 3, 4, 5, 6, 7, 8, 9, 10, 11, 12, 13, 14, 15, 16, 17, 18, 19, 20, 21, 22, 23, 24, 25, 26, 27, 28, 29, 30, 31, 32, 33, 34, 35, 36, 37, 38, 39, 40, 41, 42, 43, 44, 45, 46, 47, 48, 49, 50, 51, 52, 53, 54]",tetrahedral,"[[2.0754465, 2.91502614, 2.49523632]]",2,0.0,0,[3],[0],1
path_start_seed,Mg1,1,4,af202117df2c3a60,POSCAR_Mg1_base0001_tetrahedral_path0002_pimg000_seed004.vasp,,True,,[0],[0],['Mg'],"[[0.25, 0.25, 0.25]]",single,1,"[1, 1, 1]",4.0,0.15714285714285714,"[0, 1, 2, 3, 4, 5, 6, 7, 8, 9, 10, 11, 12, 13, 14, 15, 16, 17, 18, 19, 20, 21, 22, 23, 24, 25, 26, 27, 28, 29, 30, 31, 32, 33, 34, 35, 36, 37, 38, 39, 40, 41, 42, 43, 44, 45, 46, 47, 48, 49, 50, 51, 52, 53, 54]",tetrahedral,"[[2.0754465, 2.91502614, 2.49523632]]",2,0.0,0,[3],[0],1
path_start_seed,Mg1,1,5,af202117df2c3a60,POSCAR_Mg1_base0001_tetrahedral_path0002_pimg000_seed005.vasp,,True,,[0],[0],['Mg'],"[[0.25, 0.25, 0.25]]",single,1,"[1, 1, 1]",4.0,0.19285714285714284,"[0, 1, 2, 3, 4, 5, 6, 7, 8, 9, 10, 11, 12, 13, 14, 15, 16, 17, 18, 19, 20, 21, 22, 23, 24, 25, 26, 27, 28, 29, 30, 31, 32, 33, 34, 35, 36, 37, 38, 39, 40, 41, 42, 43, 44, 45, 46, 47, 48, 49, 50, 51, 52, 53, 54]",tetrahedral,"[[2.0754465, 2.91502614, 2.49523632]]",2,0.0,0,[3],[0],1
path_start_seed,Mg1,1,6,af202117df2c3a60,POSCAR_Mg1_base0001_tetrahedral_path0002_pimg000_seed006.vasp,,True,,[0],[0],['Mg'],"[[0.25, 0.25, 0.25]]",single,1,"[1, 1, 1]",4.0,0.22857142857142854,"[0, 1, 2, 3, 4, 5, 6, 7, 8, 9, 10, 11, 12, 13, 14, 15, 16, 17, 18, 19, 20, 21, 22, 23, 24, 25, 26, 27, 28, 29, 30, 31, 32, 33, 34, 35, 36, 37, 38, 39, 40, 41, 42, 43, 44, 45, 46, 47, 48, 49, 50, 51, 52, 53, 54]",tetrahedral,"[[2.0754465, 2.91502614, 2.49523632]]",2,0.0,0,[3],[0],1
path_start_seed,Mg1,1,7,af202117df2c3a60,POSCAR_Mg1_base0001_tetrahedral_path0002_pimg000_seed007.vasp,,True,,[0],[0],['Mg'],"[[0.25, 0.25, 0.25]]",single,1,"[1, 1, 1]",4.0,0.2642857142857143,"[0, 1, 2, 3, 4, 5, 6, 7, 8, 9, 10, 11, 12, 13, 14, 15, 16, 17, 18, 19, 20, 21, 22, 23, 24, 25, 26, 27, 28, 29, 30, 31, 32, 33, 34, 35, 36, 37, 38, 39, 40, 41, 42, 43, 44, 45, 46, 47, 48, 49, 50, 51, 52, 53, 54]",tetrahedral,"[[2.0754465, 2.91502614, 2.49523632]]",2,0.0,0,[3],[0],1
path_start_seed,Mg1,1,8,af202117df2c3a60,POSCAR_Mg1_base0001_tetrahedral_path0002_pimg000_seed008.vasp,,True,,[0],[0],['Mg'],"[[0.25, 0.25, 0.25]]",single,1,"[1, 1, 1]",4.0,0.3,"[0, 1, 2, 3, 4, 5, 6, 7, 8, 9, 10, 11, 12, 13, 14, 15, 16, 17, 18, 19, 20, 21, 22, 23, 24, 25, 26, 27, 28, 29, 30, 31, 32, 33, 34, 35, 36, 37, 38, 39, 40, 41, 42, 43, 44, 45, 46, 47, 48, 49, 50, 51, 52, 53, 54]",tetrahedral,"[[2.0754465, 2.91502614, 2.49523632]]",2,0.0,0,[3],[0],1
path_image,Mg1,1,,af202117df2c3a60,POSCAR_Mg1_base0001_tetrahedral_path0002_pimg001.vasp,,True,,[0],[0],['Mg'],"[[0.25, 0.25, 0.25]]",single,1,"[1, 1, 1]",,,[],tetrahedral,"[[2.0754465, 2.91502614, 2.49523632]]",2,0.14285714285714285,,[3],[0],1
path_image_seed,Mg1,1,1,af202117df2c3a60,POSCAR_Mg1_base0001_tetrahedral_path0002_pimg001_seed001.vasp,,True,,[0],[0],['Mg'],"[[0.25, 0.25, 0.25]]",single,1,"[1, 1, 1]",4.0,0.05,"[0, 1, 2, 3, 4, 5, 6, 7, 8, 9, 10, 11, 12, 13, 14, 15, 16, 17, 18, 19, 20, 21, 22, 23, 24, 25, 26, 27, 28, 29, 30, 31, 32, 33, 34, 35, 36, 37, 38, 39, 40, 41, 42, 43, 44, 45, 46, 47, 48, 49, 50, 51, 52, 53, 54]",tetrahedral,"[[2.0754465, 2.91502614, 2.49523632]]",2,0.14285714285714285,1,[3],[0],1
path_image_seed,Mg1,1,2,af202117df2c3a60,POSCAR_Mg1_base0001_tetrahedral_path0002_pimg001_seed002.vasp,,True,,[0],[0],['Mg'],"[[0.25, 0.25, 0.25]]",single,1,"[1, 1, 1]",4.0,0.08571428571428572,"[0, 1, 2, 3, 4, 5, 6, 7, 8, 9, 10, 11, 12, 13, 14, 15, 16, 17, 18, 19, 20, 21, 22, 23, 24, 25, 26, 27, 28, 29, 30, 31, 32, 33, 34, 35, 36, 37, 38, 39, 40, 41, 42, 43, 44, 45, 46, 47, 48, 49, 50, 51, 52, 53, 54]",tetrahedral,"[[2.0754465, 2.91502614, 2.49523632]]",2,0.14285714285714285,1,[3],[0],1
path_image_seed,Mg1,1,3,af202117df2c3a60,POSCAR_Mg1_base0001_tetrahedral_path0002_pimg001_seed003.vasp,,True,,[0],[0],['Mg'],"[[0.25, 0.25, 0.25]]",single,1,"[1, 1, 1]",4.0,0.12142857142857143,"[0, 1, 2, 3, 4, 5, 6, 7, 8, 9, 10, 11, 12, 13, 14, 15, 16, 17, 18, 19, 20, 21, 22, 23, 24, 25, 26, 27, 28, 29, 30, 31, 32, 33, 34, 35, 36, 37, 38, 39, 40, 41, 42, 43, 44, 45, 46, 47, 48, 49, 50, 51, 52, 53, 54]",tetrahedral,"[[2.0754465, 2.91502614, 2.49523632]]",2,0.14285714285714285,1,[3],[0],1
path_image_seed,Mg1,1,4,af202117df2c3a60,POSCAR_Mg1_base0001_tetrahedral_path0002_pimg001_seed004.vasp,,True,,[0],[0],['Mg'],"[[0.25, 0.25, 0.25]]",single,1,"[1, 1, 1]",4.0,0.15714285714285714,"[0, 1, 2, 3, 4, 5, 6, 7, 8, 9, 10, 11, 12, 13, 14, 15, 16, 17, 18, 19, 20, 21, 22, 23, 24, 25, 26, 27, 28, 29, 30, 31, 32, 33, 34, 35, 36, 37, 38, 39, 40, 41, 42, 43, 44, 45, 46, 47, 48, 49, 50, 51, 52, 53, 54]",tetrahedral,"[[2.0754465, 2.91502614, 2.49523632]]",2,0.14285714285714285,1,[3],[0],1
path_image_seed,Mg1,1,5,af202117df2c3a60,POSCAR_Mg1_base0001_tetrahedral_path0002_pimg001_seed005.vasp,,True,,[0],[0],['Mg'],"[[0.25, 0.25, 0.25]]",single,1,"[1, 1, 1]",4.0,0.19285714285714284,"[0, 1, 2, 3, 4, 5, 6, 7, 8, 9, 10, 11, 12, 13, 14, 15, 16, 17, 18, 19, 20, 21, 22, 23, 24, 25, 26, 27, 28, 29, 30, 31, 32, 33, 34, 35, 36, 37, 38, 39, 40, 41, 42, 43, 44, 45, 46, 47, 48, 49, 50, 51, 52, 53, 54]",tetrahedral,"[[2.0754465, 2.91502614, 2.49523632]]",2,0.14285714285714285,1,[3],[0],1
path_image_seed,Mg1,1,6,af202117df2c3a60,POSCAR_Mg1_base0001_tetrahedral_path0002_pimg001_seed006.vasp,,True,,[0],[0],['Mg'],"[[0.25, 0.25, 0.25]]",single,1,"[1, 1, 1]",4.0,0.22857142857142854,"[0, 1, 2, 3, 4, 5, 6, 7, 8, 9, 10, 11, 12, 13, 14, 15, 16, 17, 18, 19, 20, 21, 22, 23, 24, 25, 26, 27, 28, 29, 30, 31, 32, 33, 34, 35, 36, 37, 38, 39, 40, 41, 42, 43, 44, 45, 46, 47, 48, 49, 50, 51, 52, 53, 54]",tetrahedral,"[[2.0754465, 2.91502614, 2.49523632]]",2,0.14285714285714285,1,[3],[0],1
path_image_seed,Mg1,1,7,af202117df2c3a60,POSCAR_Mg1_base0001_tetrahedral_path0002_pimg001_seed007.vasp,,True,,[0],[0],['Mg'],"[[0.25, 0.25, 0.25]]",single,1,"[1, 1, 1]",4.0,0.2642857142857143,"[0, 1, 2, 3, 4, 5, 6, 7, 8, 9, 10, 11, 12, 13, 14, 15, 16, 17, 18, 19, 20, 21, 22, 23, 24, 25, 26, 27, 28, 29, 30, 31, 32, 33, 34, 35, 36, 37, 38, 39, 40, 41, 42, 43, 44, 45, 46, 47, 48, 49, 50, 51, 52, 53, 54]",tetrahedral,"[[2.0754465, 2.91502614, 2.49523632]]",2,0.14285714285714285,1,[3],[0],1
path_image_seed,Mg1,1,8,af202117df2c3a60,POSCAR_Mg1_base0001_tetrahedral_path0002_pimg001_seed008.vasp,,True,,[0],[0],['Mg'],"[[0.25, 0.25, 0.25]]",single,1,"[1, 1, 1]",4.0,0.3,"[0, 1, 2, 3, 4, 5, 6, 7, 8, 9, 10, 11, 12, 13, 14, 15, 16, 17, 18, 19, 20, 21, 22, 23, 24, 25, 26, 27, 28, 29, 30, 31, 32, 33, 34, 35, 36, 37, 38, 39, 40, 41, 42, 43, 44, 45, 46, 47, 48, 49, 50, 51, 52, 53, 54]",tetrahedral,"[[2.0754465, 2.91502614, 2.49523632]]",2,0.14285714285714285,1,[3],[0],1
path_image,Mg1,1,,af202117df2c3a60,POSCAR_Mg1_base0001_tetrahedral_path0002_pimg002.vasp,,True,,[0],[0],['Mg'],"[[0.25, 0.25, 0.25]]",single,1,"[1, 1, 1]",,,[],tetrahedral,"[[2.0754465, 2.91502614, 2.49523632]]",2,0.2857142857142857,,[3],[0],1
path_image_seed,Mg1,1,1,af202117df2c3a60,POSCAR_Mg1_base0001_tetrahedral_path0002_pimg002_seed001.vasp,,True,,[0],[0],['Mg'],"[[0.25, 0.25, 0.25]]",single,1,"[1, 1, 1]",4.0,0.05,"[0, 1, 2, 3, 4, 5, 6, 7, 8, 9, 10, 11, 12, 13, 14, 15, 16, 17, 18, 19, 20, 21, 22, 23, 24, 25, 26, 27, 28, 29, 30, 31, 32, 33, 34, 35, 36, 37, 38, 39, 40, 41, 42, 43, 44, 45, 46, 47, 48, 49, 50, 51, 52, 53, 54]",tetrahedral,"[[2.0754465, 2.91502614, 2.49523632]]",2,0.2857142857142857,2,[3],[0],1
path_image_seed,Mg1,1,2,af202117df2c3a60,POSCAR_Mg1_base0001_tetrahedral_path0002_pimg002_seed002.vasp,,True,,[0],[0],['Mg'],"[[0.25, 0.25, 0.25]]",single,1,"[1, 1, 1]",4.0,0.08571428571428572,"[0, 1, 2, 3, 4, 5, 6, 7, 8, 9, 10, 11, 12, 13, 14, 15, 16, 17, 18, 19, 20, 21, 22, 23, 24, 25, 26, 27, 28, 29, 30, 31, 32, 33, 34, 35, 36, 37, 38, 39, 40, 41, 42, 43, 44, 45, 46, 47, 48, 49, 50, 51, 52, 53, 54]",tetrahedral,"[[2.0754465, 2.91502614, 2.49523632]]",2,0.2857142857142857,2,[3],[0],1
path_image_seed,Mg1,1,3,af202117df2c3a60,POSCAR_Mg1_base0001_tetrahedral_path0002_pimg002_seed003.vasp,,True,,[0],[0],['Mg'],"[[0.25, 0.25, 0.25]]",single,1,"[1, 1, 1]",4.0,0.12142857142857143,"[0, 1, 2, 3, 4, 5, 6, 7, 8, 9, 10, 11, 12, 13, 14, 15, 16, 17, 18, 19, 20, 21, 22, 23, 24, 25, 26, 27, 28, 29, 30, 31, 32, 33, 34, 35, 36, 37, 38, 39, 40, 41, 42, 43, 44, 45, 46, 47, 48, 49, 50, 51, 52, 53, 54]",tetrahedral,"[[2.0754465, 2.91502614, 2.49523632]]",2,0.2857142857142857,2,[3],[0],1
path_image_seed,Mg1,1,4,af202117df2c3a60,POSCAR_Mg1_base0001_tetrahedral_path0002_pimg002_seed004.vasp,,True,,[0],[0],['Mg'],"[[0.25, 0.25, 0.25]]",single,1,"[1, 1, 1]",4.0,0.15714285714285714,"[0, 1, 2, 3, 4, 5, 6, 7, 8, 9, 10, 11, 12, 13, 14, 15, 16, 17, 18, 19, 20, 21, 22, 23, 24, 25, 26, 27, 28, 29, 30, 31, 32, 33, 34, 35, 36, 37, 38, 39, 40, 41, 42, 43, 44, 45, 46, 47, 48, 49, 50, 51, 52, 53, 54]",tetrahedral,"[[2.0754465, 2.91502614, 2.49523632]]",2,0.2857142857142857,2,[3],[0],1
path_image_seed,Mg1,1,5,af202117df2c3a60,POSCAR_Mg1_base0001_tetrahedral_path0002_pimg002_seed005.vasp,,True,,[0],[0],['Mg'],"[[0.25, 0.25, 0.25]]",single,1,"[1, 1, 1]",4.0,0.19285714285714284,"[0, 1, 2, 3, 4, 5, 6, 7, 8, 9, 10, 11, 12, 13, 14, 15, 16, 17, 18, 19, 20, 21, 22, 23, 24, 25, 26, 27, 28, 29, 30, 31, 32, 33, 34, 35, 36, 37, 38, 39, 40, 41, 42, 43, 44, 45, 46, 47, 48, 49, 50, 51, 52, 53, 54]",tetrahedral,"[[2.0754465, 2.91502614, 2.49523632]]",2,0.2857142857142857,2,[3],[0],1
path_image_seed,Mg1,1,6,af202117df2c3a60,POSCAR_Mg1_base0001_tetrahedral_path0002_pimg002_seed006.vasp,,True,,[0],[0],['Mg'],"[[0.25, 0.25, 0.25]]",single,1,"[1, 1, 1]",4.0,0.22857142857142854,"[0, 1, 2, 3, 4, 5, 6, 7, 8, 9, 10, 11, 12, 13, 14, 15, 16, 17, 18, 19, 20, 21, 22, 23, 24, 25, 26, 27, 28, 29, 30, 31, 32, 33, 34, 35, 36, 37, 38, 39, 40, 41, 42, 43, 44, 45, 46, 47, 48, 49, 50, 51, 52, 53, 54]",tetrahedral,"[[2.0754465, 2.91502614, 2.49523632]]",2,0.2857142857142857,2,[3],[0],1
path_image_seed,Mg1,1,7,af202117df2c3a60,POSCAR_Mg1_base0001_tetrahedral_path0002_pimg002_seed007.vasp,,True,,[0],[0],['Mg'],"[[0.25, 0.25, 0.25]]",single,1,"[1, 1, 1]",4.0,0.2642857142857143,"[0, 1, 2, 3, 4, 5, 6, 7, 8, 9, 10, 11, 12, 13, 14, 15, 16, 17, 18, 19, 20, 21, 22, 23, 24, 25, 26, 27, 28, 29, 30, 31, 32, 33, 34, 35, 36, 37, 38, 39, 40, 41, 42, 43, 44, 45, 46, 47, 48, 49, 50, 51, 52, 53, 54]",tetrahedral,"[[2.0754465, 2.91502614, 2.49523632]]",2,0.2857142857142857,2,[3],[0],1
path_image_seed,Mg1,1,8,af202117df2c3a60,POSCAR_Mg1_base0001_tetrahedral_path0002_pimg002_seed008.vasp,,True,,[0],[0],['Mg'],"[[0.25, 0.25, 0.25]]",single,1,"[1, 1, 1]",4.0,0.3,"[0, 1, 2, 3, 4, 5, 6, 7, 8, 9, 10, 11, 12, 13, 14, 15, 16, 17, 18, 19, 20, 21, 22, 23, 24, 25, 26, 27, 28, 29, 30, 31, 32, 33, 34, 35, 36, 37, 38, 39, 40, 41, 42, 43, 44, 45, 46, 47, 48, 49, 50, 51, 52, 53, 54]",tetrahedral,"[[2.0754465, 2.91502614, 2.49523632]]",2,0.2857142857142857,2,[3],[0],1
path_image,Mg1,1,,af202117df2c3a60,POSCAR_Mg1_base0001_tetrahedral_path0002_pimg003.vasp,,True,,[0],[0],['Mg'],"[[0.25, 0.25, 0.25]]",single,1,"[1, 1, 1]",,,[],tetrahedral,"[[2.0754465, 2.91502614, 2.49523632]]",2,0.42857142857142855,,[3],[0],1
path_image_seed,Mg1,1,1,af202117df2c3a60,POSCAR_Mg1_base0001_tetrahedral_path0002_pimg003_seed001.vasp,,True,,[0],[0],['Mg'],"[[0.25, 0.25, 0.25]]",single,1,"[1, 1, 1]",4.0,0.05,"[0, 1, 2, 3, 4, 5, 6, 7, 8, 9, 10, 11, 12, 13, 14, 15, 16, 17, 18, 19, 20, 21, 22, 23, 24, 25, 26, 27, 28, 29, 30, 31, 32, 33, 34, 35, 36, 37, 38, 39, 40, 41, 42, 43, 44, 45, 46, 47, 48, 49, 50, 51, 52, 53, 54]",tetrahedral,"[[2.0754465, 2.91502614, 2.49523632]]",2,0.42857142857142855,3,[3],[0],1
path_image_seed,Mg1,1,2,af202117df2c3a60,POSCAR_Mg1_base0001_tetrahedral_path0002_pimg003_seed002.vasp,,True,,[0],[0],['Mg'],"[[0.25, 0.25, 0.25]]",single,1,"[1, 1, 1]",4.0,0.08571428571428572,"[0, 1, 2, 3, 4, 5, 6, 7, 8, 9, 10, 11, 12, 13, 14, 15, 16, 17, 18, 19, 20, 21, 22, 23, 24, 25, 26, 27, 28, 29, 30, 31, 32, 33, 34, 35, 36, 37, 38, 39, 40, 41, 42, 43, 44, 45, 46, 47, 48, 49, 50, 51, 52, 53, 54]",tetrahedral,"[[2.0754465, 2.91502614, 2.49523632]]",2,0.42857142857142855,3,[3],[0],1
path_image_seed,Mg1,1,3,af202117df2c3a60,POSCAR_Mg1_base0001_tetrahedral_path0002_pimg003_seed003.vasp,,True,,[0],[0],['Mg'],"[[0.25, 0.25, 0.25]]",single,1,"[1, 1, 1]",4.0,0.12142857142857143,"[0, 1, 2, 3, 4, 5, 6, 7, 8, 9, 10, 11, 12, 13, 14, 15, 16, 17, 18, 19, 20, 21, 22, 23, 24, 25, 26, 27, 28, 29, 30, 31, 32, 33, 34, 35, 36, 37, 38, 39, 40, 41, 42, 43, 44, 45, 46, 47, 48, 49, 50, 51, 52, 53, 54]",tetrahedral,"[[2.0754465, 2.91502614, 2.49523632]]",2,0.42857142857142855,3,[3],[0],1
path_image_seed,Mg1,1,4,af202117df2c3a60,POSCAR_Mg1_base0001_tetrahedral_path0002_pimg003_seed004.vasp,,True,,[0],[0],['Mg'],"[[0.25, 0.25, 0.25]]",single,1,"[1, 1, 1]",4.0,0.15714285714285714,"[0, 1, 2, 3, 4, 5, 6, 7, 8, 9, 10, 11, 12, 13, 14, 15, 16, 17, 18, 19, 20, 21, 22, 23, 24, 25, 26, 27, 28, 29, 30, 31, 32, 33, 34, 35, 36, 37, 38, 39, 40, 41, 42, 43, 44, 45, 46, 47, 48, 49, 50, 51, 52, 53, 54]",tetrahedral,"[[2.0754465, 2.91502614, 2.49523632]]",2,0.42857142857142855,3,[3],[0],1
path_image_seed,Mg1,1,5,af202117df2c3a60,POSCAR_Mg1_base0001_tetrahedral_path0002_pimg003_seed005.vasp,,True,,[0],[0],['Mg'],"[[0.25, 0.25, 0.25]]",single,1,"[1, 1, 1]",4.0,0.19285714285714284,"[0, 1, 2, 3, 4, 5, 6, 7, 8, 9, 10, 11, 12, 13, 14, 15, 16, 17, 18, 19, 20, 21, 22, 23, 24, 25, 26, 27, 28, 29, 30, 31, 32, 33, 34, 35, 36, 37, 38, 39, 40, 41, 42, 43, 44, 45, 46, 47, 48, 49, 50, 51, 52, 53, 54]",tetrahedral,"[[2.0754465, 2.91502614, 2.49523632]]",2,0.42857142857142855,3,[3],[0],1
path_image_seed,Mg1,1,6,af202117df2c3a60,POSCAR_Mg1_base0001_tetrahedral_path0002_pimg003_seed006.vasp,,True,,[0],[0],['Mg'],"[[0.25, 0.25, 0.25]]",single,1,"[1, 1, 1]",4.0,0.22857142857142854,"[0, 1, 2, 3, 4, 5, 6, 7, 8, 9, 10, 11, 12, 13, 14, 15, 16, 17, 18, 19, 20, 21, 22, 23, 24, 25, 26, 27, 28, 29, 30, 31, 32, 33, 34, 35, 36, 37, 38, 39, 40, 41, 42, 43, 44, 45, 46, 47, 48, 49, 50, 51, 52, 53, 54]",tetrahedral,"[[2.0754465, 2.91502614, 2.49523632]]",2,0.42857142857142855,3,[3],[0],1
path_image_seed,Mg1,1,7,af202117df2c3a60,POSCAR_Mg1_base0001_tetrahedral_path0002_pimg003_seed007.vasp,,True,,[0],[0],['Mg'],"[[0.25, 0.25, 0.25]]",single,1,"[1, 1, 1]",4.0,0.2642857142857143,"[0, 1, 2, 3, 4, 5, 6, 7, 8, 9, 10, 11, 12, 13, 14, 15, 16, 17, 18, 19, 20, 21, 22, 23, 24, 25, 26, 27, 28, 29, 30, 31, 32, 33, 34, 35, 36, 37, 38, 39, 40, 41, 42, 43, 44, 45, 46, 47, 48, 49, 50, 51, 52, 53, 54]",tetrahedral,"[[2.0754465, 2.91502614, 2.49523632]]",2,0.42857142857142855,3,[3],[0],1
path_image_seed,Mg1,1,8,af202117df2c3a60,POSCAR_Mg1_base0001_tetrahedral_path0002_pimg003_seed008.vasp,,True,,[0],[0],['Mg'],"[[0.25, 0.25, 0.25]]",single,1,"[1, 1, 1]",4.0,0.3,"[0, 1, 2, 3, 4, 5, 6, 7, 8, 9, 10, 11, 12, 13, 14, 15, 16, 17, 18, 19, 20, 21, 22, 23, 24, 25, 26, 27, 28, 29, 30, 31, 32, 33, 34, 35, 36, 37, 38, 39, 40, 41, 42, 43, 44, 45, 46, 47, 48, 49, 50, 51, 52, 53, 54]",tetrahedral,"[[2.0754465, 2.91502614, 2.49523632]]",2,0.42857142857142855,3,[3],[0],1
path_image,Mg1,1,,af202117df2c3a60,POSCAR_Mg1_base0001_tetrahedral_path0002_pimg004.vasp,,True,,[0],[0],['Mg'],"[[0.25, 0.25, 0.25]]",single,1,"[1, 1, 1]",,,[],tetrahedral,"[[2.0754465, 2.91502614, 2.49523632]]",2,0.5714285714285714,,[3],[0],1
path_image_seed,Mg1,1,1,af202117df2c3a60,POSCAR_Mg1_base0001_tetrahedral_path0002_pimg004_seed001.vasp,,True,,[0],[0],['Mg'],"[[0.25, 0.25, 0.25]]",single,1,"[1, 1, 1]",4.0,0.05,"[0, 1, 2, 3, 4, 5, 6, 7, 8, 9, 10, 11, 12, 13, 14, 15, 16, 17, 18, 19, 20, 21, 22, 23, 24, 25, 26, 27, 28, 29, 30, 31, 32, 33, 34, 35, 36, 37, 38, 39, 40, 41, 42, 43, 44, 45, 46, 47, 48, 49, 50, 51, 52, 53, 54]",tetrahedral,"[[2.0754465, 2.91502614, 2.49523632]]",2,0.5714285714285714,4,[3],[0],1
path_image_seed,Mg1,1,2,af202117df2c3a60,POSCAR_Mg1_base0001_tetrahedral_path0002_pimg004_seed002.vasp,,True,,[0],[0],['Mg'],"[[0.25, 0.25, 0.25]]",single,1,"[1, 1, 1]",4.0,0.08571428571428572,"[0, 1, 2, 3, 4, 5, 6, 7, 8, 9, 10, 11, 12, 13, 14, 15, 16, 17, 18, 19, 20, 21, 22, 23, 24, 25, 26, 27, 28, 29, 30, 31, 32, 33, 34, 35, 36, 37, 38, 39, 40, 41, 42, 43, 44, 45, 46, 47, 48, 49, 50, 51, 52, 53, 54]",tetrahedral,"[[2.0754465, 2.91502614, 2.49523632]]",2,0.5714285714285714,4,[3],[0],1
path_image_seed,Mg1,1,3,af202117df2c3a60,POSCAR_Mg1_base0001_tetrahedral_path0002_pimg004_seed003.vasp,,True,,[0],[0],['Mg'],"[[0.25, 0.25, 0.25]]",single,1,"[1, 1, 1]",4.0,0.12142857142857143,"[0, 1, 2, 3, 4, 5, 6, 7, 8, 9, 10, 11, 12, 13, 14, 15, 16, 17, 18, 19, 20, 21, 22, 23, 24, 25, 26, 27, 28, 29, 30, 31, 32, 33, 34, 35, 36, 37, 38, 39, 40, 41, 42, 43, 44, 45, 46, 47, 48, 49, 50, 51, 52, 53, 54]",tetrahedral,"[[2.0754465, 2.91502614, 2.49523632]]",2,0.5714285714285714,4,[3],[0],1
path_image_seed,Mg1,1,4,af202117df2c3a60,POSCAR_Mg1_base0001_tetrahedral_path0002_pimg004_seed004.vasp,,True,,[0],[0],['Mg'],"[[0.25, 0.25, 0.25]]",single,1,"[1, 1, 1]",4.0,0.15714285714285714,"[0, 1, 2, 3, 4, 5, 6, 7, 8, 9, 10, 11, 12, 13, 14, 15, 16, 17, 18, 19, 20, 21, 22, 23, 24, 25, 26, 27, 28, 29, 30, 31, 32, 33, 34, 35, 36, 37, 38, 39, 40, 41, 42, 43, 44, 45, 46, 47, 48, 49, 50, 51, 52, 53, 54]",tetrahedral,"[[2.0754465, 2.91502614, 2.49523632]]",2,0.5714285714285714,4,[3],[0],1
path_image_seed,Mg1,1,5,af202117df2c3a60,POSCAR_Mg1_base0001_tetrahedral_path0002_pimg004_seed005.vasp,,True,,[0],[0],['Mg'],"[[0.25, 0.25, 0.25]]",single,1,"[1, 1, 1]",4.0,0.19285714285714284,"[0, 1, 2, 3, 4, 5, 6, 7, 8, 9, 10, 11, 12, 13, 14, 15, 16, 17, 18, 19, 20, 21, 22, 23, 24, 25, 26, 27, 28, 29, 30, 31, 32, 33, 34, 35, 36, 37, 38, 39, 40, 41, 42, 43, 44, 45, 46, 47, 48, 49, 50, 51, 52, 53, 54]",tetrahedral,"[[2.0754465, 2.91502614, 2.49523632]]",2,0.5714285714285714,4,[3],[0],1
path_image_seed,Mg1,1,6,af202117df2c3a60,POSCAR_Mg1_base0001_tetrahedral_path0002_pimg004_seed006.vasp,,True,,[0],[0],['Mg'],"[[0.25, 0.25, 0.25]]",single,1,"[1, 1, 1]",4.0,0.22857142857142854,"[0, 1, 2, 3, 4, 5, 6, 7, 8, 9, 10, 11, 12, 13, 14, 15, 16, 17, 18, 19, 20, 21, 22, 23, 24, 25, 26, 27, 28, 29, 30, 31, 32, 33, 34, 35, 36, 37, 38, 39, 40, 41, 42, 43, 44, 45, 46, 47, 48, 49, 50, 51, 52, 53, 54]",tetrahedral,"[[2.0754465, 2.91502614, 2.49523632]]",2,0.5714285714285714,4,[3],[0],1
path_image_seed,Mg1,1,7,af202117df2c3a60,POSCAR_Mg1_base0001_tetrahedral_path0002_pimg004_seed007.vasp,,True,,[0],[0],['Mg'],"[[0.25, 0.25, 0.25]]",single,1,"[1, 1, 1]",4.0,0.2642857142857143,"[0, 1, 2, 3, 4, 5, 6, 7, 8, 9, 10, 11, 12, 13, 14, 15, 16, 17, 18, 19, 20, 21, 22, 23, 24, 25, 26, 27, 28, 29, 30, 31, 32, 33, 34, 35, 36, 37, 38, 39, 40, 41, 42, 43, 44, 45, 46, 47, 48, 49, 50, 51, 52, 53, 54]",tetrahedral,"[[2.0754465, 2.91502614, 2.49523632]]",2,0.5714285714285714,4,[3],[0],1
path_image_seed,Mg1,1,8,af202117df2c3a60,POSCAR_Mg1_base0001_tetrahedral_path0002_pimg004_seed008.vasp,,True,,[0],[0],['Mg'],"[[0.25, 0.25, 0.25]]",single,1,"[1, 1, 1]",4.0,0.3,"[0, 1, 2, 3, 4, 5, 6, 7, 8, 9, 10, 11, 12, 13, 14, 15, 16, 17, 18, 19, 20, 21, 22, 23, 24, 25, 26, 27, 28, 29, 30, 31, 32, 33, 34, 35, 36, 37, 38, 39, 40, 41, 42, 43, 44, 45, 46, 47, 48, 49, 50, 51, 52, 53, 54]",tetrahedral,"[[2.0754465, 2.91502614, 2.49523632]]",2,0.5714285714285714,4,[3],[0],1
path_image,Mg1,1,,af202117df2c3a60,POSCAR_Mg1_base0001_tetrahedral_path0002_pimg005.vasp,,True,,[0],[0],['Mg'],"[[0.25, 0.25, 0.25]]",single,1,"[1, 1, 1]",,,[],tetrahedral,"[[2.0754465, 2.91502614, 2.49523632]]",2,0.7142857142857142,,[3],[0],1
path_image_seed,Mg1,1,1,af202117df2c3a60,POSCAR_Mg1_base0001_tetrahedral_path0002_pimg005_seed001.vasp,,True,,[0],[0],['Mg'],"[[0.25, 0.25, 0.25]]",single,1,"[1, 1, 1]",4.0,0.05,"[0, 1, 2, 3, 4, 5, 6, 7, 8, 9, 10, 11, 12, 13, 14, 15, 16, 17, 18, 19, 20, 21, 22, 23, 24, 25, 26, 27, 28, 29, 30, 31, 32, 33, 34, 35, 36, 37, 38, 39, 40, 41, 42, 43, 44, 45, 46, 47, 48, 49, 50, 51, 52, 53, 54]",tetrahedral,"[[2.0754465, 2.91502614, 2.49523632]]",2,0.7142857142857142,5,[3],[0],1
path_image_seed,Mg1,1,2,af202117df2c3a60,POSCAR_Mg1_base0001_tetrahedral_path0002_pimg005_seed002.vasp,,True,,[0],[0],['Mg'],"[[0.25, 0.25, 0.25]]",single,1,"[1, 1, 1]",4.0,0.08571428571428572,"[0, 1, 2, 3, 4, 5, 6, 7, 8, 9, 10, 11, 12, 13, 14, 15, 16, 17, 18, 19, 20, 21, 22, 23, 24, 25, 26, 27, 28, 29, 30, 31, 32, 33, 34, 35, 36, 37, 38, 39, 40, 41, 42, 43, 44, 45, 46, 47, 48, 49, 50, 51, 52, 53, 54]",tetrahedral,"[[2.0754465, 2.91502614, 2.49523632]]",2,0.7142857142857142,5,[3],[0],1
path_image_seed,Mg1,1,3,af202117df2c3a60,POSCAR_Mg1_base0001_tetrahedral_path0002_pimg005_seed003.vasp,,True,,[0],[0],['Mg'],"[[0.25, 0.25, 0.25]]",single,1,"[1, 1, 1]",4.0,0.12142857142857143,"[0, 1, 2, 3, 4, 5, 6, 7, 8, 9, 10, 11, 12, 13, 14, 15, 16, 17, 18, 19, 20, 21, 22, 23, 24, 25, 26, 27, 28, 29, 30, 31, 32, 33, 34, 35, 36, 37, 38, 39, 40, 41, 42, 43, 44, 45, 46, 47, 48, 49, 50, 51, 52, 53, 54]",tetrahedral,"[[2.0754465, 2.91502614, 2.49523632]]",2,0.7142857142857142,5,[3],[0],1
path_image_seed,Mg1,1,4,af202117df2c3a60,POSCAR_Mg1_base0001_tetrahedral_path0002_pimg005_seed004.vasp,,True,,[0],[0],['Mg'],"[[0.25, 0.25, 0.25]]",single,1,"[1, 1, 1]",4.0,0.15714285714285714,"[0, 1, 2, 3, 4, 5, 6, 7, 8, 9, 10, 11, 12, 13, 14, 15, 16, 17, 18, 19, 20, 21, 22, 23, 24, 25, 26, 27, 28, 29, 30, 31, 32, 33, 34, 35, 36, 37, 38, 39, 40, 41, 42, 43, 44, 45, 46, 47, 48, 49, 50, 51, 52, 53, 54]",tetrahedral,"[[2.0754465, 2.91502614, 2.49523632]]",2,0.7142857142857142,5,[3],[0],1
path_image_seed,Mg1,1,5,af202117df2c3a60,POSCAR_Mg1_base0001_tetrahedral_path0002_pimg005_seed005.vasp,,True,,[0],[0],['Mg'],"[[0.25, 0.25, 0.25]]",single,1,"[1, 1, 1]",4.0,0.19285714285714284,"[0, 1, 2, 3, 4, 5, 6, 7, 8, 9, 10, 11, 12, 13, 14, 15, 16, 17, 18, 19, 20, 21, 22, 23, 24, 25, 26, 27, 28, 29, 30, 31, 32, 33, 34, 35, 36, 37, 38, 39, 40, 41, 42, 43, 44, 45, 46, 47, 48, 49, 50, 51, 52, 53, 54]",tetrahedral,"[[2.0754465, 2.91502614, 2.49523632]]",2,0.7142857142857142,5,[3],[0],1
path_image_seed,Mg1,1,6,af202117df2c3a60,POSCAR_Mg1_base0001_tetrahedral_path0002_pimg005_seed006.vasp,,True,,[0],[0],['Mg'],"[[0.25, 0.25, 0.25]]",single,1,"[1, 1, 1]",4.0,0.22857142857142854,"[0, 1, 2, 3, 4, 5, 6, 7, 8, 9, 10, 11, 12, 13, 14, 15, 16, 17, 18, 19, 20, 21, 22, 23, 24, 25, 26, 27, 28, 29, 30, 31, 32, 33, 34, 35, 36, 37, 38, 39, 40, 41, 42, 43, 44, 45, 46, 47, 48, 49, 50, 51, 52, 53, 54]",tetrahedral,"[[2.0754465, 2.91502614, 2.49523632]]",2,0.7142857142857142,5,[3],[0],1
path_image_seed,Mg1,1,7,af202117df2c3a60,POSCAR_Mg1_base0001_tetrahedral_path0002_pimg005_seed007.vasp,,True,,[0],[0],['Mg'],"[[0.25, 0.25, 0.25]]",single,1,"[1, 1, 1]",4.0,0.2642857142857143,"[0, 1, 2, 3, 4, 5, 6, 7, 8, 9, 10, 11, 12, 13, 14, 15, 16, 17, 18, 19, 20, 21, 22, 23, 24, 25, 26, 27, 28, 29, 30, 31, 32, 33, 34, 35, 36, 37, 38, 39, 40, 41, 42, 43, 44, 45, 46, 47, 48, 49, 50, 51, 52, 53, 54]",tetrahedral,"[[2.0754465, 2.91502614, 2.49523632]]",2,0.7142857142857142,5,[3],[0],1
path_image_seed,Mg1,1,8,af202117df2c3a60,POSCAR_Mg1_base0001_tetrahedral_path0002_pimg005_seed008.vasp,,True,,[0],[0],['Mg'],"[[0.25, 0.25, 0.25]]",single,1,"[1, 1, 1]",4.0,0.3,"[0, 1, 2, 3, 4, 5, 6, 7, 8, 9, 10, 11, 12, 13, 14, 15, 16, 17, 18, 19, 20, 21, 22, 23, 24, 25, 26, 27, 28, 29, 30, 31, 32, 33, 34, 35, 36, 37, 38, 39, 40, 41, 42, 43, 44, 45, 46, 47, 48, 49, 50, 51, 52, 53, 54]",tetrahedral,"[[2.0754465, 2.91502614, 2.49523632]]",2,0.7142857142857142,5,[3],[0],1
path_image,Mg1,1,,af202117df2c3a60,POSCAR_Mg1_base0001_tetrahedral_path0002_pimg006.vasp,,True,,[0],[0],['Mg'],"[[0.25, 0.25, 0.25]]",single,1,"[1, 1, 1]",,,[],tetrahedral,"[[2.0754465, 2.91502614, 2.49523632]]",2,0.8571428571428571,,[3],[0],1
path_image_seed,Mg1,1,1,af202117df2c3a60,POSCAR_Mg1_base0001_tetrahedral_path0002_pimg006_seed001.vasp,,True,,[0],[0],['Mg'],"[[0.25, 0.25, 0.25]]",single,1,"[1, 1, 1]",4.0,0.05,"[0, 1, 2, 3, 4, 5, 6, 7, 8, 9, 10, 11, 12, 13, 14, 15, 16, 17, 18, 19, 20, 21, 22, 23, 24, 25, 26, 27, 28, 29, 30, 31, 32, 33, 34, 35, 36, 37, 38, 39, 40, 41, 42, 43, 44, 45, 46, 47, 48, 49, 50, 51, 52, 53, 54]",tetrahedral,"[[2.0754465, 2.91502614, 2.49523632]]",2,0.8571428571428571,6,[3],[0],1
path_image_seed,Mg1,1,2,af202117df2c3a60,POSCAR_Mg1_base0001_tetrahedral_path0002_pimg006_seed002.vasp,,True,,[0],[0],['Mg'],"[[0.25, 0.25, 0.25]]",single,1,"[1, 1, 1]",4.0,0.08571428571428572,"[0, 1, 2, 3, 4, 5, 6, 7, 8, 9, 10, 11, 12, 13, 14, 15, 16, 17, 18, 19, 20, 21, 22, 23, 24, 25, 26, 27, 28, 29, 30, 31, 32, 33, 34, 35, 36, 37, 38, 39, 40, 41, 42, 43, 44, 45, 46, 47, 48, 49, 50, 51, 52, 53, 54]",tetrahedral,"[[2.0754465, 2.91502614, 2.49523632]]",2,0.8571428571428571,6,[3],[0],1
path_image_seed,Mg1,1,3,af202117df2c3a60,POSCAR_Mg1_base0001_tetrahedral_path0002_pimg006_seed003.vasp,,True,,[0],[0],['Mg'],"[[0.25, 0.25, 0.25]]",single,1,"[1, 1, 1]",4.0,0.12142857142857143,"[0, 1, 2, 3, 4, 5, 6, 7, 8, 9, 10, 11, 12, 13, 14, 15, 16, 17, 18, 19, 20, 21, 22, 23, 24, 25, 26, 27, 28, 29, 30, 31, 32, 33, 34, 35, 36, 37, 38, 39, 40, 41, 42, 43, 44, 45, 46, 47, 48, 49, 50, 51, 52, 53, 54]",tetrahedral,"[[2.0754465, 2.91502614, 2.49523632]]",2,0.8571428571428571,6,[3],[0],1
path_image_seed,Mg1,1,4,af202117df2c3a60,POSCAR_Mg1_base0001_tetrahedral_path0002_pimg006_seed004.vasp,,True,,[0],[0],['Mg'],"[[0.25, 0.25, 0.25]]",single,1,"[1, 1, 1]",4.0,0.15714285714285714,"[0, 1, 2, 3, 4, 5, 6, 7, 8, 9, 10, 11, 12, 13, 14, 15, 16, 17, 18, 19, 20, 21, 22, 23, 24, 25, 26, 27, 28, 29, 30, 31, 32, 33, 34, 35, 36, 37, 38, 39, 40, 41, 42, 43, 44, 45, 46, 47, 48, 49, 50, 51, 52, 53, 54]",tetrahedral,"[[2.0754465, 2.91502614, 2.49523632]]",2,0.8571428571428571,6,[3],[0],1
path_image_seed,Mg1,1,5,af202117df2c3a60,POSCAR_Mg1_base0001_tetrahedral_path0002_pimg006_seed005.vasp,,True,,[0],[0],['Mg'],"[[0.25, 0.25, 0.25]]",single,1,"[1, 1, 1]",4.0,0.19285714285714284,"[0, 1, 2, 3, 4, 5, 6, 7, 8, 9, 10, 11, 12, 13, 14, 15, 16, 17, 18, 19, 20, 21, 22, 23, 24, 25, 26, 27, 28, 29, 30, 31, 32, 33, 34, 35, 36, 37, 38, 39, 40, 41, 42, 43, 44, 45, 46, 47, 48, 49, 50, 51, 52, 53, 54]",tetrahedral,"[[2.0754465, 2.91502614, 2.49523632]]",2,0.8571428571428571,6,[3],[0],1
path_image_seed,Mg1,1,6,af202117df2c3a60,POSCAR_Mg1_base0001_tetrahedral_path0002_pimg006_seed006.vasp,,True,,[0],[0],['Mg'],"[[0.25, 0.25, 0.25]]",single,1,"[1, 1, 1]",4.0,0.22857142857142854,"[0, 1, 2, 3, 4, 5, 6, 7, 8, 9, 10, 11, 12, 13, 14, 15, 16, 17, 18, 19, 20, 21, 22, 23, 24, 25, 26, 27, 28, 29, 30, 31, 32, 33, 34, 35, 36, 37, 38, 39, 40, 41, 42, 43, 44, 45, 46, 47, 48, 49, 50, 51, 52, 53, 54]",tetrahedral,"[[2.0754465, 2.91502614, 2.49523632]]",2,0.8571428571428571,6,[3],[0],1
path_image_seed,Mg1,1,7,af202117df2c3a60,POSCAR_Mg1_base0001_tetrahedral_path0002_pimg006_seed007.vasp,,True,,[0],[0],['Mg'],"[[0.25, 0.25, 0.25]]",single,1,"[1, 1, 1]",4.0,0.2642857142857143,"[0, 1, 2, 3, 4, 5, 6, 7, 8, 9, 10, 11, 12, 13, 14, 15, 16, 17, 18, 19, 20, 21, 22, 23, 24, 25, 26, 27, 28, 29, 30, 31, 32, 33, 34, 35, 36, 37, 38, 39, 40, 41, 42, 43, 44, 45, 46, 47, 48, 49, 50, 51, 52, 53, 54]",tetrahedral,"[[2.0754465, 2.91502614, 2.49523632]]",2,0.8571428571428571,6,[3],[0],1
path_image_seed,Mg1,1,8,af202117df2c3a60,POSCAR_Mg1_base0001_tetrahedral_path0002_pimg006_seed008.vasp,,True,,[0],[0],['Mg'],"[[0.25, 0.25, 0.25]]",single,1,"[1, 1, 1]",4.0,0.3,"[0, 1, 2, 3, 4, 5, 6, 7, 8, 9, 10, 11, 12, 13, 14, 15, 16, 17, 18, 19, 20, 21, 22, 23, 24, 25, 26, 27, 28, 29, 30, 31, 32, 33, 34, 35, 36, 37, 38, 39, 40, 41, 42, 43, 44, 45, 46, 47, 48, 49, 50, 51, 52, 53, 54]",tetrahedral,"[[2.0754465, 2.91502614, 2.49523632]]",2,0.8571428571428571,6,[3],[0],1
path_end,Mg1,1,,af202117df2c3a60,POSCAR_Mg1_base0001_tetrahedral_path0002_pimg007.vasp,,True,,[0],[0],['Mg'],"[[0.25, 0.25, 0.25]]",single,1,"[1, 1, 1]",,,[],tetrahedral,"[[2.0754465, 2.91502614, 2.49523632]]",2,1.0,,[3],[0],1
path_end_seed,Mg1,1,1,af202117df2c3a60,POSCAR_Mg1_base0001_tetrahedral_path0002_pimg007_seed001.vasp,,True,,[0],[0],['Mg'],"[[0.25, 0.25, 0.25]]",single,1,"[1, 1, 1]",4.0,0.05,"[0, 1, 2, 3, 4, 5, 6, 7, 8, 9, 10, 11, 12, 13, 14, 15, 16, 17, 18, 19, 20, 21, 22, 23, 24, 25, 26, 27, 28, 29, 30, 31, 32, 33, 34, 35, 36, 37, 38, 39, 40, 41, 42, 43, 44, 45, 46, 47, 48, 49, 50, 51, 52, 53, 54]",tetrahedral,"[[2.0754465, 2.91502614, 2.49523632]]",2,1.0,7,[3],[0],1
path_end_seed,Mg1,1,2,af202117df2c3a60,POSCAR_Mg1_base0001_tetrahedral_path0002_pimg007_seed002.vasp,,True,,[0],[0],['Mg'],"[[0.25, 0.25, 0.25]]",single,1,"[1, 1, 1]",4.0,0.08571428571428572,"[0, 1, 2, 3, 4, 5, 6, 7, 8, 9, 10, 11, 12, 13, 14, 15, 16, 17, 18, 19, 20, 21, 22, 23, 24, 25, 26, 27, 28, 29, 30, 31, 32, 33, 34, 35, 36, 37, 38, 39, 40, 41, 42, 43, 44, 45, 46, 47, 48, 49, 50, 51, 52, 53, 54]",tetrahedral,"[[2.0754465, 2.91502614, 2.49523632]]",2,1.0,7,[3],[0],1
path_end_seed,Mg1,1,3,af202117df2c3a60,POSCAR_Mg1_base0001_tetrahedral_path0002_pimg007_seed003.vasp,,True,,[0],[0],['Mg'],"[[0.25, 0.25, 0.25]]",single,1,"[1, 1, 1]",4.0,0.12142857142857143,"[0, 1, 2, 3, 4, 5, 6, 7, 8, 9, 10, 11, 12, 13, 14, 15, 16, 17, 18, 19, 20, 21, 22, 23, 24, 25, 26, 27, 28, 29, 30, 31, 32, 33, 34, 35, 36, 37, 38, 39, 40, 41, 42, 43, 44, 45, 46, 47, 48, 49, 50, 51, 52, 53, 54]",tetrahedral,"[[2.0754465, 2.91502614, 2.49523632]]",2,1.0,7,[3],[0],1
path_end_seed,Mg1,1,4,af202117df2c3a60,POSCAR_Mg1_base0001_tetrahedral_path0002_pimg007_seed004.vasp,,True,,[0],[0],['Mg'],"[[0.25, 0.25, 0.25]]",single,1,"[1, 1, 1]",4.0,0.15714285714285714,"[0, 1, 2, 3, 4, 5, 6, 7, 8, 9, 10, 11, 12, 13, 14, 15, 16, 17, 18, 19, 20, 21, 22, 23, 24, 25, 26, 27, 28, 29, 30, 31, 32, 33, 34, 35, 36, 37, 38, 39, 40, 41, 42, 43, 44, 45, 46, 47, 48, 49, 50, 51, 52, 53, 54]",tetrahedral,"[[2.0754465, 2.91502614, 2.49523632]]",2,1.0,7,[3],[0],1
path_end_seed,Mg1,1,5,af202117df2c3a60,POSCAR_Mg1_base0001_tetrahedral_path0002_pimg007_seed005.vasp,,True,,[0],[0],['Mg'],"[[0.25, 0.25, 0.25]]",single,1,"[1, 1, 1]",4.0,0.19285714285714284,"[0, 1, 2, 3, 4, 5, 6, 7, 8, 9, 10, 11, 12, 13, 14, 15, 16, 17, 18, 19, 20, 21, 22, 23, 24, 25, 26, 27, 28, 29, 30, 31, 32, 33, 34, 35, 36, 37, 38, 39, 40, 41, 42, 43, 44, 45, 46, 47, 48, 49, 50, 51, 52, 53, 54]",tetrahedral,"[[2.0754465, 2.91502614, 2.49523632]]",2,1.0,7,[3],[0],1
path_end_seed,Mg1,1,6,af202117df2c3a60,POSCAR_Mg1_base0001_tetrahedral_path0002_pimg007_seed006.vasp,,True,,[0],[0],['Mg'],"[[0.25, 0.25, 0.25]]",single,1,"[1, 1, 1]",4.0,0.22857142857142854,"[0, 1, 2, 3, 4, 5, 6, 7, 8, 9, 10, 11, 12, 13, 14, 15, 16, 17, 18, 19, 20, 21, 22, 23, 24, 25, 26, 27, 28, 29, 30, 31, 32, 33, 34, 35, 36, 37, 38, 39, 40, 41, 42, 43, 44, 45, 46, 47, 48, 49, 50, 51, 52, 53, 54]",tetrahedral,"[[2.0754465, 2.91502614, 2.49523632]]",2,1.0,7,[3],[0],1
path_end_seed,Mg1,1,7,af202117df2c3a60,POSCAR_Mg1_base0001_tetrahedral_path0002_pimg007_seed007.vasp,,True,,[0],[0],['Mg'],"[[0.25, 0.25, 0.25]]",single,1,"[1, 1, 1]",4.0,0.2642857142857143,"[0, 1, 2, 3, 4, 5, 6, 7, 8, 9, 10, 11, 12, 13, 14, 15, 16, 17, 18, 19, 20, 21, 22, 23, 24, 25, 26, 27, 28, 29, 30, 31, 32, 33, 34, 35, 36, 37, 38, 39, 40, 41, 42, 43, 44, 45, 46, 47, 48, 49, 50, 51, 52, 53, 54]",tetrahedral,"[[2.0754465, 2.91502614, 2.49523632]]",2,1.0,7,[3],[0],1
path_end_seed,Mg1,1,8,af202117df2c3a60,POSCAR_Mg1_base0001_tetrahedral_path0002_pimg007_seed008.vasp,,True,,[0],[0],['Mg'],"[[0.25, 0.25, 0.25]]",single,1,"[1, 1, 1]",4.0,0.3,"[0, 1, 2, 3, 4, 5, 6, 7, 8, 9, 10, 11, 12, 13, 14, 15, 16, 17, 18, 19, 20, 21, 22, 23, 24, 25, 26, 27, 28, 29, 30, 31, 32, 33, 34, 35, 36, 37, 38, 39, 40, 41, 42, 43, 44, 45, 46, 47, 48, 49, 50, 51, 52, 53, 54]",tetrahedral,"[[2.0754465, 2.91502614, 2.49523632]]",2,1.0,7,[3],[0],1
path_start,Mg1,1,,af202117df2c3a60,POSCAR_Mg1_base0001_tetrahedral_path0003_pimg000.vasp,,True,,[0],[0],['Mg'],"[[0.25, 0.25, 0.25]]",single,1,"[1, 1, 1]",,,[],tetrahedral,"[[2.0754465, 2.91502614, 2.49523632]]",3,0.0,,[5],[0],1
path_start_seed,Mg1,1,1,af202117df2c3a60,POSCAR_Mg1_base0001_tetrahedral_path0003_pimg000_seed001.vasp,,True,,[0],[0],['Mg'],"[[0.25, 0.25, 0.25]]",single,1,"[1, 1, 1]",4.0,0.05,"[0, 1, 2, 3, 4, 5, 6, 7, 8, 9, 10, 11, 12, 13, 14, 15, 16, 17, 18, 19, 20, 21, 22, 23, 24, 25, 26, 27, 28, 29, 30, 31, 32, 33, 34, 35, 36, 37, 38, 39, 40, 41, 42, 43, 44, 45, 46, 47, 48, 49, 50, 51, 52, 53, 54]",tetrahedral,"[[2.0754465, 2.91502614, 2.49523632]]",3,0.0,0,[5],[0],1
path_start_seed,Mg1,1,2,af202117df2c3a60,POSCAR_Mg1_base0001_tetrahedral_path0003_pimg000_seed002.vasp,,True,,[0],[0],['Mg'],"[[0.25, 0.25, 0.25]]",single,1,"[1, 1, 1]",4.0,0.08571428571428572,"[0, 1, 2, 3, 4, 5, 6, 7, 8, 9, 10, 11, 12, 13, 14, 15, 16, 17, 18, 19, 20, 21, 22, 23, 24, 25, 26, 27, 28, 29, 30, 31, 32, 33, 34, 35, 36, 37, 38, 39, 40, 41, 42, 43, 44, 45, 46, 47, 48, 49, 50, 51, 52, 53, 54]",tetrahedral,"[[2.0754465, 2.91502614, 2.49523632]]",3,0.0,0,[5],[0],1
path_start_seed,Mg1,1,3,af202117df2c3a60,POSCAR_Mg1_base0001_tetrahedral_path0003_pimg000_seed003.vasp,,True,,[0],[0],['Mg'],"[[0.25, 0.25, 0.25]]",single,1,"[1, 1, 1]",4.0,0.12142857142857143,"[0, 1, 2, 3, 4, 5, 6, 7, 8, 9, 10, 11, 12, 13, 14, 15, 16, 17, 18, 19, 20, 21, 22, 23, 24, 25, 26, 27, 28, 29, 30, 31, 32, 33, 34, 35, 36, 37, 38, 39, 40, 41, 42, 43, 44, 45, 46, 47, 48, 49, 50, 51, 52, 53, 54]",tetrahedral,"[[2.0754465, 2.91502614, 2.49523632]]",3,0.0,0,[5],[0],1
path_start_seed,Mg1,1,4,af202117df2c3a60,POSCAR_Mg1_base0001_tetrahedral_path0003_pimg000_seed004.vasp,,True,,[0],[0],['Mg'],"[[0.25, 0.25, 0.25]]",single,1,"[1, 1, 1]",4.0,0.15714285714285714,"[0, 1, 2, 3, 4, 5, 6, 7, 8, 9, 10, 11, 12, 13, 14, 15, 16, 17, 18, 19, 20, 21, 22, 23, 24, 25, 26, 27, 28, 29, 30, 31, 32, 33, 34, 35, 36, 37, 38, 39, 40, 41, 42, 43, 44, 45, 46, 47, 48, 49, 50, 51, 52, 53, 54]",tetrahedral,"[[2.0754465, 2.91502614, 2.49523632]]",3,0.0,0,[5],[0],1
path_start_seed,Mg1,1,5,af202117df2c3a60,POSCAR_Mg1_base0001_tetrahedral_path0003_pimg000_seed005.vasp,,True,,[0],[0],['Mg'],"[[0.25, 0.25, 0.25]]",single,1,"[1, 1, 1]",4.0,0.19285714285714284,"[0, 1, 2, 3, 4, 5, 6, 7, 8, 9, 10, 11, 12, 13, 14, 15, 16, 17, 18, 19, 20, 21, 22, 23, 24, 25, 26, 27, 28, 29, 30, 31, 32, 33, 34, 35, 36, 37, 38, 39, 40, 41, 42, 43, 44, 45, 46, 47, 48, 49, 50, 51, 52, 53, 54]",tetrahedral,"[[2.0754465, 2.91502614, 2.49523632]]",3,0.0,0,[5],[0],1
path_start_seed,Mg1,1,6,af202117df2c3a60,POSCAR_Mg1_base0001_tetrahedral_path0003_pimg000_seed006.vasp,,True,,[0],[0],['Mg'],"[[0.25, 0.25, 0.25]]",single,1,"[1, 1, 1]",4.0,0.22857142857142854,"[0, 1, 2, 3, 4, 5, 6, 7, 8, 9, 10, 11, 12, 13, 14, 15, 16, 17, 18, 19, 20, 21, 22, 23, 24, 25, 26, 27, 28, 29, 30, 31, 32, 33, 34, 35, 36, 37, 38, 39, 40, 41, 42, 43, 44, 45, 46, 47, 48, 49, 50, 51, 52, 53, 54]",tetrahedral,"[[2.0754465, 2.91502614, 2.49523632]]",3,0.0,0,[5],[0],1
path_start_seed,Mg1,1,7,af202117df2c3a60,POSCAR_Mg1_base0001_tetrahedral_path0003_pimg000_seed007.vasp,,True,,[0],[0],['Mg'],"[[0.25, 0.25, 0.25]]",single,1,"[1, 1, 1]",4.0,0.2642857142857143,"[0, 1, 2, 3, 4, 5, 6, 7, 8, 9, 10, 11, 12, 13, 14, 15, 16, 17, 18, 19, 20, 21, 22, 23, 24, 25, 26, 27, 28, 29, 30, 31, 32, 33, 34, 35, 36, 37, 38, 39, 40, 41, 42, 43, 44, 45, 46, 47, 48, 49, 50, 51, 52, 53, 54]",tetrahedral,"[[2.0754465, 2.91502614, 2.49523632]]",3,0.0,0,[5],[0],1
path_start_seed,Mg1,1,8,af202117df2c3a60,POSCAR_Mg1_base0001_tetrahedral_path0003_pimg000_seed008.vasp,,True,,[0],[0],['Mg'],"[[0.25, 0.25, 0.25]]",single,1,"[1, 1, 1]",4.0,0.3,"[0, 1, 2, 3, 4, 5, 6, 7, 8, 9, 10, 11, 12, 13, 14, 15, 16, 17, 18, 19, 20, 21, 22, 23, 24, 25, 26, 27, 28, 29, 30, 31, 32, 33, 34, 35, 36, 37, 38, 39, 40, 41, 42, 43, 44, 45, 46, 47, 48, 49, 50, 51, 52, 53, 54]",tetrahedral,"[[2.0754465, 2.91502614, 2.49523632]]",3,0.0,0,[5],[0],1
path_image,Mg1,1,,af202117df2c3a60,POSCAR_Mg1_base0001_tetrahedral_path0003_pimg001.vasp,,True,,[0],[0],['Mg'],"[[0.25, 0.25, 0.25]]",single,1,"[1, 1, 1]",,,[],tetrahedral,"[[2.0754465, 2.91502614, 2.49523632]]",3,0.14285714285714285,,[5],[0],1
path_image_seed,Mg1,1,1,af202117df2c3a60,POSCAR_Mg1_base0001_tetrahedral_path0003_pimg001_seed001.vasp,,True,,[0],[0],['Mg'],"[[0.25, 0.25, 0.25]]",single,1,"[1, 1, 1]",4.0,0.05,"[0, 1, 2, 3, 4, 5, 6, 7, 8, 9, 10, 11, 12, 13, 14, 15, 16, 17, 18, 19, 20, 21, 22, 23, 24, 25, 26, 27, 28, 29, 30, 31, 32, 33, 34, 35, 36, 37, 38, 39, 40, 41, 42, 43, 44, 45, 46, 47, 48, 49, 50, 51, 52, 53, 54]",tetrahedral,"[[2.0754465, 2.91502614, 2.49523632]]",3,0.14285714285714285,1,[5],[0],1
path_image_seed,Mg1,1,2,af202117df2c3a60,POSCAR_Mg1_base0001_tetrahedral_path0003_pimg001_seed002.vasp,,True,,[0],[0],['Mg'],"[[0.25, 0.25, 0.25]]",single,1,"[1, 1, 1]",4.0,0.08571428571428572,"[0, 1, 2, 3, 4, 5, 6, 7, 8, 9, 10, 11, 12, 13, 14, 15, 16, 17, 18, 19, 20, 21, 22, 23, 24, 25, 26, 27, 28, 29, 30, 31, 32, 33, 34, 35, 36, 37, 38, 39, 40, 41, 42, 43, 44, 45, 46, 47, 48, 49, 50, 51, 52, 53, 54]",tetrahedral,"[[2.0754465, 2.91502614, 2.49523632]]",3,0.14285714285714285,1,[5],[0],1
path_image_seed,Mg1,1,3,af202117df2c3a60,POSCAR_Mg1_base0001_tetrahedral_path0003_pimg001_seed003.vasp,,True,,[0],[0],['Mg'],"[[0.25, 0.25, 0.25]]",single,1,"[1, 1, 1]",4.0,0.12142857142857143,"[0, 1, 2, 3, 4, 5, 6, 7, 8, 9, 10, 11, 12, 13, 14, 15, 16, 17, 18, 19, 20, 21, 22, 23, 24, 25, 26, 27, 28, 29, 30, 31, 32, 33, 34, 35, 36, 37, 38, 39, 40, 41, 42, 43, 44, 45, 46, 47, 48, 49, 50, 51, 52, 53, 54]",tetrahedral,"[[2.0754465, 2.91502614, 2.49523632]]",3,0.14285714285714285,1,[5],[0],1
path_image_seed,Mg1,1,4,af202117df2c3a60,POSCAR_Mg1_base0001_tetrahedral_path0003_pimg001_seed004.vasp,,True,,[0],[0],['Mg'],"[[0.25, 0.25, 0.25]]",single,1,"[1, 1, 1]",4.0,0.15714285714285714,"[0, 1, 2, 3, 4, 5, 6, 7, 8, 9, 10, 11, 12, 13, 14, 15, 16, 17, 18, 19, 20, 21, 22, 23, 24, 25, 26, 27, 28, 29, 30, 31, 32, 33, 34, 35, 36, 37, 38, 39, 40, 41, 42, 43, 44, 45, 46, 47, 48, 49, 50, 51, 52, 53, 54]",tetrahedral,"[[2.0754465, 2.91502614, 2.49523632]]",3,0.14285714285714285,1,[5],[0],1
path_image_seed,Mg1,1,5,af202117df2c3a60,POSCAR_Mg1_base0001_tetrahedral_path0003_pimg001_seed005.vasp,,True,,[0],[0],['Mg'],"[[0.25, 0.25, 0.25]]",single,1,"[1, 1, 1]",4.0,0.19285714285714284,"[0, 1, 2, 3, 4, 5, 6, 7, 8, 9, 10, 11, 12, 13, 14, 15, 16, 17, 18, 19, 20, 21, 22, 23, 24, 25, 26, 27, 28, 29, 30, 31, 32, 33, 34, 35, 36, 37, 38, 39, 40, 41, 42, 43, 44, 45, 46, 47, 48, 49, 50, 51, 52, 53, 54]",tetrahedral,"[[2.0754465, 2.91502614, 2.49523632]]",3,0.14285714285714285,1,[5],[0],1
path_image_seed,Mg1,1,6,af202117df2c3a60,POSCAR_Mg1_base0001_tetrahedral_path0003_pimg001_seed006.vasp,,True,,[0],[0],['Mg'],"[[0.25, 0.25, 0.25]]",single,1,"[1, 1, 1]",4.0,0.22857142857142854,"[0, 1, 2, 3, 4, 5, 6, 7, 8, 9, 10, 11, 12, 13, 14, 15, 16, 17, 18, 19, 20, 21, 22, 23, 24, 25, 26, 27, 28, 29, 30, 31, 32, 33, 34, 35, 36, 37, 38, 39, 40, 41, 42, 43, 44, 45, 46, 47, 48, 49, 50, 51, 52, 53, 54]",tetrahedral,"[[2.0754465, 2.91502614, 2.49523632]]",3,0.14285714285714285,1,[5],[0],1
path_image_seed,Mg1,1,7,af202117df2c3a60,POSCAR_Mg1_base0001_tetrahedral_path0003_pimg001_seed007.vasp,,True,,[0],[0],['Mg'],"[[0.25, 0.25, 0.25]]",single,1,"[1, 1, 1]",4.0,0.2642857142857143,"[0, 1, 2, 3, 4, 5, 6, 7, 8, 9, 10, 11, 12, 13, 14, 15, 16, 17, 18, 19, 20, 21, 22, 23, 24, 25, 26, 27, 28, 29, 30, 31, 32, 33, 34, 35, 36, 37, 38, 39, 40, 41, 42, 43, 44, 45, 46, 47, 48, 49, 50, 51, 52, 53, 54]",tetrahedral,"[[2.0754465, 2.91502614, 2.49523632]]",3,0.14285714285714285,1,[5],[0],1
path_image_seed,Mg1,1,8,af202117df2c3a60,POSCAR_Mg1_base0001_tetrahedral_path0003_pimg001_seed008.vasp,,True,,[0],[0],['Mg'],"[[0.25, 0.25, 0.25]]",single,1,"[1, 1, 1]",4.0,0.3,"[0, 1, 2, 3, 4, 5, 6, 7, 8, 9, 10, 11, 12, 13, 14, 15, 16, 17, 18, 19, 20, 21, 22, 23, 24, 25, 26, 27, 28, 29, 30, 31, 32, 33, 34, 35, 36, 37, 38, 39, 40, 41, 42, 43, 44, 45, 46, 47, 48, 49, 50, 51, 52, 53, 54]",tetrahedral,"[[2.0754465, 2.91502614, 2.49523632]]",3,0.14285714285714285,1,[5],[0],1
path_image,Mg1,1,,af202117df2c3a60,POSCAR_Mg1_base0001_tetrahedral_path0003_pimg002.vasp,,True,,[0],[0],['Mg'],"[[0.25, 0.25, 0.25]]",single,1,"[1, 1, 1]",,,[],tetrahedral,"[[2.0754465, 2.91502614, 2.49523632]]",3,0.2857142857142857,,[5],[0],1
path_image_seed,Mg1,1,1,af202117df2c3a60,POSCAR_Mg1_base0001_tetrahedral_path0003_pimg002_seed001.vasp,,True,,[0],[0],['Mg'],"[[0.25, 0.25, 0.25]]",single,1,"[1, 1, 1]",4.0,0.05,"[0, 1, 2, 3, 4, 5, 6, 7, 8, 9, 10, 11, 12, 13, 14, 15, 16, 17, 18, 19, 20, 21, 22, 23, 24, 25, 26, 27, 28, 29, 30, 31, 32, 33, 34, 35, 36, 37, 38, 39, 40, 41, 42, 43, 44, 45, 46, 47, 48, 49, 50, 51, 52, 53, 54]",tetrahedral,"[[2.0754465, 2.91502614, 2.49523632]]",3,0.2857142857142857,2,[5],[0],1
path_image_seed,Mg1,1,2,af202117df2c3a60,POSCAR_Mg1_base0001_tetrahedral_path0003_pimg002_seed002.vasp,,True,,[0],[0],['Mg'],"[[0.25, 0.25, 0.25]]",single,1,"[1, 1, 1]",4.0,0.08571428571428572,"[0, 1, 2, 3, 4, 5, 6, 7, 8, 9, 10, 11, 12, 13, 14, 15, 16, 17, 18, 19, 20, 21, 22, 23, 24, 25, 26, 27, 28, 29, 30, 31, 32, 33, 34, 35, 36, 37, 38, 39, 40, 41, 42, 43, 44, 45, 46, 47, 48, 49, 50, 51, 52, 53, 54]",tetrahedral,"[[2.0754465, 2.91502614, 2.49523632]]",3,0.2857142857142857,2,[5],[0],1
path_image_seed,Mg1,1,3,af202117df2c3a60,POSCAR_Mg1_base0001_tetrahedral_path0003_pimg002_seed003.vasp,,True,,[0],[0],['Mg'],"[[0.25, 0.25, 0.25]]",single,1,"[1, 1, 1]",4.0,0.12142857142857143,"[0, 1, 2, 3, 4, 5, 6, 7, 8, 9, 10, 11, 12, 13, 14, 15, 16, 17, 18, 19, 20, 21, 22, 23, 24, 25, 26, 27, 28, 29, 30, 31, 32, 33, 34, 35, 36, 37, 38, 39, 40, 41, 42, 43, 44, 45, 46, 47, 48, 49, 50, 51, 52, 53, 54]",tetrahedral,"[[2.0754465, 2.91502614, 2.49523632]]",3,0.2857142857142857,2,[5],[0],1
path_image_seed,Mg1,1,4,af202117df2c3a60,POSCAR_Mg1_base0001_tetrahedral_path0003_pimg002_seed004.vasp,,True,,[0],[0],['Mg'],"[[0.25, 0.25, 0.25]]",single,1,"[1, 1, 1]",4.0,0.15714285714285714,"[0, 1, 2, 3, 4, 5, 6, 7, 8, 9, 10, 11, 12, 13, 14, 15, 16, 17, 18, 19, 20, 21, 22, 23, 24, 25, 26, 27, 28, 29, 30, 31, 32, 33, 34, 35, 36, 37, 38, 39, 40, 41, 42, 43, 44, 45, 46, 47, 48, 49, 50, 51, 52, 53, 54]",tetrahedral,"[[2.0754465, 2.91502614, 2.49523632]]",3,0.2857142857142857,2,[5],[0],1
path_image_seed,Mg1,1,5,af202117df2c3a60,POSCAR_Mg1_base0001_tetrahedral_path0003_pimg002_seed005.vasp,,True,,[0],[0],['Mg'],"[[0.25, 0.25, 0.25]]",single,1,"[1, 1, 1]",4.0,0.19285714285714284,"[0, 1, 2, 3, 4, 5, 6, 7, 8, 9, 10, 11, 12, 13, 14, 15, 16, 17, 18, 19, 20, 21, 22, 23, 24, 25, 26, 27, 28, 29, 30, 31, 32, 33, 34, 35, 36, 37, 38, 39, 40, 41, 42, 43, 44, 45, 46, 47, 48, 49, 50, 51, 52, 53, 54]",tetrahedral,"[[2.0754465, 2.91502614, 2.49523632]]",3,0.2857142857142857,2,[5],[0],1
path_image_seed,Mg1,1,6,af202117df2c3a60,POSCAR_Mg1_base0001_tetrahedral_path0003_pimg002_seed006.vasp,,True,,[0],[0],['Mg'],"[[0.25, 0.25, 0.25]]",single,1,"[1, 1, 1]",4.0,0.22857142857142854,"[0, 1, 2, 3, 4, 5, 6, 7, 8, 9, 10, 11, 12, 13, 14, 15, 16, 17, 18, 19, 20, 21, 22, 23, 24, 25, 26, 27, 28, 29, 30, 31, 32, 33, 34, 35, 36, 37, 38, 39, 40, 41, 42, 43, 44, 45, 46, 47, 48, 49, 50, 51, 52, 53, 54]",tetrahedral,"[[2.0754465, 2.91502614, 2.49523632]]",3,0.2857142857142857,2,[5],[0],1
path_image_seed,Mg1,1,7,af202117df2c3a60,POSCAR_Mg1_base0001_tetrahedral_path0003_pimg002_seed007.vasp,,True,,[0],[0],['Mg'],"[[0.25, 0.25, 0.25]]",single,1,"[1, 1, 1]",4.0,0.2642857142857143,"[0, 1, 2, 3, 4, 5, 6, 7, 8, 9, 10, 11, 12, 13, 14, 15, 16, 17, 18, 19, 20, 21, 22, 23, 24, 25, 26, 27, 28, 29, 30, 31, 32, 33, 34, 35, 36, 37, 38, 39, 40, 41, 42, 43, 44, 45, 46, 47, 48, 49, 50, 51, 52, 53, 54]",tetrahedral,"[[2.0754465, 2.91502614, 2.49523632]]",3,0.2857142857142857,2,[5],[0],1
path_image_seed,Mg1,1,8,af202117df2c3a60,POSCAR_Mg1_base0001_tetrahedral_path0003_pimg002_seed008.vasp,,True,,[0],[0],['Mg'],"[[0.25, 0.25, 0.25]]",single,1,"[1, 1, 1]",4.0,0.3,"[0, 1, 2, 3, 4, 5, 6, 7, 8, 9, 10, 11, 12, 13, 14, 15, 16, 17, 18, 19, 20, 21, 22, 23, 24, 25, 26, 27, 28, 29, 30, 31, 32, 33, 34, 35, 36, 37, 38, 39, 40, 41, 42, 43, 44, 45, 46, 47, 48, 49, 50, 51, 52, 53, 54]",tetrahedral,"[[2.0754465, 2.91502614, 2.49523632]]",3,0.2857142857142857,2,[5],[0],1
path_image,Mg1,1,,af202117df2c3a60,POSCAR_Mg1_base0001_tetrahedral_path0003_pimg003.vasp,,True,,[0],[0],['Mg'],"[[0.25, 0.25, 0.25]]",single,1,"[1, 1, 1]",,,[],tetrahedral,"[[2.0754465, 2.91502614, 2.49523632]]",3,0.42857142857142855,,[5],[0],1
path_image_seed,Mg1,1,1,af202117df2c3a60,POSCAR_Mg1_base0001_tetrahedral_path0003_pimg003_seed001.vasp,,True,,[0],[0],['Mg'],"[[0.25, 0.25, 0.25]]",single,1,"[1, 1, 1]",4.0,0.05,"[0, 1, 2, 3, 4, 5, 6, 7, 8, 9, 10, 11, 12, 13, 14, 15, 16, 17, 18, 19, 20, 21, 22, 23, 24, 25, 26, 27, 28, 29, 30, 31, 32, 33, 34, 35, 36, 37, 38, 39, 40, 41, 42, 43, 44, 45, 46, 47, 48, 49, 50, 51, 52, 53, 54]",tetrahedral,"[[2.0754465, 2.91502614, 2.49523632]]",3,0.42857142857142855,3,[5],[0],1
path_image_seed,Mg1,1,2,af202117df2c3a60,POSCAR_Mg1_base0001_tetrahedral_path0003_pimg003_seed002.vasp,,True,,[0],[0],['Mg'],"[[0.25, 0.25, 0.25]]",single,1,"[1, 1, 1]",4.0,0.08571428571428572,"[0, 1, 2, 3, 4, 5, 6, 7, 8, 9, 10, 11, 12, 13, 14, 15, 16, 17, 18, 19, 20, 21, 22, 23, 24, 25, 26, 27, 28, 29, 30, 31, 32, 33, 34, 35, 36, 37, 38, 39, 40, 41, 42, 43, 44, 45, 46, 47, 48, 49, 50, 51, 52, 53, 54]",tetrahedral,"[[2.0754465, 2.91502614, 2.49523632]]",3,0.42857142857142855,3,[5],[0],1
path_image_seed,Mg1,1,3,af202117df2c3a60,POSCAR_Mg1_base0001_tetrahedral_path0003_pimg003_seed003.vasp,,True,,[0],[0],['Mg'],"[[0.25, 0.25, 0.25]]",single,1,"[1, 1, 1]",4.0,0.12142857142857143,"[0, 1, 2, 3, 4, 5, 6, 7, 8, 9, 10, 11, 12, 13, 14, 15, 16, 17, 18, 19, 20, 21, 22, 23, 24, 25, 26, 27, 28, 29, 30, 31, 32, 33, 34, 35, 36, 37, 38, 39, 40, 41, 42, 43, 44, 45, 46, 47, 48, 49, 50, 51, 52, 53, 54]",tetrahedral,"[[2.0754465, 2.91502614, 2.49523632]]",3,0.42857142857142855,3,[5],[0],1
path_image_seed,Mg1,1,4,af202117df2c3a60,POSCAR_Mg1_base0001_tetrahedral_path0003_pimg003_seed004.vasp,,True,,[0],[0],['Mg'],"[[0.25, 0.25, 0.25]]",single,1,"[1, 1, 1]",4.0,0.15714285714285714,"[0, 1, 2, 3, 4, 5, 6, 7, 8, 9, 10, 11, 12, 13, 14, 15, 16, 17, 18, 19, 20, 21, 22, 23, 24, 25, 26, 27, 28, 29, 30, 31, 32, 33, 34, 35, 36, 37, 38, 39, 40, 41, 42, 43, 44, 45, 46, 47, 48, 49, 50, 51, 52, 53, 54]",tetrahedral,"[[2.0754465, 2.91502614, 2.49523632]]",3,0.42857142857142855,3,[5],[0],1
path_image_seed,Mg1,1,5,af202117df2c3a60,POSCAR_Mg1_base0001_tetrahedral_path0003_pimg003_seed005.vasp,,True,,[0],[0],['Mg'],"[[0.25, 0.25, 0.25]]",single,1,"[1, 1, 1]",4.0,0.19285714285714284,"[0, 1, 2, 3, 4, 5, 6, 7, 8, 9, 10, 11, 12, 13, 14, 15, 16, 17, 18, 19, 20, 21, 22, 23, 24, 25, 26, 27, 28, 29, 30, 31, 32, 33, 34, 35, 36, 37, 38, 39, 40, 41, 42, 43, 44, 45, 46, 47, 48, 49, 50, 51, 52, 53, 54]",tetrahedral,"[[2.0754465, 2.91502614, 2.49523632]]",3,0.42857142857142855,3,[5],[0],1
path_image_seed,Mg1,1,6,af202117df2c3a60,POSCAR_Mg1_base0001_tetrahedral_path0003_pimg003_seed006.vasp,,True,,[0],[0],['Mg'],"[[0.25, 0.25, 0.25]]",single,1,"[1, 1, 1]",4.0,0.22857142857142854,"[0, 1, 2, 3, 4, 5, 6, 7, 8, 9, 10, 11, 12, 13, 14, 15, 16, 17, 18, 19, 20, 21, 22, 23, 24, 25, 26, 27, 28, 29, 30, 31, 32, 33, 34, 35, 36, 37, 38, 39, 40, 41, 42, 43, 44, 45, 46, 47, 48, 49, 50, 51, 52, 53, 54]",tetrahedral,"[[2.0754465, 2.91502614, 2.49523632]]",3,0.42857142857142855,3,[5],[0],1
path_image_seed,Mg1,1,7,af202117df2c3a60,POSCAR_Mg1_base0001_tetrahedral_path0003_pimg003_seed007.vasp,,True,,[0],[0],['Mg'],"[[0.25, 0.25, 0.25]]",single,1,"[1, 1, 1]",4.0,0.2642857142857143,"[0, 1, 2, 3, 4, 5, 6, 7, 8, 9, 10, 11, 12, 13, 14, 15, 16, 17, 18, 19, 20, 21, 22, 23, 24, 25, 26, 27, 28, 29, 30, 31, 32, 33, 34, 35, 36, 37, 38, 39, 40, 41, 42, 43, 44, 45, 46, 47, 48, 49, 50, 51, 52, 53, 54]",tetrahedral,"[[2.0754465, 2.91502614, 2.49523632]]",3,0.42857142857142855,3,[5],[0],1
path_image_seed,Mg1,1,8,af202117df2c3a60,POSCAR_Mg1_base0001_tetrahedral_path0003_pimg003_seed008.vasp,,True,,[0],[0],['Mg'],"[[0.25, 0.25, 0.25]]",single,1,"[1, 1, 1]",4.0,0.3,"[0, 1, 2, 3, 4, 5, 6, 7, 8, 9, 10, 11, 12, 13, 14, 15, 16, 17, 18, 19, 20, 21, 22, 23, 24, 25, 26, 27, 28, 29, 30, 31, 32, 33, 34, 35, 36, 37, 38, 39, 40, 41, 42, 43, 44, 45, 46, 47, 48, 49, 50, 51, 52, 53, 54]",tetrahedral,"[[2.0754465, 2.91502614, 2.49523632]]",3,0.42857142857142855,3,[5],[0],1
path_image,Mg1,1,,af202117df2c3a60,POSCAR_Mg1_base0001_tetrahedral_path0003_pimg004.vasp,,True,,[0],[0],['Mg'],"[[0.25, 0.25, 0.25]]",single,1,"[1, 1, 1]",,,[],tetrahedral,"[[2.0754465, 2.91502614, 2.49523632]]",3,0.5714285714285714,,[5],[0],1
path_image_seed,Mg1,1,1,af202117df2c3a60,POSCAR_Mg1_base0001_tetrahedral_path0003_pimg004_seed001.vasp,,True,,[0],[0],['Mg'],"[[0.25, 0.25, 0.25]]",single,1,"[1, 1, 1]",4.0,0.05,"[0, 1, 2, 3, 4, 5, 6, 7, 8, 9, 10, 11, 12, 13, 14, 15, 16, 17, 18, 19, 20, 21, 22, 23, 24, 25, 26, 27, 28, 29, 30, 31, 32, 33, 34, 35, 36, 37, 38, 39, 40, 41, 42, 43, 44, 45, 46, 47, 48, 49, 50, 51, 52, 53, 54]",tetrahedral,"[[2.0754465, 2.91502614, 2.49523632]]",3,0.5714285714285714,4,[5],[0],1
path_image_seed,Mg1,1,2,af202117df2c3a60,POSCAR_Mg1_base0001_tetrahedral_path0003_pimg004_seed002.vasp,,True,,[0],[0],['Mg'],"[[0.25, 0.25, 0.25]]",single,1,"[1, 1, 1]",4.0,0.08571428571428572,"[0, 1, 2, 3, 4, 5, 6, 7, 8, 9, 10, 11, 12, 13, 14, 15, 16, 17, 18, 19, 20, 21, 22, 23, 24, 25, 26, 27, 28, 29, 30, 31, 32, 33, 34, 35, 36, 37, 38, 39, 40, 41, 42, 43, 44, 45, 46, 47, 48, 49, 50, 51, 52, 53, 54]",tetrahedral,"[[2.0754465, 2.91502614, 2.49523632]]",3,0.5714285714285714,4,[5],[0],1
path_image_seed,Mg1,1,3,af202117df2c3a60,POSCAR_Mg1_base0001_tetrahedral_path0003_pimg004_seed003.vasp,,True,,[0],[0],['Mg'],"[[0.25, 0.25, 0.25]]",single,1,"[1, 1, 1]",4.0,0.12142857142857143,"[0, 1, 2, 3, 4, 5, 6, 7, 8, 9, 10, 11, 12, 13, 14, 15, 16, 17, 18, 19, 20, 21, 22, 23, 24, 25, 26, 27, 28, 29, 30, 31, 32, 33, 34, 35, 36, 37, 38, 39, 40, 41, 42, 43, 44, 45, 46, 47, 48, 49, 50, 51, 52, 53, 54]",tetrahedral,"[[2.0754465, 2.91502614, 2.49523632]]",3,0.5714285714285714,4,[5],[0],1
path_image_seed,Mg1,1,4,af202117df2c3a60,POSCAR_Mg1_base0001_tetrahedral_path0003_pimg004_seed004.vasp,,True,,[0],[0],['Mg'],"[[0.25, 0.25, 0.25]]",single,1,"[1, 1, 1]",4.0,0.15714285714285714,"[0, 1, 2, 3, 4, 5, 6, 7, 8, 9, 10, 11, 12, 13, 14, 15, 16, 17, 18, 19, 20, 21, 22, 23, 24, 25, 26, 27, 28, 29, 30, 31, 32, 33, 34, 35, 36, 37, 38, 39, 40, 41, 42, 43, 44, 45, 46, 47, 48, 49, 50, 51, 52, 53, 54]",tetrahedral,"[[2.0754465, 2.91502614, 2.49523632]]",3,0.5714285714285714,4,[5],[0],1
path_image_seed,Mg1,1,5,af202117df2c3a60,POSCAR_Mg1_base0001_tetrahedral_path0003_pimg004_seed005.vasp,,True,,[0],[0],['Mg'],"[[0.25, 0.25, 0.25]]",single,1,"[1, 1, 1]",4.0,0.19285714285714284,"[0, 1, 2, 3, 4, 5, 6, 7, 8, 9, 10, 11, 12, 13, 14, 15, 16, 17, 18, 19, 20, 21, 22, 23, 24, 25, 26, 27, 28, 29, 30, 31, 32, 33, 34, 35, 36, 37, 38, 39, 40, 41, 42, 43, 44, 45, 46, 47, 48, 49, 50, 51, 52, 53, 54]",tetrahedral,"[[2.0754465, 2.91502614, 2.49523632]]",3,0.5714285714285714,4,[5],[0],1
path_image_seed,Mg1,1,6,af202117df2c3a60,POSCAR_Mg1_base0001_tetrahedral_path0003_pimg004_seed006.vasp,,True,,[0],[0],['Mg'],"[[0.25, 0.25, 0.25]]",single,1,"[1, 1, 1]",4.0,0.22857142857142854,"[0, 1, 2, 3, 4, 5, 6, 7, 8, 9, 10, 11, 12, 13, 14, 15, 16, 17, 18, 19, 20, 21, 22, 23, 24, 25, 26, 27, 28, 29, 30, 31, 32, 33, 34, 35, 36, 37, 38, 39, 40, 41, 42, 43, 44, 45, 46, 47, 48, 49, 50, 51, 52, 53, 54]",tetrahedral,"[[2.0754465, 2.91502614, 2.49523632]]",3,0.5714285714285714,4,[5],[0],1
path_image_seed,Mg1,1,7,af202117df2c3a60,POSCAR_Mg1_base0001_tetrahedral_path0003_pimg004_seed007.vasp,,True,,[0],[0],['Mg'],"[[0.25, 0.25, 0.25]]",single,1,"[1, 1, 1]",4.0,0.2642857142857143,"[0, 1, 2, 3, 4, 5, 6, 7, 8, 9, 10, 11, 12, 13, 14, 15, 16, 17, 18, 19, 20, 21, 22, 23, 24, 25, 26, 27, 28, 29, 30, 31, 32, 33, 34, 35, 36, 37, 38, 39, 40, 41, 42, 43, 44, 45, 46, 47, 48, 49, 50, 51, 52, 53, 54]",tetrahedral,"[[2.0754465, 2.91502614, 2.49523632]]",3,0.5714285714285714,4,[5],[0],1
path_image_seed,Mg1,1,8,af202117df2c3a60,POSCAR_Mg1_base0001_tetrahedral_path0003_pimg004_seed008.vasp,,True,,[0],[0],['Mg'],"[[0.25, 0.25, 0.25]]",single,1,"[1, 1, 1]",4.0,0.3,"[0, 1, 2, 3, 4, 5, 6, 7, 8, 9, 10, 11, 12, 13, 14, 15, 16, 17, 18, 19, 20, 21, 22, 23, 24, 25, 26, 27, 28, 29, 30, 31, 32, 33, 34, 35, 36, 37, 38, 39, 40, 41, 42, 43, 44, 45, 46, 47, 48, 49, 50, 51, 52, 53, 54]",tetrahedral,"[[2.0754465, 2.91502614, 2.49523632]]",3,0.5714285714285714,4,[5],[0],1
path_image,Mg1,1,,af202117df2c3a60,POSCAR_Mg1_base0001_tetrahedral_path0003_pimg005.vasp,,True,,[0],[0],['Mg'],"[[0.25, 0.25, 0.25]]",single,1,"[1, 1, 1]",,,[],tetrahedral,"[[2.0754465, 2.91502614, 2.49523632]]",3,0.7142857142857142,,[5],[0],1
path_image_seed,Mg1,1,1,af202117df2c3a60,POSCAR_Mg1_base0001_tetrahedral_path0003_pimg005_seed001.vasp,,True,,[0],[0],['Mg'],"[[0.25, 0.25, 0.25]]",single,1,"[1, 1, 1]",4.0,0.05,"[0, 1, 2, 3, 4, 5, 6, 7, 8, 9, 10, 11, 12, 13, 14, 15, 16, 17, 18, 19, 20, 21, 22, 23, 24, 25, 26, 27, 28, 29, 30, 31, 32, 33, 34, 35, 36, 37, 38, 39, 40, 41, 42, 43, 44, 45, 46, 47, 48, 49, 50, 51, 52, 53, 54]",tetrahedral,"[[2.0754465, 2.91502614, 2.49523632]]",3,0.7142857142857142,5,[5],[0],1
path_image_seed,Mg1,1,2,af202117df2c3a60,POSCAR_Mg1_base0001_tetrahedral_path0003_pimg005_seed002.vasp,,True,,[0],[0],['Mg'],"[[0.25, 0.25, 0.25]]",single,1,"[1, 1, 1]",4.0,0.08571428571428572,"[0, 1, 2, 3, 4, 5, 6, 7, 8, 9, 10, 11, 12, 13, 14, 15, 16, 17, 18, 19, 20, 21, 22, 23, 24, 25, 26, 27, 28, 29, 30, 31, 32, 33, 34, 35, 36, 37, 38, 39, 40, 41, 42, 43, 44, 45, 46, 47, 48, 49, 50, 51, 52, 53, 54]",tetrahedral,"[[2.0754465, 2.91502614, 2.49523632]]",3,0.7142857142857142,5,[5],[0],1
path_image_seed,Mg1,1,3,af202117df2c3a60,POSCAR_Mg1_base0001_tetrahedral_path0003_pimg005_seed003.vasp,,True,,[0],[0],['Mg'],"[[0.25, 0.25, 0.25]]",single,1,"[1, 1, 1]",4.0,0.12142857142857143,"[0, 1, 2, 3, 4, 5, 6, 7, 8, 9, 10, 11, 12, 13, 14, 15, 16, 17, 18, 19, 20, 21, 22, 23, 24, 25, 26, 27, 28, 29, 30, 31, 32, 33, 34, 35, 36, 37, 38, 39, 40, 41, 42, 43, 44, 45, 46, 47, 48, 49, 50, 51, 52, 53, 54]",tetrahedral,"[[2.0754465, 2.91502614, 2.49523632]]",3,0.7142857142857142,5,[5],[0],1
path_image_seed,Mg1,1,4,af202117df2c3a60,POSCAR_Mg1_base0001_tetrahedral_path0003_pimg005_seed004.vasp,,True,,[0],[0],['Mg'],"[[0.25, 0.25, 0.25]]",single,1,"[1, 1, 1]",4.0,0.15714285714285714,"[0, 1, 2, 3, 4, 5, 6, 7, 8, 9, 10, 11, 12, 13, 14, 15, 16, 17, 18, 19, 20, 21, 22, 23, 24, 25, 26, 27, 28, 29, 30, 31, 32, 33, 34, 35, 36, 37, 38, 39, 40, 41, 42, 43, 44, 45, 46, 47, 48, 49, 50, 51, 52, 53, 54]",tetrahedral,"[[2.0754465, 2.91502614, 2.49523632]]",3,0.7142857142857142,5,[5],[0],1
path_image_seed,Mg1,1,5,af202117df2c3a60,POSCAR_Mg1_base0001_tetrahedral_path0003_pimg005_seed005.vasp,,True,,[0],[0],['Mg'],"[[0.25, 0.25, 0.25]]",single,1,"[1, 1, 1]",4.0,0.19285714285714284,"[0, 1, 2, 3, 4, 5, 6, 7, 8, 9, 10, 11, 12, 13, 14, 15, 16, 17, 18, 19, 20, 21, 22, 23, 24, 25, 26, 27, 28, 29, 30, 31, 32, 33, 34, 35, 36, 37, 38, 39, 40, 41, 42, 43, 44, 45, 46, 47, 48, 49, 50, 51, 52, 53, 54]",tetrahedral,"[[2.0754465, 2.91502614, 2.49523632]]",3,0.7142857142857142,5,[5],[0],1
path_image_seed,Mg1,1,6,af202117df2c3a60,POSCAR_Mg1_base0001_tetrahedral_path0003_pimg005_seed006.vasp,,True,,[0],[0],['Mg'],"[[0.25, 0.25, 0.25]]",single,1,"[1, 1, 1]",4.0,0.22857142857142854,"[0, 1, 2, 3, 4, 5, 6, 7, 8, 9, 10, 11, 12, 13, 14, 15, 16, 17, 18, 19, 20, 21, 22, 23, 24, 25, 26, 27, 28, 29, 30, 31, 32, 33, 34, 35, 36, 37, 38, 39, 40, 41, 42, 43, 44, 45, 46, 47, 48, 49, 50, 51, 52, 53, 54]",tetrahedral,"[[2.0754465, 2.91502614, 2.49523632]]",3,0.7142857142857142,5,[5],[0],1
path_image_seed,Mg1,1,7,af202117df2c3a60,POSCAR_Mg1_base0001_tetrahedral_path0003_pimg005_seed007.vasp,,True,,[0],[0],['Mg'],"[[0.25, 0.25, 0.25]]",single,1,"[1, 1, 1]",4.0,0.2642857142857143,"[0, 1, 2, 3, 4, 5, 6, 7, 8, 9, 10, 11, 12, 13, 14, 15, 16, 17, 18, 19, 20, 21, 22, 23, 24, 25, 26, 27, 28, 29, 30, 31, 32, 33, 34, 35, 36, 37, 38, 39, 40, 41, 42, 43, 44, 45, 46, 47, 48, 49, 50, 51, 52, 53, 54]",tetrahedral,"[[2.0754465, 2.91502614, 2.49523632]]",3,0.7142857142857142,5,[5],[0],1
path_image_seed,Mg1,1,8,af202117df2c3a60,POSCAR_Mg1_base0001_tetrahedral_path0003_pimg005_seed008.vasp,,True,,[0],[0],['Mg'],"[[0.25, 0.25, 0.25]]",single,1,"[1, 1, 1]",4.0,0.3,"[0, 1, 2, 3, 4, 5, 6, 7, 8, 9, 10, 11, 12, 13, 14, 15, 16, 17, 18, 19, 20, 21, 22, 23, 24, 25, 26, 27, 28, 29, 30, 31, 32, 33, 34, 35, 36, 37, 38, 39, 40, 41, 42, 43, 44, 45, 46, 47, 48, 49, 50, 51, 52, 53, 54]",tetrahedral,"[[2.0754465, 2.91502614, 2.49523632]]",3,0.7142857142857142,5,[5],[0],1
path_image,Mg1,1,,af202117df2c3a60,POSCAR_Mg1_base0001_tetrahedral_path0003_pimg006.vasp,,True,,[0],[0],['Mg'],"[[0.25, 0.25, 0.25]]",single,1,"[1, 1, 1]",,,[],tetrahedral,"[[2.0754465, 2.91502614, 2.49523632]]",3,0.8571428571428571,,[5],[0],1
path_image_seed,Mg1,1,1,af202117df2c3a60,POSCAR_Mg1_base0001_tetrahedral_path0003_pimg006_seed001.vasp,,True,,[0],[0],['Mg'],"[[0.25, 0.25, 0.25]]",single,1,"[1, 1, 1]",4.0,0.05,"[0, 1, 2, 3, 4, 5, 6, 7, 8, 9, 10, 11, 12, 13, 14, 15, 16, 17, 18, 19, 20, 21, 22, 23, 24, 25, 26, 27, 28, 29, 30, 31, 32, 33, 34, 35, 36, 37, 38, 39, 40, 41, 42, 43, 44, 45, 46, 47, 48, 49, 50, 51, 52, 53, 54]",tetrahedral,"[[2.0754465, 2.91502614, 2.49523632]]",3,0.8571428571428571,6,[5],[0],1
path_image_seed,Mg1,1,2,af202117df2c3a60,POSCAR_Mg1_base0001_tetrahedral_path0003_pimg006_seed002.vasp,,True,,[0],[0],['Mg'],"[[0.25, 0.25, 0.25]]",single,1,"[1, 1, 1]",4.0,0.08571428571428572,"[0, 1, 2, 3, 4, 5, 6, 7, 8, 9, 10, 11, 12, 13, 14, 15, 16, 17, 18, 19, 20, 21, 22, 23, 24, 25, 26, 27, 28, 29, 30, 31, 32, 33, 34, 35, 36, 37, 38, 39, 40, 41, 42, 43, 44, 45, 46, 47, 48, 49, 50, 51, 52, 53, 54]",tetrahedral,"[[2.0754465, 2.91502614, 2.49523632]]",3,0.8571428571428571,6,[5],[0],1
path_image_seed,Mg1,1,3,af202117df2c3a60,POSCAR_Mg1_base0001_tetrahedral_path0003_pimg006_seed003.vasp,,True,,[0],[0],['Mg'],"[[0.25, 0.25, 0.25]]",single,1,"[1, 1, 1]",4.0,0.12142857142857143,"[0, 1, 2, 3, 4, 5, 6, 7, 8, 9, 10, 11, 12, 13, 14, 15, 16, 17, 18, 19, 20, 21, 22, 23, 24, 25, 26, 27, 28, 29, 30, 31, 32, 33, 34, 35, 36, 37, 38, 39, 40, 41, 42, 43, 44, 45, 46, 47, 48, 49, 50, 51, 52, 53, 54]",tetrahedral,"[[2.0754465, 2.91502614, 2.49523632]]",3,0.8571428571428571,6,[5],[0],1
path_image_seed,Mg1,1,4,af202117df2c3a60,POSCAR_Mg1_base0001_tetrahedral_path0003_pimg006_seed004.vasp,,True,,[0],[0],['Mg'],"[[0.25, 0.25, 0.25]]",single,1,"[1, 1, 1]",4.0,0.15714285714285714,"[0, 1, 2, 3, 4, 5, 6, 7, 8, 9, 10, 11, 12, 13, 14, 15, 16, 17, 18, 19, 20, 21, 22, 23, 24, 25, 26, 27, 28, 29, 30, 31, 32, 33, 34, 35, 36, 37, 38, 39, 40, 41, 42, 43, 44, 45, 46, 47, 48, 49, 50, 51, 52, 53, 54]",tetrahedral,"[[2.0754465, 2.91502614, 2.49523632]]",3,0.8571428571428571,6,[5],[0],1
path_image_seed,Mg1,1,5,af202117df2c3a60,POSCAR_Mg1_base0001_tetrahedral_path0003_pimg006_seed005.vasp,,True,,[0],[0],['Mg'],"[[0.25, 0.25, 0.25]]",single,1,"[1, 1, 1]",4.0,0.19285714285714284,"[0, 1, 2, 3, 4, 5, 6, 7, 8, 9, 10, 11, 12, 13, 14, 15, 16, 17, 18, 19, 20, 21, 22, 23, 24, 25, 26, 27, 28, 29, 30, 31, 32, 33, 34, 35, 36, 37, 38, 39, 40, 41, 42, 43, 44, 45, 46, 47, 48, 49, 50, 51, 52, 53, 54]",tetrahedral,"[[2.0754465, 2.91502614, 2.49523632]]",3,0.8571428571428571,6,[5],[0],1
path_image_seed,Mg1,1,6,af202117df2c3a60,POSCAR_Mg1_base0001_tetrahedral_path0003_pimg006_seed006.vasp,,True,,[0],[0],['Mg'],"[[0.25, 0.25, 0.25]]",single,1,"[1, 1, 1]",4.0,0.22857142857142854,"[0, 1, 2, 3, 4, 5, 6, 7, 8, 9, 10, 11, 12, 13, 14, 15, 16, 17, 18, 19, 20, 21, 22, 23, 24, 25, 26, 27, 28, 29, 30, 31, 32, 33, 34, 35, 36, 37, 38, 39, 40, 41, 42, 43, 44, 45, 46, 47, 48, 49, 50, 51, 52, 53, 54]",tetrahedral,"[[2.0754465, 2.91502614, 2.49523632]]",3,0.8571428571428571,6,[5],[0],1
path_image_seed,Mg1,1,7,af202117df2c3a60,POSCAR_Mg1_base0001_tetrahedral_path0003_pimg006_seed007.vasp,,True,,[0],[0],['Mg'],"[[0.25, 0.25, 0.25]]",single,1,"[1, 1, 1]",4.0,0.2642857142857143,"[0, 1, 2, 3, 4, 5, 6, 7, 8, 9, 10, 11, 12, 13, 14, 15, 16, 17, 18, 19, 20, 21, 22, 23, 24, 25, 26, 27, 28, 29, 30, 31, 32, 33, 34, 35, 36, 37, 38, 39, 40, 41, 42, 43, 44, 45, 46, 47, 48, 49, 50, 51, 52, 53, 54]",tetrahedral,"[[2.0754465, 2.91502614, 2.49523632]]",3,0.8571428571428571,6,[5],[0],1
path_image_seed,Mg1,1,8,af202117df2c3a60,POSCAR_Mg1_base0001_tetrahedral_path0003_pimg006_seed008.vasp,,True,,[0],[0],['Mg'],"[[0.25, 0.25, 0.25]]",single,1,"[1, 1, 1]",4.0,0.3,"[0, 1, 2, 3, 4, 5, 6, 7, 8, 9, 10, 11, 12, 13, 14, 15, 16, 17, 18, 19, 20, 21, 22, 23, 24, 25, 26, 27, 28, 29, 30, 31, 32, 33, 34, 35, 36, 37, 38, 39, 40, 41, 42, 43, 44, 45, 46, 47, 48, 49, 50, 51, 52, 53, 54]",tetrahedral,"[[2.0754465, 2.91502614, 2.49523632]]",3,0.8571428571428571,6,[5],[0],1
path_end,Mg1,1,,af202117df2c3a60,POSCAR_Mg1_base0001_tetrahedral_path0003_pimg007.vasp,,True,,[0],[0],['Mg'],"[[0.25, 0.25, 0.25]]",single,1,"[1, 1, 1]",,,[],tetrahedral,"[[2.0754465, 2.91502614, 2.49523632]]",3,1.0,,[5],[0],1
path_end_seed,Mg1,1,1,af202117df2c3a60,POSCAR_Mg1_base0001_tetrahedral_path0003_pimg007_seed001.vasp,,True,,[0],[0],['Mg'],"[[0.25, 0.25, 0.25]]",single,1,"[1, 1, 1]",4.0,0.05,"[0, 1, 2, 3, 4, 5, 6, 7, 8, 9, 10, 11, 12, 13, 14, 15, 16, 17, 18, 19, 20, 21, 22, 23, 24, 25, 26, 27, 28, 29, 30, 31, 32, 33, 34, 35, 36, 37, 38, 39, 40, 41, 42, 43, 44, 45, 46, 47, 48, 49, 50, 51, 52, 53, 54]",tetrahedral,"[[2.0754465, 2.91502614, 2.49523632]]",3,1.0,7,[5],[0],1
path_end_seed,Mg1,1,2,af202117df2c3a60,POSCAR_Mg1_base0001_tetrahedral_path0003_pimg007_seed002.vasp,,True,,[0],[0],['Mg'],"[[0.25, 0.25, 0.25]]",single,1,"[1, 1, 1]",4.0,0.08571428571428572,"[0, 1, 2, 3, 4, 5, 6, 7, 8, 9, 10, 11, 12, 13, 14, 15, 16, 17, 18, 19, 20, 21, 22, 23, 24, 25, 26, 27, 28, 29, 30, 31, 32, 33, 34, 35, 36, 37, 38, 39, 40, 41, 42, 43, 44, 45, 46, 47, 48, 49, 50, 51, 52, 53, 54]",tetrahedral,"[[2.0754465, 2.91502614, 2.49523632]]",3,1.0,7,[5],[0],1
path_end_seed,Mg1,1,3,af202117df2c3a60,POSCAR_Mg1_base0001_tetrahedral_path0003_pimg007_seed003.vasp,,True,,[0],[0],['Mg'],"[[0.25, 0.25, 0.25]]",single,1,"[1, 1, 1]",4.0,0.12142857142857143,"[0, 1, 2, 3, 4, 5, 6, 7, 8, 9, 10, 11, 12, 13, 14, 15, 16, 17, 18, 19, 20, 21, 22, 23, 24, 25, 26, 27, 28, 29, 30, 31, 32, 33, 34, 35, 36, 37, 38, 39, 40, 41, 42, 43, 44, 45, 46, 47, 48, 49, 50, 51, 52, 53, 54]",tetrahedral,"[[2.0754465, 2.91502614, 2.49523632]]",3,1.0,7,[5],[0],1
path_end_seed,Mg1,1,4,af202117df2c3a60,POSCAR_Mg1_base0001_tetrahedral_path0003_pimg007_seed004.vasp,,True,,[0],[0],['Mg'],"[[0.25, 0.25, 0.25]]",single,1,"[1, 1, 1]",4.0,0.15714285714285714,"[0, 1, 2, 3, 4, 5, 6, 7, 8, 9, 10, 11, 12, 13, 14, 15, 16, 17, 18, 19, 20, 21, 22, 23, 24, 25, 26, 27, 28, 29, 30, 31, 32, 33, 34, 35, 36, 37, 38, 39, 40, 41, 42, 43, 44, 45, 46, 47, 48, 49, 50, 51, 52, 53, 54]",tetrahedral,"[[2.0754465, 2.91502614, 2.49523632]]",3,1.0,7,[5],[0],1
path_end_seed,Mg1,1,5,af202117df2c3a60,POSCAR_Mg1_base0001_tetrahedral_path0003_pimg007_seed005.vasp,,True,,[0],[0],['Mg'],"[[0.25, 0.25, 0.25]]",single,1,"[1, 1, 1]",4.0,0.19285714285714284,"[0, 1, 2, 3, 4, 5, 6, 7, 8, 9, 10, 11, 12, 13, 14, 15, 16, 17, 18, 19, 20, 21, 22, 23, 24, 25, 26, 27, 28, 29, 30, 31, 32, 33, 34, 35, 36, 37, 38, 39, 40, 41, 42, 43, 44, 45, 46, 47, 48, 49, 50, 51, 52, 53, 54]",tetrahedral,"[[2.0754465, 2.91502614, 2.49523632]]",3,1.0,7,[5],[0],1
path_end_seed,Mg1,1,6,af202117df2c3a60,POSCAR_Mg1_base0001_tetrahedral_path0003_pimg007_seed006.vasp,,True,,[0],[0],['Mg'],"[[0.25, 0.25, 0.25]]",single,1,"[1, 1, 1]",4.0,0.22857142857142854,"[0, 1, 2, 3, 4, 5, 6, 7, 8, 9, 10, 11, 12, 13, 14, 15, 16, 17, 18, 19, 20, 21, 22, 23, 24, 25, 26, 27, 28, 29, 30, 31, 32, 33, 34, 35, 36, 37, 38, 39, 40, 41, 42, 43, 44, 45, 46, 47, 48, 49, 50, 51, 52, 53, 54]",tetrahedral,"[[2.0754465, 2.91502614, 2.49523632]]",3,1.0,7,[5],[0],1
path_end_seed,Mg1,1,7,af202117df2c3a60,POSCAR_Mg1_base0001_tetrahedral_path0003_pimg007_seed007.vasp,,True,,[0],[0],['Mg'],"[[0.25, 0.25, 0.25]]",single,1,"[1, 1, 1]",4.0,0.2642857142857143,"[0, 1, 2, 3, 4, 5, 6, 7, 8, 9, 10, 11, 12, 13, 14, 15, 16, 17, 18, 19, 20, 21, 22, 23, 24, 25, 26, 27, 28, 29, 30, 31, 32, 33, 34, 35, 36, 37, 38, 39, 40, 41, 42, 43, 44, 45, 46, 47, 48, 49, 50, 51, 52, 53, 54]",tetrahedral,"[[2.0754465, 2.91502614, 2.49523632]]",3,1.0,7,[5],[0],1
path_end_seed,Mg1,1,8,af202117df2c3a60,POSCAR_Mg1_base0001_tetrahedral_path0003_pimg007_seed008.vasp,,True,,[0],[0],['Mg'],"[[0.25, 0.25, 0.25]]",single,1,"[1, 1, 1]",4.0,0.3,"[0, 1, 2, 3, 4, 5, 6, 7, 8, 9, 10, 11, 12, 13, 14, 15, 16, 17, 18, 19, 20, 21, 22, 23, 24, 25, 26, 27, 28, 29, 30, 31, 32, 33, 34, 35, 36, 37, 38, 39, 40, 41, 42, 43, 44, 45, 46, 47, 48, 49, 50, 51, 52, 53, 54]",tetrahedral,"[[2.0754465, 2.91502614, 2.49523632]]",3,1.0,7,[5],[0],1
path_start,Mg1,1,,af202117df2c3a60,POSCAR_Mg1_base0001_tetrahedral_path0004_pimg000.vasp,,True,,[0],[0],['Mg'],"[[0.25, 0.25, 0.25]]",single,1,"[1, 1, 1]",,,[],tetrahedral,"[[2.0754465, 2.91502614, 2.49523632]]",4,0.0,,[7],[0],1
path_start_seed,Mg1,1,1,af202117df2c3a60,POSCAR_Mg1_base0001_tetrahedral_path0004_pimg000_seed001.vasp,,True,,[0],[0],['Mg'],"[[0.25, 0.25, 0.25]]",single,1,"[1, 1, 1]",4.0,0.05,"[0, 1, 2, 3, 4, 5, 6, 7, 8, 9, 10, 11, 12, 13, 14, 15, 16, 17, 18, 19, 20, 21, 22, 23, 24, 25, 26, 27, 28, 29, 30, 31, 32, 33, 34, 35, 36, 37, 38, 39, 40, 41, 42, 43, 44, 45, 46, 47, 48, 49, 50, 51, 52, 53, 54]",tetrahedral,"[[2.0754465, 2.91502614, 2.49523632]]",4,0.0,0,[7],[0],1
path_start_seed,Mg1,1,2,af202117df2c3a60,POSCAR_Mg1_base0001_tetrahedral_path0004_pimg000_seed002.vasp,,True,,[0],[0],['Mg'],"[[0.25, 0.25, 0.25]]",single,1,"[1, 1, 1]",4.0,0.08571428571428572,"[0, 1, 2, 3, 4, 5, 6, 7, 8, 9, 10, 11, 12, 13, 14, 15, 16, 17, 18, 19, 20, 21, 22, 23, 24, 25, 26, 27, 28, 29, 30, 31, 32, 33, 34, 35, 36, 37, 38, 39, 40, 41, 42, 43, 44, 45, 46, 47, 48, 49, 50, 51, 52, 53, 54]",tetrahedral,"[[2.0754465, 2.91502614, 2.49523632]]",4,0.0,0,[7],[0],1
path_start_seed,Mg1,1,3,af202117df2c3a60,POSCAR_Mg1_base0001_tetrahedral_path0004_pimg000_seed003.vasp,,True,,[0],[0],['Mg'],"[[0.25, 0.25, 0.25]]",single,1,"[1, 1, 1]",4.0,0.12142857142857143,"[0, 1, 2, 3, 4, 5, 6, 7, 8, 9, 10, 11, 12, 13, 14, 15, 16, 17, 18, 19, 20, 21, 22, 23, 24, 25, 26, 27, 28, 29, 30, 31, 32, 33, 34, 35, 36, 37, 38, 39, 40, 41, 42, 43, 44, 45, 46, 47, 48, 49, 50, 51, 52, 53, 54]",tetrahedral,"[[2.0754465, 2.91502614, 2.49523632]]",4,0.0,0,[7],[0],1
path_start_seed,Mg1,1,4,af202117df2c3a60,POSCAR_Mg1_base0001_tetrahedral_path0004_pimg000_seed004.vasp,,True,,[0],[0],['Mg'],"[[0.25, 0.25, 0.25]]",single,1,"[1, 1, 1]",4.0,0.15714285714285714,"[0, 1, 2, 3, 4, 5, 6, 7, 8, 9, 10, 11, 12, 13, 14, 15, 16, 17, 18, 19, 20, 21, 22, 23, 24, 25, 26, 27, 28, 29, 30, 31, 32, 33, 34, 35, 36, 37, 38, 39, 40, 41, 42, 43, 44, 45, 46, 47, 48, 49, 50, 51, 52, 53, 54]",tetrahedral,"[[2.0754465, 2.91502614, 2.49523632]]",4,0.0,0,[7],[0],1
path_start_seed,Mg1,1,5,af202117df2c3a60,POSCAR_Mg1_base0001_tetrahedral_path0004_pimg000_seed005.vasp,,True,,[0],[0],['Mg'],"[[0.25, 0.25, 0.25]]",single,1,"[1, 1, 1]",4.0,0.19285714285714284,"[0, 1, 2, 3, 4, 5, 6, 7, 8, 9, 10, 11, 12, 13, 14, 15, 16, 17, 18, 19, 20, 21, 22, 23, 24, 25, 26, 27, 28, 29, 30, 31, 32, 33, 34, 35, 36, 37, 38, 39, 40, 41, 42, 43, 44, 45, 46, 47, 48, 49, 50, 51, 52, 53, 54]",tetrahedral,"[[2.0754465, 2.91502614, 2.49523632]]",4,0.0,0,[7],[0],1
path_start_seed,Mg1,1,6,af202117df2c3a60,POSCAR_Mg1_base0001_tetrahedral_path0004_pimg000_seed006.vasp,,True,,[0],[0],['Mg'],"[[0.25, 0.25, 0.25]]",single,1,"[1, 1, 1]",4.0,0.22857142857142854,"[0, 1, 2, 3, 4, 5, 6, 7, 8, 9, 10, 11, 12, 13, 14, 15, 16, 17, 18, 19, 20, 21, 22, 23, 24, 25, 26, 27, 28, 29, 30, 31, 32, 33, 34, 35, 36, 37, 38, 39, 40, 41, 42, 43, 44, 45, 46, 47, 48, 49, 50, 51, 52, 53, 54]",tetrahedral,"[[2.0754465, 2.91502614, 2.49523632]]",4,0.0,0,[7],[0],1
path_start_seed,Mg1,1,7,af202117df2c3a60,POSCAR_Mg1_base0001_tetrahedral_path0004_pimg000_seed007.vasp,,True,,[0],[0],['Mg'],"[[0.25, 0.25, 0.25]]",single,1,"[1, 1, 1]",4.0,0.2642857142857143,"[0, 1, 2, 3, 4, 5, 6, 7, 8, 9, 10, 11, 12, 13, 14, 15, 16, 17, 18, 19, 20, 21, 22, 23, 24, 25, 26, 27, 28, 29, 30, 31, 32, 33, 34, 35, 36, 37, 38, 39, 40, 41, 42, 43, 44, 45, 46, 47, 48, 49, 50, 51, 52, 53, 54]",tetrahedral,"[[2.0754465, 2.91502614, 2.49523632]]",4,0.0,0,[7],[0],1
path_start_seed,Mg1,1,8,af202117df2c3a60,POSCAR_Mg1_base0001_tetrahedral_path0004_pimg000_seed008.vasp,,True,,[0],[0],['Mg'],"[[0.25, 0.25, 0.25]]",single,1,"[1, 1, 1]",4.0,0.3,"[0, 1, 2, 3, 4, 5, 6, 7, 8, 9, 10, 11, 12, 13, 14, 15, 16, 17, 18, 19, 20, 21, 22, 23, 24, 25, 26, 27, 28, 29, 30, 31, 32, 33, 34, 35, 36, 37, 38, 39, 40, 41, 42, 43, 44, 45, 46, 47, 48, 49, 50, 51, 52, 53, 54]",tetrahedral,"[[2.0754465, 2.91502614, 2.49523632]]",4,0.0,0,[7],[0],1
path_image,Mg1,1,,af202117df2c3a60,POSCAR_Mg1_base0001_tetrahedral_path0004_pimg001.vasp,,True,,[0],[0],['Mg'],"[[0.25, 0.25, 0.25]]",single,1,"[1, 1, 1]",,,[],tetrahedral,"[[2.0754465, 2.91502614, 2.49523632]]",4,0.14285714285714285,,[7],[0],1
path_image_seed,Mg1,1,1,af202117df2c3a60,POSCAR_Mg1_base0001_tetrahedral_path0004_pimg001_seed001.vasp,,True,,[0],[0],['Mg'],"[[0.25, 0.25, 0.25]]",single,1,"[1, 1, 1]",4.0,0.05,"[0, 1, 2, 3, 4, 5, 6, 7, 8, 9, 10, 11, 12, 13, 14, 15, 16, 17, 18, 19, 20, 21, 22, 23, 24, 25, 26, 27, 28, 29, 30, 31, 32, 33, 34, 35, 36, 37, 38, 39, 40, 41, 42, 43, 44, 45, 46, 47, 48, 49, 50, 51, 52, 53, 54]",tetrahedral,"[[2.0754465, 2.91502614, 2.49523632]]",4,0.14285714285714285,1,[7],[0],1
path_image_seed,Mg1,1,2,af202117df2c3a60,POSCAR_Mg1_base0001_tetrahedral_path0004_pimg001_seed002.vasp,,True,,[0],[0],['Mg'],"[[0.25, 0.25, 0.25]]",single,1,"[1, 1, 1]",4.0,0.08571428571428572,"[0, 1, 2, 3, 4, 5, 6, 7, 8, 9, 10, 11, 12, 13, 14, 15, 16, 17, 18, 19, 20, 21, 22, 23, 24, 25, 26, 27, 28, 29, 30, 31, 32, 33, 34, 35, 36, 37, 38, 39, 40, 41, 42, 43, 44, 45, 46, 47, 48, 49, 50, 51, 52, 53, 54]",tetrahedral,"[[2.0754465, 2.91502614, 2.49523632]]",4,0.14285714285714285,1,[7],[0],1
path_image_seed,Mg1,1,3,af202117df2c3a60,POSCAR_Mg1_base0001_tetrahedral_path0004_pimg001_seed003.vasp,,True,,[0],[0],['Mg'],"[[0.25, 0.25, 0.25]]",single,1,"[1, 1, 1]",4.0,0.12142857142857143,"[0, 1, 2, 3, 4, 5, 6, 7, 8, 9, 10, 11, 12, 13, 14, 15, 16, 17, 18, 19, 20, 21, 22, 23, 24, 25, 26, 27, 28, 29, 30, 31, 32, 33, 34, 35, 36, 37, 38, 39, 40, 41, 42, 43, 44, 45, 46, 47, 48, 49, 50, 51, 52, 53, 54]",tetrahedral,"[[2.0754465, 2.91502614, 2.49523632]]",4,0.14285714285714285,1,[7],[0],1
path_image_seed,Mg1,1,4,af202117df2c3a60,POSCAR_Mg1_base0001_tetrahedral_path0004_pimg001_seed004.vasp,,True,,[0],[0],['Mg'],"[[0.25, 0.25, 0.25]]",single,1,"[1, 1, 1]",4.0,0.15714285714285714,"[0, 1, 2, 3, 4, 5, 6, 7, 8, 9, 10, 11, 12, 13, 14, 15, 16, 17, 18, 19, 20, 21, 22, 23, 24, 25, 26, 27, 28, 29, 30, 31, 32, 33, 34, 35, 36, 37, 38, 39, 40, 41, 42, 43, 44, 45, 46, 47, 48, 49, 50, 51, 52, 53, 54]",tetrahedral,"[[2.0754465, 2.91502614, 2.49523632]]",4,0.14285714285714285,1,[7],[0],1
path_image_seed,Mg1,1,5,af202117df2c3a60,POSCAR_Mg1_base0001_tetrahedral_path0004_pimg001_seed005.vasp,,True,,[0],[0],['Mg'],"[[0.25, 0.25, 0.25]]",single,1,"[1, 1, 1]",4.0,0.19285714285714284,"[0, 1, 2, 3, 4, 5, 6, 7, 8, 9, 10, 11, 12, 13, 14, 15, 16, 17, 18, 19, 20, 21, 22, 23, 24, 25, 26, 27, 28, 29, 30, 31, 32, 33, 34, 35, 36, 37, 38, 39, 40, 41, 42, 43, 44, 45, 46, 47, 48, 49, 50, 51, 52, 53, 54]",tetrahedral,"[[2.0754465, 2.91502614, 2.49523632]]",4,0.14285714285714285,1,[7],[0],1
path_image_seed,Mg1,1,6,af202117df2c3a60,POSCAR_Mg1_base0001_tetrahedral_path0004_pimg001_seed006.vasp,,True,,[0],[0],['Mg'],"[[0.25, 0.25, 0.25]]",single,1,"[1, 1, 1]",4.0,0.22857142857142854,"[0, 1, 2, 3, 4, 5, 6, 7, 8, 9, 10, 11, 12, 13, 14, 15, 16, 17, 18, 19, 20, 21, 22, 23, 24, 25, 26, 27, 28, 29, 30, 31, 32, 33, 34, 35, 36, 37, 38, 39, 40, 41, 42, 43, 44, 45, 46, 47, 48, 49, 50, 51, 52, 53, 54]",tetrahedral,"[[2.0754465, 2.91502614, 2.49523632]]",4,0.14285714285714285,1,[7],[0],1
path_image_seed,Mg1,1,7,af202117df2c3a60,POSCAR_Mg1_base0001_tetrahedral_path0004_pimg001_seed007.vasp,,True,,[0],[0],['Mg'],"[[0.25, 0.25, 0.25]]",single,1,"[1, 1, 1]",4.0,0.2642857142857143,"[0, 1, 2, 3, 4, 5, 6, 7, 8, 9, 10, 11, 12, 13, 14, 15, 16, 17, 18, 19, 20, 21, 22, 23, 24, 25, 26, 27, 28, 29, 30, 31, 32, 33, 34, 35, 36, 37, 38, 39, 40, 41, 42, 43, 44, 45, 46, 47, 48, 49, 50, 51, 52, 53, 54]",tetrahedral,"[[2.0754465, 2.91502614, 2.49523632]]",4,0.14285714285714285,1,[7],[0],1
path_image_seed,Mg1,1,8,af202117df2c3a60,POSCAR_Mg1_base0001_tetrahedral_path0004_pimg001_seed008.vasp,,True,,[0],[0],['Mg'],"[[0.25, 0.25, 0.25]]",single,1,"[1, 1, 1]",4.0,0.3,"[0, 1, 2, 3, 4, 5, 6, 7, 8, 9, 10, 11, 12, 13, 14, 15, 16, 17, 18, 19, 20, 21, 22, 23, 24, 25, 26, 27, 28, 29, 30, 31, 32, 33, 34, 35, 36, 37, 38, 39, 40, 41, 42, 43, 44, 45, 46, 47, 48, 49, 50, 51, 52, 53, 54]",tetrahedral,"[[2.0754465, 2.91502614, 2.49523632]]",4,0.14285714285714285,1,[7],[0],1
path_image,Mg1,1,,af202117df2c3a60,POSCAR_Mg1_base0001_tetrahedral_path0004_pimg002.vasp,,True,,[0],[0],['Mg'],"[[0.25, 0.25, 0.25]]",single,1,"[1, 1, 1]",,,[],tetrahedral,"[[2.0754465, 2.91502614, 2.49523632]]",4,0.2857142857142857,,[7],[0],1
path_image_seed,Mg1,1,1,af202117df2c3a60,POSCAR_Mg1_base0001_tetrahedral_path0004_pimg002_seed001.vasp,,True,,[0],[0],['Mg'],"[[0.25, 0.25, 0.25]]",single,1,"[1, 1, 1]",4.0,0.05,"[0, 1, 2, 3, 4, 5, 6, 7, 8, 9, 10, 11, 12, 13, 14, 15, 16, 17, 18, 19, 20, 21, 22, 23, 24, 25, 26, 27, 28, 29, 30, 31, 32, 33, 34, 35, 36, 37, 38, 39, 40, 41, 42, 43, 44, 45, 46, 47, 48, 49, 50, 51, 52, 53, 54]",tetrahedral,"[[2.0754465, 2.91502614, 2.49523632]]",4,0.2857142857142857,2,[7],[0],1
path_image_seed,Mg1,1,2,af202117df2c3a60,POSCAR_Mg1_base0001_tetrahedral_path0004_pimg002_seed002.vasp,,True,,[0],[0],['Mg'],"[[0.25, 0.25, 0.25]]",single,1,"[1, 1, 1]",4.0,0.08571428571428572,"[0, 1, 2, 3, 4, 5, 6, 7, 8, 9, 10, 11, 12, 13, 14, 15, 16, 17, 18, 19, 20, 21, 22, 23, 24, 25, 26, 27, 28, 29, 30, 31, 32, 33, 34, 35, 36, 37, 38, 39, 40, 41, 42, 43, 44, 45, 46, 47, 48, 49, 50, 51, 52, 53, 54]",tetrahedral,"[[2.0754465, 2.91502614, 2.49523632]]",4,0.2857142857142857,2,[7],[0],1
path_image_seed,Mg1,1,3,af202117df2c3a60,POSCAR_Mg1_base0001_tetrahedral_path0004_pimg002_seed003.vasp,,True,,[0],[0],['Mg'],"[[0.25, 0.25, 0.25]]",single,1,"[1, 1, 1]",4.0,0.12142857142857143,"[0, 1, 2, 3, 4, 5, 6, 7, 8, 9, 10, 11, 12, 13, 14, 15, 16, 17, 18, 19, 20, 21, 22, 23, 24, 25, 26, 27, 28, 29, 30, 31, 32, 33, 34, 35, 36, 37, 38, 39, 40, 41, 42, 43, 44, 45, 46, 47, 48, 49, 50, 51, 52, 53, 54]",tetrahedral,"[[2.0754465, 2.91502614, 2.49523632]]",4,0.2857142857142857,2,[7],[0],1
path_image_seed,Mg1,1,4,af202117df2c3a60,POSCAR_Mg1_base0001_tetrahedral_path0004_pimg002_seed004.vasp,,True,,[0],[0],['Mg'],"[[0.25, 0.25, 0.25]]",single,1,"[1, 1, 1]",4.0,0.15714285714285714,"[0, 1, 2, 3, 4, 5, 6, 7, 8, 9, 10, 11, 12, 13, 14, 15, 16, 17, 18, 19, 20, 21, 22, 23, 24, 25, 26, 27, 28, 29, 30, 31, 32, 33, 34, 35, 36, 37, 38, 39, 40, 41, 42, 43, 44, 45, 46, 47, 48, 49, 50, 51, 52, 53, 54]",tetrahedral,"[[2.0754465, 2.91502614, 2.49523632]]",4,0.2857142857142857,2,[7],[0],1
path_image_seed,Mg1,1,5,af202117df2c3a60,POSCAR_Mg1_base0001_tetrahedral_path0004_pimg002_seed005.vasp,,True,,[0],[0],['Mg'],"[[0.25, 0.25, 0.25]]",single,1,"[1, 1, 1]",4.0,0.19285714285714284,"[0, 1, 2, 3, 4, 5, 6, 7, 8, 9, 10, 11, 12, 13, 14, 15, 16, 17, 18, 19, 20, 21, 22, 23, 24, 25, 26, 27, 28, 29, 30, 31, 32, 33, 34, 35, 36, 37, 38, 39, 40, 41, 42, 43, 44, 45, 46, 47, 48, 49, 50, 51, 52, 53, 54]",tetrahedral,"[[2.0754465, 2.91502614, 2.49523632]]",4,0.2857142857142857,2,[7],[0],1
path_image_seed,Mg1,1,6,af202117df2c3a60,POSCAR_Mg1_base0001_tetrahedral_path0004_pimg002_seed006.vasp,,True,,[0],[0],['Mg'],"[[0.25, 0.25, 0.25]]",single,1,"[1, 1, 1]",4.0,0.22857142857142854,"[0, 1, 2, 3, 4, 5, 6, 7, 8, 9, 10, 11, 12, 13, 14, 15, 16, 17, 18, 19, 20, 21, 22, 23, 24, 25, 26, 27, 28, 29, 30, 31, 32, 33, 34, 35, 36, 37, 38, 39, 40, 41, 42, 43, 44, 45, 46, 47, 48, 49, 50, 51, 52, 53, 54]",tetrahedral,"[[2.0754465, 2.91502614, 2.49523632]]",4,0.2857142857142857,2,[7],[0],1
path_image_seed,Mg1,1,7,af202117df2c3a60,POSCAR_Mg1_base0001_tetrahedral_path0004_pimg002_seed007.vasp,,True,,[0],[0],['Mg'],"[[0.25, 0.25, 0.25]]",single,1,"[1, 1, 1]",4.0,0.2642857142857143,"[0, 1, 2, 3, 4, 5, 6, 7, 8, 9, 10, 11, 12, 13, 14, 15, 16, 17, 18, 19, 20, 21, 22, 23, 24, 25, 26, 27, 28, 29, 30, 31, 32, 33, 34, 35, 36, 37, 38, 39, 40, 41, 42, 43, 44, 45, 46, 47, 48, 49, 50, 51, 52, 53, 54]",tetrahedral,"[[2.0754465, 2.91502614, 2.49523632]]",4,0.2857142857142857,2,[7],[0],1
path_image_seed,Mg1,1,8,af202117df2c3a60,POSCAR_Mg1_base0001_tetrahedral_path0004_pimg002_seed008.vasp,,True,,[0],[0],['Mg'],"[[0.25, 0.25, 0.25]]",single,1,"[1, 1, 1]",4.0,0.3,"[0, 1, 2, 3, 4, 5, 6, 7, 8, 9, 10, 11, 12, 13, 14, 15, 16, 17, 18, 19, 20, 21, 22, 23, 24, 25, 26, 27, 28, 29, 30, 31, 32, 33, 34, 35, 36, 37, 38, 39, 40, 41, 42, 43, 44, 45, 46, 47, 48, 49, 50, 51, 52, 53, 54]",tetrahedral,"[[2.0754465, 2.91502614, 2.49523632]]",4,0.2857142857142857,2,[7],[0],1
path_image,Mg1,1,,af202117df2c3a60,POSCAR_Mg1_base0001_tetrahedral_path0004_pimg003.vasp,,True,,[0],[0],['Mg'],"[[0.25, 0.25, 0.25]]",single,1,"[1, 1, 1]",,,[],tetrahedral,"[[2.0754465, 2.91502614, 2.49523632]]",4,0.42857142857142855,,[7],[0],1
path_image_seed,Mg1,1,1,af202117df2c3a60,POSCAR_Mg1_base0001_tetrahedral_path0004_pimg003_seed001.vasp,,True,,[0],[0],['Mg'],"[[0.25, 0.25, 0.25]]",single,1,"[1, 1, 1]",4.0,0.05,"[0, 1, 2, 3, 4, 5, 6, 7, 8, 9, 10, 11, 12, 13, 14, 15, 16, 17, 18, 19, 20, 21, 22, 23, 24, 25, 26, 27, 28, 29, 30, 31, 32, 33, 34, 35, 36, 37, 38, 39, 40, 41, 42, 43, 44, 45, 46, 47, 48, 49, 50, 51, 52, 53, 54]",tetrahedral,"[[2.0754465, 2.91502614, 2.49523632]]",4,0.42857142857142855,3,[7],[0],1
path_image_seed,Mg1,1,2,af202117df2c3a60,POSCAR_Mg1_base0001_tetrahedral_path0004_pimg003_seed002.vasp,,True,,[0],[0],['Mg'],"[[0.25, 0.25, 0.25]]",single,1,"[1, 1, 1]",4.0,0.08571428571428572,"[0, 1, 2, 3, 4, 5, 6, 7, 8, 9, 10, 11, 12, 13, 14, 15, 16, 17, 18, 19, 20, 21, 22, 23, 24, 25, 26, 27, 28, 29, 30, 31, 32, 33, 34, 35, 36, 37, 38, 39, 40, 41, 42, 43, 44, 45, 46, 47, 48, 49, 50, 51, 52, 53, 54]",tetrahedral,"[[2.0754465, 2.91502614, 2.49523632]]",4,0.42857142857142855,3,[7],[0],1
path_image_seed,Mg1,1,3,af202117df2c3a60,POSCAR_Mg1_base0001_tetrahedral_path0004_pimg003_seed003.vasp,,True,,[0],[0],['Mg'],"[[0.25, 0.25, 0.25]]",single,1,"[1, 1, 1]",4.0,0.12142857142857143,"[0, 1, 2, 3, 4, 5, 6, 7, 8, 9, 10, 11, 12, 13, 14, 15, 16, 17, 18, 19, 20, 21, 22, 23, 24, 25, 26, 27, 28, 29, 30, 31, 32, 33, 34, 35, 36, 37, 38, 39, 40, 41, 42, 43, 44, 45, 46, 47, 48, 49, 50, 51, 52, 53, 54]",tetrahedral,"[[2.0754465, 2.91502614, 2.49523632]]",4,0.42857142857142855,3,[7],[0],1
path_image_seed,Mg1,1,4,af202117df2c3a60,POSCAR_Mg1_base0001_tetrahedral_path0004_pimg003_seed004.vasp,,True,,[0],[0],['Mg'],"[[0.25, 0.25, 0.25]]",single,1,"[1, 1, 1]",4.0,0.15714285714285714,"[0, 1, 2, 3, 4, 5, 6, 7, 8, 9, 10, 11, 12, 13, 14, 15, 16, 17, 18, 19, 20, 21, 22, 23, 24, 25, 26, 27, 28, 29, 30, 31, 32, 33, 34, 35, 36, 37, 38, 39, 40, 41, 42, 43, 44, 45, 46, 47, 48, 49, 50, 51, 52, 53, 54]",tetrahedral,"[[2.0754465, 2.91502614, 2.49523632]]",4,0.42857142857142855,3,[7],[0],1
path_image_seed,Mg1,1,5,af202117df2c3a60,POSCAR_Mg1_base0001_tetrahedral_path0004_pimg003_seed005.vasp,,True,,[0],[0],['Mg'],"[[0.25, 0.25, 0.25]]",single,1,"[1, 1, 1]",4.0,0.19285714285714284,"[0, 1, 2, 3, 4, 5, 6, 7, 8, 9, 10, 11, 12, 13, 14, 15, 16, 17, 18, 19, 20, 21, 22, 23, 24, 25, 26, 27, 28, 29, 30, 31, 32, 33, 34, 35, 36, 37, 38, 39, 40, 41, 42, 43, 44, 45, 46, 47, 48, 49, 50, 51, 52, 53, 54]",tetrahedral,"[[2.0754465, 2.91502614, 2.49523632]]",4,0.42857142857142855,3,[7],[0],1
path_image_seed,Mg1,1,6,af202117df2c3a60,POSCAR_Mg1_base0001_tetrahedral_path0004_pimg003_seed006.vasp,,True,,[0],[0],['Mg'],"[[0.25, 0.25, 0.25]]",single,1,"[1, 1, 1]",4.0,0.22857142857142854,"[0, 1, 2, 3, 4, 5, 6, 7, 8, 9, 10, 11, 12, 13, 14, 15, 16, 17, 18, 19, 20, 21, 22, 23, 24, 25, 26, 27, 28, 29, 30, 31, 32, 33, 34, 35, 36, 37, 38, 39, 40, 41, 42, 43, 44, 45, 46, 47, 48, 49, 50, 51, 52, 53, 54]",tetrahedral,"[[2.0754465, 2.91502614, 2.49523632]]",4,0.42857142857142855,3,[7],[0],1
path_image_seed,Mg1,1,7,af202117df2c3a60,POSCAR_Mg1_base0001_tetrahedral_path0004_pimg003_seed007.vasp,,True,,[0],[0],['Mg'],"[[0.25, 0.25, 0.25]]",single,1,"[1, 1, 1]",4.0,0.2642857142857143,"[0, 1, 2, 3, 4, 5, 6, 7, 8, 9, 10, 11, 12, 13, 14, 15, 16, 17, 18, 19, 20, 21, 22, 23, 24, 25, 26, 27, 28, 29, 30, 31, 32, 33, 34, 35, 36, 37, 38, 39, 40, 41, 42, 43, 44, 45, 46, 47, 48, 49, 50, 51, 52, 53, 54]",tetrahedral,"[[2.0754465, 2.91502614, 2.49523632]]",4,0.42857142857142855,3,[7],[0],1
path_image_seed,Mg1,1,8,af202117df2c3a60,POSCAR_Mg1_base0001_tetrahedral_path0004_pimg003_seed008.vasp,,True,,[0],[0],['Mg'],"[[0.25, 0.25, 0.25]]",single,1,"[1, 1, 1]",4.0,0.3,"[0, 1, 2, 3, 4, 5, 6, 7, 8, 9, 10, 11, 12, 13, 14, 15, 16, 17, 18, 19, 20, 21, 22, 23, 24, 25, 26, 27, 28, 29, 30, 31, 32, 33, 34, 35, 36, 37, 38, 39, 40, 41, 42, 43, 44, 45, 46, 47, 48, 49, 50, 51, 52, 53, 54]",tetrahedral,"[[2.0754465, 2.91502614, 2.49523632]]",4,0.42857142857142855,3,[7],[0],1
path_image,Mg1,1,,af202117df2c3a60,POSCAR_Mg1_base0001_tetrahedral_path0004_pimg004.vasp,,True,,[0],[0],['Mg'],"[[0.25, 0.25, 0.25]]",single,1,"[1, 1, 1]",,,[],tetrahedral,"[[2.0754465, 2.91502614, 2.49523632]]",4,0.5714285714285714,,[7],[0],1
path_image_seed,Mg1,1,1,af202117df2c3a60,POSCAR_Mg1_base0001_tetrahedral_path0004_pimg004_seed001.vasp,,True,,[0],[0],['Mg'],"[[0.25, 0.25, 0.25]]",single,1,"[1, 1, 1]",4.0,0.05,"[0, 1, 2, 3, 4, 5, 6, 7, 8, 9, 10, 11, 12, 13, 14, 15, 16, 17, 18, 19, 20, 21, 22, 23, 24, 25, 26, 27, 28, 29, 30, 31, 32, 33, 34, 35, 36, 37, 38, 39, 40, 41, 42, 43, 44, 45, 46, 47, 48, 49, 50, 51, 52, 53, 54]",tetrahedral,"[[2.0754465, 2.91502614, 2.49523632]]",4,0.5714285714285714,4,[7],[0],1
path_image_seed,Mg1,1,2,af202117df2c3a60,POSCAR_Mg1_base0001_tetrahedral_path0004_pimg004_seed002.vasp,,True,,[0],[0],['Mg'],"[[0.25, 0.25, 0.25]]",single,1,"[1, 1, 1]",4.0,0.08571428571428572,"[0, 1, 2, 3, 4, 5, 6, 7, 8, 9, 10, 11, 12, 13, 14, 15, 16, 17, 18, 19, 20, 21, 22, 23, 24, 25, 26, 27, 28, 29, 30, 31, 32, 33, 34, 35, 36, 37, 38, 39, 40, 41, 42, 43, 44, 45, 46, 47, 48, 49, 50, 51, 52, 53, 54]",tetrahedral,"[[2.0754465, 2.91502614, 2.49523632]]",4,0.5714285714285714,4,[7],[0],1
path_image_seed,Mg1,1,3,af202117df2c3a60,POSCAR_Mg1_base0001_tetrahedral_path0004_pimg004_seed003.vasp,,True,,[0],[0],['Mg'],"[[0.25, 0.25, 0.25]]",single,1,"[1, 1, 1]",4.0,0.12142857142857143,"[0, 1, 2, 3, 4, 5, 6, 7, 8, 9, 10, 11, 12, 13, 14, 15, 16, 17, 18, 19, 20, 21, 22, 23, 24, 25, 26, 27, 28, 29, 30, 31, 32, 33, 34, 35, 36, 37, 38, 39, 40, 41, 42, 43, 44, 45, 46, 47, 48, 49, 50, 51, 52, 53, 54]",tetrahedral,"[[2.0754465, 2.91502614, 2.49523632]]",4,0.5714285714285714,4,[7],[0],1
path_image_seed,Mg1,1,4,af202117df2c3a60,POSCAR_Mg1_base0001_tetrahedral_path0004_pimg004_seed004.vasp,,True,,[0],[0],['Mg'],"[[0.25, 0.25, 0.25]]",single,1,"[1, 1, 1]",4.0,0.15714285714285714,"[0, 1, 2, 3, 4, 5, 6, 7, 8, 9, 10, 11, 12, 13, 14, 15, 16, 17, 18, 19, 20, 21, 22, 23, 24, 25, 26, 27, 28, 29, 30, 31, 32, 33, 34, 35, 36, 37, 38, 39, 40, 41, 42, 43, 44, 45, 46, 47, 48, 49, 50, 51, 52, 53, 54]",tetrahedral,"[[2.0754465, 2.91502614, 2.49523632]]",4,0.5714285714285714,4,[7],[0],1
path_image_seed,Mg1,1,5,af202117df2c3a60,POSCAR_Mg1_base0001_tetrahedral_path0004_pimg004_seed005.vasp,,True,,[0],[0],['Mg'],"[[0.25, 0.25, 0.25]]",single,1,"[1, 1, 1]",4.0,0.19285714285714284,"[0, 1, 2, 3, 4, 5, 6, 7, 8, 9, 10, 11, 12, 13, 14, 15, 16, 17, 18, 19, 20, 21, 22, 23, 24, 25, 26, 27, 28, 29, 30, 31, 32, 33, 34, 35, 36, 37, 38, 39, 40, 41, 42, 43, 44, 45, 46, 47, 48, 49, 50, 51, 52, 53, 54]",tetrahedral,"[[2.0754465, 2.91502614, 2.49523632]]",4,0.5714285714285714,4,[7],[0],1
path_image_seed,Mg1,1,6,af202117df2c3a60,POSCAR_Mg1_base0001_tetrahedral_path0004_pimg004_seed006.vasp,,True,,[0],[0],['Mg'],"[[0.25, 0.25, 0.25]]",single,1,"[1, 1, 1]",4.0,0.22857142857142854,"[0, 1, 2, 3, 4, 5, 6, 7, 8, 9, 10, 11, 12, 13, 14, 15, 16, 17, 18, 19, 20, 21, 22, 23, 24, 25, 26, 27, 28, 29, 30, 31, 32, 33, 34, 35, 36, 37, 38, 39, 40, 41, 42, 43, 44, 45, 46, 47, 48, 49, 50, 51, 52, 53, 54]",tetrahedral,"[[2.0754465, 2.91502614, 2.49523632]]",4,0.5714285714285714,4,[7],[0],1
path_image_seed,Mg1,1,7,af202117df2c3a60,POSCAR_Mg1_base0001_tetrahedral_path0004_pimg004_seed007.vasp,,True,,[0],[0],['Mg'],"[[0.25, 0.25, 0.25]]",single,1,"[1, 1, 1]",4.0,0.2642857142857143,"[0, 1, 2, 3, 4, 5, 6, 7, 8, 9, 10, 11, 12, 13, 14, 15, 16, 17, 18, 19, 20, 21, 22, 23, 24, 25, 26, 27, 28, 29, 30, 31, 32, 33, 34, 35, 36, 37, 38, 39, 40, 41, 42, 43, 44, 45, 46, 47, 48, 49, 50, 51, 52, 53, 54]",tetrahedral,"[[2.0754465, 2.91502614, 2.49523632]]",4,0.5714285714285714,4,[7],[0],1
path_image_seed,Mg1,1,8,af202117df2c3a60,POSCAR_Mg1_base0001_tetrahedral_path0004_pimg004_seed008.vasp,,True,,[0],[0],['Mg'],"[[0.25, 0.25, 0.25]]",single,1,"[1, 1, 1]",4.0,0.3,"[0, 1, 2, 3, 4, 5, 6, 7, 8, 9, 10, 11, 12, 13, 14, 15, 16, 17, 18, 19, 20, 21, 22, 23, 24, 25, 26, 27, 28, 29, 30, 31, 32, 33, 34, 35, 36, 37, 38, 39, 40, 41, 42, 43, 44, 45, 46, 47, 48, 49, 50, 51, 52, 53, 54]",tetrahedral,"[[2.0754465, 2.91502614, 2.49523632]]",4,0.5714285714285714,4,[7],[0],1
path_image,Mg1,1,,af202117df2c3a60,POSCAR_Mg1_base0001_tetrahedral_path0004_pimg005.vasp,,True,,[0],[0],['Mg'],"[[0.25, 0.25, 0.25]]",single,1,"[1, 1, 1]",,,[],tetrahedral,"[[2.0754465, 2.91502614, 2.49523632]]",4,0.7142857142857142,,[7],[0],1
path_image_seed,Mg1,1,1,af202117df2c3a60,POSCAR_Mg1_base0001_tetrahedral_path0004_pimg005_seed001.vasp,,True,,[0],[0],['Mg'],"[[0.25, 0.25, 0.25]]",single,1,"[1, 1, 1]",4.0,0.05,"[0, 1, 2, 3, 4, 5, 6, 7, 8, 9, 10, 11, 12, 13, 14, 15, 16, 17, 18, 19, 20, 21, 22, 23, 24, 25, 26, 27, 28, 29, 30, 31, 32, 33, 34, 35, 36, 37, 38, 39, 40, 41, 42, 43, 44, 45, 46, 47, 48, 49, 50, 51, 52, 53, 54]",tetrahedral,"[[2.0754465, 2.91502614, 2.49523632]]",4,0.7142857142857142,5,[7],[0],1
path_image_seed,Mg1,1,2,af202117df2c3a60,POSCAR_Mg1_base0001_tetrahedral_path0004_pimg005_seed002.vasp,,True,,[0],[0],['Mg'],"[[0.25, 0.25, 0.25]]",single,1,"[1, 1, 1]",4.0,0.08571428571428572,"[0, 1, 2, 3, 4, 5, 6, 7, 8, 9, 10, 11, 12, 13, 14, 15, 16, 17, 18, 19, 20, 21, 22, 23, 24, 25, 26, 27, 28, 29, 30, 31, 32, 33, 34, 35, 36, 37, 38, 39, 40, 41, 42, 43, 44, 45, 46, 47, 48, 49, 50, 51, 52, 53, 54]",tetrahedral,"[[2.0754465, 2.91502614, 2.49523632]]",4,0.7142857142857142,5,[7],[0],1
path_image_seed,Mg1,1,3,af202117df2c3a60,POSCAR_Mg1_base0001_tetrahedral_path0004_pimg005_seed003.vasp,,True,,[0],[0],['Mg'],"[[0.25, 0.25, 0.25]]",single,1,"[1, 1, 1]",4.0,0.12142857142857143,"[0, 1, 2, 3, 4, 5, 6, 7, 8, 9, 10, 11, 12, 13, 14, 15, 16, 17, 18, 19, 20, 21, 22, 23, 24, 25, 26, 27, 28, 29, 30, 31, 32, 33, 34, 35, 36, 37, 38, 39, 40, 41, 42, 43, 44, 45, 46, 47, 48, 49, 50, 51, 52, 53, 54]",tetrahedral,"[[2.0754465, 2.91502614, 2.49523632]]",4,0.7142857142857142,5,[7],[0],1
path_image_seed,Mg1,1,4,af202117df2c3a60,POSCAR_Mg1_base0001_tetrahedral_path0004_pimg005_seed004.vasp,,True,,[0],[0],['Mg'],"[[0.25, 0.25, 0.25]]",single,1,"[1, 1, 1]",4.0,0.15714285714285714,"[0, 1, 2, 3, 4, 5, 6, 7, 8, 9, 10, 11, 12, 13, 14, 15, 16, 17, 18, 19, 20, 21, 22, 23, 24, 25, 26, 27, 28, 29, 30, 31, 32, 33, 34, 35, 36, 37, 38, 39, 40, 41, 42, 43, 44, 45, 46, 47, 48, 49, 50, 51, 52, 53, 54]",tetrahedral,"[[2.0754465, 2.91502614, 2.49523632]]",4,0.7142857142857142,5,[7],[0],1
path_image_seed,Mg1,1,5,af202117df2c3a60,POSCAR_Mg1_base0001_tetrahedral_path0004_pimg005_seed005.vasp,,True,,[0],[0],['Mg'],"[[0.25, 0.25, 0.25]]",single,1,"[1, 1, 1]",4.0,0.19285714285714284,"[0, 1, 2, 3, 4, 5, 6, 7, 8, 9, 10, 11, 12, 13, 14, 15, 16, 17, 18, 19, 20, 21, 22, 23, 24, 25, 26, 27, 28, 29, 30, 31, 32, 33, 34, 35, 36, 37, 38, 39, 40, 41, 42, 43, 44, 45, 46, 47, 48, 49, 50, 51, 52, 53, 54]",tetrahedral,"[[2.0754465, 2.91502614, 2.49523632]]",4,0.7142857142857142,5,[7],[0],1
path_image_seed,Mg1,1,6,af202117df2c3a60,POSCAR_Mg1_base0001_tetrahedral_path0004_pimg005_seed006.vasp,,True,,[0],[0],['Mg'],"[[0.25, 0.25, 0.25]]",single,1,"[1, 1, 1]",4.0,0.22857142857142854,"[0, 1, 2, 3, 4, 5, 6, 7, 8, 9, 10, 11, 12, 13, 14, 15, 16, 17, 18, 19, 20, 21, 22, 23, 24, 25, 26, 27, 28, 29, 30, 31, 32, 33, 34, 35, 36, 37, 38, 39, 40, 41, 42, 43, 44, 45, 46, 47, 48, 49, 50, 51, 52, 53, 54]",tetrahedral,"[[2.0754465, 2.91502614, 2.49523632]]",4,0.7142857142857142,5,[7],[0],1
path_image_seed,Mg1,1,7,af202117df2c3a60,POSCAR_Mg1_base0001_tetrahedral_path0004_pimg005_seed007.vasp,,True,,[0],[0],['Mg'],"[[0.25, 0.25, 0.25]]",single,1,"[1, 1, 1]",4.0,0.2642857142857143,"[0, 1, 2, 3, 4, 5, 6, 7, 8, 9, 10, 11, 12, 13, 14, 15, 16, 17, 18, 19, 20, 21, 22, 23, 24, 25, 26, 27, 28, 29, 30, 31, 32, 33, 34, 35, 36, 37, 38, 39, 40, 41, 42, 43, 44, 45, 46, 47, 48, 49, 50, 51, 52, 53, 54]",tetrahedral,"[[2.0754465, 2.91502614, 2.49523632]]",4,0.7142857142857142,5,[7],[0],1
path_image_seed,Mg1,1,8,af202117df2c3a60,POSCAR_Mg1_base0001_tetrahedral_path0004_pimg005_seed008.vasp,,True,,[0],[0],['Mg'],"[[0.25, 0.25, 0.25]]",single,1,"[1, 1, 1]",4.0,0.3,"[0, 1, 2, 3, 4, 5, 6, 7, 8, 9, 10, 11, 12, 13, 14, 15, 16, 17, 18, 19, 20, 21, 22, 23, 24, 25, 26, 27, 28, 29, 30, 31, 32, 33, 34, 35, 36, 37, 38, 39, 40, 41, 42, 43, 44, 45, 46, 47, 48, 49, 50, 51, 52, 53, 54]",tetrahedral,"[[2.0754465, 2.91502614, 2.49523632]]",4,0.7142857142857142,5,[7],[0],1
path_image,Mg1,1,,af202117df2c3a60,POSCAR_Mg1_base0001_tetrahedral_path0004_pimg006.vasp,,True,,[0],[0],['Mg'],"[[0.25, 0.25, 0.25]]",single,1,"[1, 1, 1]",,,[],tetrahedral,"[[2.0754465, 2.91502614, 2.49523632]]",4,0.8571428571428571,,[7],[0],1
path_image_seed,Mg1,1,1,af202117df2c3a60,POSCAR_Mg1_base0001_tetrahedral_path0004_pimg006_seed001.vasp,,True,,[0],[0],['Mg'],"[[0.25, 0.25, 0.25]]",single,1,"[1, 1, 1]",4.0,0.05,"[0, 1, 2, 3, 4, 5, 6, 7, 8, 9, 10, 11, 12, 13, 14, 15, 16, 17, 18, 19, 20, 21, 22, 23, 24, 25, 26, 27, 28, 29, 30, 31, 32, 33, 34, 35, 36, 37, 38, 39, 40, 41, 42, 43, 44, 45, 46, 47, 48, 49, 50, 51, 52, 53, 54]",tetrahedral,"[[2.0754465, 2.91502614, 2.49523632]]",4,0.8571428571428571,6,[7],[0],1
path_image_seed,Mg1,1,2,af202117df2c3a60,POSCAR_Mg1_base0001_tetrahedral_path0004_pimg006_seed002.vasp,,True,,[0],[0],['Mg'],"[[0.25, 0.25, 0.25]]",single,1,"[1, 1, 1]",4.0,0.08571428571428572,"[0, 1, 2, 3, 4, 5, 6, 7, 8, 9, 10, 11, 12, 13, 14, 15, 16, 17, 18, 19, 20, 21, 22, 23, 24, 25, 26, 27, 28, 29, 30, 31, 32, 33, 34, 35, 36, 37, 38, 39, 40, 41, 42, 43, 44, 45, 46, 47, 48, 49, 50, 51, 52, 53, 54]",tetrahedral,"[[2.0754465, 2.91502614, 2.49523632]]",4,0.8571428571428571,6,[7],[0],1
path_image_seed,Mg1,1,3,af202117df2c3a60,POSCAR_Mg1_base0001_tetrahedral_path0004_pimg006_seed003.vasp,,True,,[0],[0],['Mg'],"[[0.25, 0.25, 0.25]]",single,1,"[1, 1, 1]",4.0,0.12142857142857143,"[0, 1, 2, 3, 4, 5, 6, 7, 8, 9, 10, 11, 12, 13, 14, 15, 16, 17, 18, 19, 20, 21, 22, 23, 24, 25, 26, 27, 28, 29, 30, 31, 32, 33, 34, 35, 36, 37, 38, 39, 40, 41, 42, 43, 44, 45, 46, 47, 48, 49, 50, 51, 52, 53, 54]",tetrahedral,"[[2.0754465, 2.91502614, 2.49523632]]",4,0.8571428571428571,6,[7],[0],1
path_image_seed,Mg1,1,4,af202117df2c3a60,POSCAR_Mg1_base0001_tetrahedral_path0004_pimg006_seed004.vasp,,True,,[0],[0],['Mg'],"[[0.25, 0.25, 0.25]]",single,1,"[1, 1, 1]",4.0,0.15714285714285714,"[0, 1, 2, 3, 4, 5, 6, 7, 8, 9, 10, 11, 12, 13, 14, 15, 16, 17, 18, 19, 20, 21, 22, 23, 24, 25, 26, 27, 28, 29, 30, 31, 32, 33, 34, 35, 36, 37, 38, 39, 40, 41, 42, 43, 44, 45, 46, 47, 48, 49, 50, 51, 52, 53, 54]",tetrahedral,"[[2.0754465, 2.91502614, 2.49523632]]",4,0.8571428571428571,6,[7],[0],1
path_image_seed,Mg1,1,5,af202117df2c3a60,POSCAR_Mg1_base0001_tetrahedral_path0004_pimg006_seed005.vasp,,True,,[0],[0],['Mg'],"[[0.25, 0.25, 0.25]]",single,1,"[1, 1, 1]",4.0,0.19285714285714284,"[0, 1, 2, 3, 4, 5, 6, 7, 8, 9, 10, 11, 12, 13, 14, 15, 16, 17, 18, 19, 20, 21, 22, 23, 24, 25, 26, 27, 28, 29, 30, 31, 32, 33, 34, 35, 36, 37, 38, 39, 40, 41, 42, 43, 44, 45, 46, 47, 48, 49, 50, 51, 52, 53, 54]",tetrahedral,"[[2.0754465, 2.91502614, 2.49523632]]",4,0.8571428571428571,6,[7],[0],1
path_image_seed,Mg1,1,6,af202117df2c3a60,POSCAR_Mg1_base0001_tetrahedral_path0004_pimg006_seed006.vasp,,True,,[0],[0],['Mg'],"[[0.25, 0.25, 0.25]]",single,1,"[1, 1, 1]",4.0,0.22857142857142854,"[0, 1, 2, 3, 4, 5, 6, 7, 8, 9, 10, 11, 12, 13, 14, 15, 16, 17, 18, 19, 20, 21, 22, 23, 24, 25, 26, 27, 28, 29, 30, 31, 32, 33, 34, 35, 36, 37, 38, 39, 40, 41, 42, 43, 44, 45, 46, 47, 48, 49, 50, 51, 52, 53, 54]",tetrahedral,"[[2.0754465, 2.91502614, 2.49523632]]",4,0.8571428571428571,6,[7],[0],1
path_image_seed,Mg1,1,7,af202117df2c3a60,POSCAR_Mg1_base0001_tetrahedral_path0004_pimg006_seed007.vasp,,True,,[0],[0],['Mg'],"[[0.25, 0.25, 0.25]]",single,1,"[1, 1, 1]",4.0,0.2642857142857143,"[0, 1, 2, 3, 4, 5, 6, 7, 8, 9, 10, 11, 12, 13, 14, 15, 16, 17, 18, 19, 20, 21, 22, 23, 24, 25, 26, 27, 28, 29, 30, 31, 32, 33, 34, 35, 36, 37, 38, 39, 40, 41, 42, 43, 44, 45, 46, 47, 48, 49, 50, 51, 52, 53, 54]",tetrahedral,"[[2.0754465, 2.91502614, 2.49523632]]",4,0.8571428571428571,6,[7],[0],1
path_image_seed,Mg1,1,8,af202117df2c3a60,POSCAR_Mg1_base0001_tetrahedral_path0004_pimg006_seed008.vasp,,True,,[0],[0],['Mg'],"[[0.25, 0.25, 0.25]]",single,1,"[1, 1, 1]",4.0,0.3,"[0, 1, 2, 3, 4, 5, 6, 7, 8, 9, 10, 11, 12, 13, 14, 15, 16, 17, 18, 19, 20, 21, 22, 23, 24, 25, 26, 27, 28, 29, 30, 31, 32, 33, 34, 35, 36, 37, 38, 39, 40, 41, 42, 43, 44, 45, 46, 47, 48, 49, 50, 51, 52, 53, 54]",tetrahedral,"[[2.0754465, 2.91502614, 2.49523632]]",4,0.8571428571428571,6,[7],[0],1
path_end,Mg1,1,,af202117df2c3a60,POSCAR_Mg1_base0001_tetrahedral_path0004_pimg007.vasp,,True,,[0],[0],['Mg'],"[[0.25, 0.25, 0.25]]",single,1,"[1, 1, 1]",,,[],tetrahedral,"[[2.0754465, 2.91502614, 2.49523632]]",4,1.0,,[7],[0],1
path_end_seed,Mg1,1,1,af202117df2c3a60,POSCAR_Mg1_base0001_tetrahedral_path0004_pimg007_seed001.vasp,,True,,[0],[0],['Mg'],"[[0.25, 0.25, 0.25]]",single,1,"[1, 1, 1]",4.0,0.05,"[0, 1, 2, 3, 4, 5, 6, 7, 8, 9, 10, 11, 12, 13, 14, 15, 16, 17, 18, 19, 20, 21, 22, 23, 24, 25, 26, 27, 28, 29, 30, 31, 32, 33, 34, 35, 36, 37, 38, 39, 40, 41, 42, 43, 44, 45, 46, 47, 48, 49, 50, 51, 52, 53, 54]",tetrahedral,"[[2.0754465, 2.91502614, 2.49523632]]",4,1.0,7,[7],[0],1
path_end_seed,Mg1,1,2,af202117df2c3a60,POSCAR_Mg1_base0001_tetrahedral_path0004_pimg007_seed002.vasp,,True,,[0],[0],['Mg'],"[[0.25, 0.25, 0.25]]",single,1,"[1, 1, 1]",4.0,0.08571428571428572,"[0, 1, 2, 3, 4, 5, 6, 7, 8, 9, 10, 11, 12, 13, 14, 15, 16, 17, 18, 19, 20, 21, 22, 23, 24, 25, 26, 27, 28, 29, 30, 31, 32, 33, 34, 35, 36, 37, 38, 39, 40, 41, 42, 43, 44, 45, 46, 47, 48, 49, 50, 51, 52, 53, 54]",tetrahedral,"[[2.0754465, 2.91502614, 2.49523632]]",4,1.0,7,[7],[0],1
path_end_seed,Mg1,1,3,af202117df2c3a60,POSCAR_Mg1_base0001_tetrahedral_path0004_pimg007_seed003.vasp,,True,,[0],[0],['Mg'],"[[0.25, 0.25, 0.25]]",single,1,"[1, 1, 1]",4.0,0.12142857142857143,"[0, 1, 2, 3, 4, 5, 6, 7, 8, 9, 10, 11, 12, 13, 14, 15, 16, 17, 18, 19, 20, 21, 22, 23, 24, 25, 26, 27, 28, 29, 30, 31, 32, 33, 34, 35, 36, 37, 38, 39, 40, 41, 42, 43, 44, 45, 46, 47, 48, 49, 50, 51, 52, 53, 54]",tetrahedral,"[[2.0754465, 2.91502614, 2.49523632]]",4,1.0,7,[7],[0],1
path_end_seed,Mg1,1,4,af202117df2c3a60,POSCAR_Mg1_base0001_tetrahedral_path0004_pimg007_seed004.vasp,,True,,[0],[0],['Mg'],"[[0.25, 0.25, 0.25]]",single,1,"[1, 1, 1]",4.0,0.15714285714285714,"[0, 1, 2, 3, 4, 5, 6, 7, 8, 9, 10, 11, 12, 13, 14, 15, 16, 17, 18, 19, 20, 21, 22, 23, 24, 25, 26, 27, 28, 29, 30, 31, 32, 33, 34, 35, 36, 37, 38, 39, 40, 41, 42, 43, 44, 45, 46, 47, 48, 49, 50, 51, 52, 53, 54]",tetrahedral,"[[2.0754465, 2.91502614, 2.49523632]]",4,1.0,7,[7],[0],1
path_end_seed,Mg1,1,5,af202117df2c3a60,POSCAR_Mg1_base0001_tetrahedral_path0004_pimg007_seed005.vasp,,True,,[0],[0],['Mg'],"[[0.25, 0.25, 0.25]]",single,1,"[1, 1, 1]",4.0,0.19285714285714284,"[0, 1, 2, 3, 4, 5, 6, 7, 8, 9, 10, 11, 12, 13, 14, 15, 16, 17, 18, 19, 20, 21, 22, 23, 24, 25, 26, 27, 28, 29, 30, 31, 32, 33, 34, 35, 36, 37, 38, 39, 40, 41, 42, 43, 44, 45, 46, 47, 48, 49, 50, 51, 52, 53, 54]",tetrahedral,"[[2.0754465, 2.91502614, 2.49523632]]",4,1.0,7,[7],[0],1
path_end_seed,Mg1,1,6,af202117df2c3a60,POSCAR_Mg1_base0001_tetrahedral_path0004_pimg007_seed006.vasp,,True,,[0],[0],['Mg'],"[[0.25, 0.25, 0.25]]",single,1,"[1, 1, 1]",4.0,0.22857142857142854,"[0, 1, 2, 3, 4, 5, 6, 7, 8, 9, 10, 11, 12, 13, 14, 15, 16, 17, 18, 19, 20, 21, 22, 23, 24, 25, 26, 27, 28, 29, 30, 31, 32, 33, 34, 35, 36, 37, 38, 39, 40, 41, 42, 43, 44, 45, 46, 47, 48, 49, 50, 51, 52, 53, 54]",tetrahedral,"[[2.0754465, 2.91502614, 2.49523632]]",4,1.0,7,[7],[0],1
path_end_seed,Mg1,1,7,af202117df2c3a60,POSCAR_Mg1_base0001_tetrahedral_path0004_pimg007_seed007.vasp,,True,,[0],[0],['Mg'],"[[0.25, 0.25, 0.25]]",single,1,"[1, 1, 1]",4.0,0.2642857142857143,"[0, 1, 2, 3, 4, 5, 6, 7, 8, 9, 10, 11, 12, 13, 14, 15, 16, 17, 18, 19, 20, 21, 22, 23, 24, 25, 26, 27, 28, 29, 30, 31, 32, 33, 34, 35, 36, 37, 38, 39, 40, 41, 42, 43, 44, 45, 46, 47, 48, 49, 50, 51, 52, 53, 54]",tetrahedral,"[[2.0754465, 2.91502614, 2.49523632]]",4,1.0,7,[7],[0],1
path_end_seed,Mg1,1,8,af202117df2c3a60,POSCAR_Mg1_base0001_tetrahedral_path0004_pimg007_seed008.vasp,,True,,[0],[0],['Mg'],"[[0.25, 0.25, 0.25]]",single,1,"[1, 1, 1]",4.0,0.3,"[0, 1, 2, 3, 4, 5, 6, 7, 8, 9, 10, 11, 12, 13, 14, 15, 16, 17, 18, 19, 20, 21, 22, 23, 24, 25, 26, 27, 28, 29, 30, 31, 32, 33, 34, 35, 36, 37, 38, 39, 40, 41, 42, 43, 44, 45, 46, 47, 48, 49, 50, 51, 52, 53, 54]",tetrahedral,"[[2.0754465, 2.91502614, 2.49523632]]",4,1.0,7,[7],[0],1
path_start,Mg1,1,,af202117df2c3a60,POSCAR_Mg1_base0001_tetrahedral_path0005_pimg000.vasp,,True,,[0],[0],['Mg'],"[[0.25, 0.25, 0.25]]",single,1,"[1, 1, 1]",,,[],tetrahedral,"[[2.0754465, 2.91502614, 2.49523632]]",5,0.0,,[2],[0],1
path_start_seed,Mg1,1,1,af202117df2c3a60,POSCAR_Mg1_base0001_tetrahedral_path0005_pimg000_seed001.vasp,,True,,[0],[0],['Mg'],"[[0.25, 0.25, 0.25]]",single,1,"[1, 1, 1]",4.0,0.05,"[0, 1, 2, 3, 4, 5, 6, 7, 8, 9, 10, 11, 12, 13, 14, 15, 16, 17, 18, 19, 20, 21, 22, 23, 24, 25, 26, 27, 28, 29, 30, 31, 32, 33, 34, 35, 36, 37, 38, 39, 40, 41, 42, 43, 44, 45, 46, 47, 48, 49, 50, 51, 52, 53, 54]",tetrahedral,"[[2.0754465, 2.91502614, 2.49523632]]",5,0.0,0,[2],[0],1
path_start_seed,Mg1,1,2,af202117df2c3a60,POSCAR_Mg1_base0001_tetrahedral_path0005_pimg000_seed002.vasp,,True,,[0],[0],['Mg'],"[[0.25, 0.25, 0.25]]",single,1,"[1, 1, 1]",4.0,0.08571428571428572,"[0, 1, 2, 3, 4, 5, 6, 7, 8, 9, 10, 11, 12, 13, 14, 15, 16, 17, 18, 19, 20, 21, 22, 23, 24, 25, 26, 27, 28, 29, 30, 31, 32, 33, 34, 35, 36, 37, 38, 39, 40, 41, 42, 43, 44, 45, 46, 47, 48, 49, 50, 51, 52, 53, 54]",tetrahedral,"[[2.0754465, 2.91502614, 2.49523632]]",5,0.0,0,[2],[0],1
path_start_seed,Mg1,1,3,af202117df2c3a60,POSCAR_Mg1_base0001_tetrahedral_path0005_pimg000_seed003.vasp,,True,,[0],[0],['Mg'],"[[0.25, 0.25, 0.25]]",single,1,"[1, 1, 1]",4.0,0.12142857142857143,"[0, 1, 2, 3, 4, 5, 6, 7, 8, 9, 10, 11, 12, 13, 14, 15, 16, 17, 18, 19, 20, 21, 22, 23, 24, 25, 26, 27, 28, 29, 30, 31, 32, 33, 34, 35, 36, 37, 38, 39, 40, 41, 42, 43, 44, 45, 46, 47, 48, 49, 50, 51, 52, 53, 54]",tetrahedral,"[[2.0754465, 2.91502614, 2.49523632]]",5,0.0,0,[2],[0],1
path_start_seed,Mg1,1,4,af202117df2c3a60,POSCAR_Mg1_base0001_tetrahedral_path0005_pimg000_seed004.vasp,,True,,[0],[0],['Mg'],"[[0.25, 0.25, 0.25]]",single,1,"[1, 1, 1]",4.0,0.15714285714285714,"[0, 1, 2, 3, 4, 5, 6, 7, 8, 9, 10, 11, 12, 13, 14, 15, 16, 17, 18, 19, 20, 21, 22, 23, 24, 25, 26, 27, 28, 29, 30, 31, 32, 33, 34, 35, 36, 37, 38, 39, 40, 41, 42, 43, 44, 45, 46, 47, 48, 49, 50, 51, 52, 53, 54]",tetrahedral,"[[2.0754465, 2.91502614, 2.49523632]]",5,0.0,0,[2],[0],1
path_start_seed,Mg1,1,5,af202117df2c3a60,POSCAR_Mg1_base0001_tetrahedral_path0005_pimg000_seed005.vasp,,True,,[0],[0],['Mg'],"[[0.25, 0.25, 0.25]]",single,1,"[1, 1, 1]",4.0,0.19285714285714284,"[0, 1, 2, 3, 4, 5, 6, 7, 8, 9, 10, 11, 12, 13, 14, 15, 16, 17, 18, 19, 20, 21, 22, 23, 24, 25, 26, 27, 28, 29, 30, 31, 32, 33, 34, 35, 36, 37, 38, 39, 40, 41, 42, 43, 44, 45, 46, 47, 48, 49, 50, 51, 52, 53, 54]",tetrahedral,"[[2.0754465, 2.91502614, 2.49523632]]",5,0.0,0,[2],[0],1
path_start_seed,Mg1,1,6,af202117df2c3a60,POSCAR_Mg1_base0001_tetrahedral_path0005_pimg000_seed006.vasp,,True,,[0],[0],['Mg'],"[[0.25, 0.25, 0.25]]",single,1,"[1, 1, 1]",4.0,0.22857142857142854,"[0, 1, 2, 3, 4, 5, 6, 7, 8, 9, 10, 11, 12, 13, 14, 15, 16, 17, 18, 19, 20, 21, 22, 23, 24, 25, 26, 27, 28, 29, 30, 31, 32, 33, 34, 35, 36, 37, 38, 39, 40, 41, 42, 43, 44, 45, 46, 47, 48, 49, 50, 51, 52, 53, 54]",tetrahedral,"[[2.0754465, 2.91502614, 2.49523632]]",5,0.0,0,[2],[0],1
path_start_seed,Mg1,1,7,af202117df2c3a60,POSCAR_Mg1_base0001_tetrahedral_path0005_pimg000_seed007.vasp,,True,,[0],[0],['Mg'],"[[0.25, 0.25, 0.25]]",single,1,"[1, 1, 1]",4.0,0.2642857142857143,"[0, 1, 2, 3, 4, 5, 6, 7, 8, 9, 10, 11, 12, 13, 14, 15, 16, 17, 18, 19, 20, 21, 22, 23, 24, 25, 26, 27, 28, 29, 30, 31, 32, 33, 34, 35, 36, 37, 38, 39, 40, 41, 42, 43, 44, 45, 46, 47, 48, 49, 50, 51, 52, 53, 54]",tetrahedral,"[[2.0754465, 2.91502614, 2.49523632]]",5,0.0,0,[2],[0],1
path_start_seed,Mg1,1,8,af202117df2c3a60,POSCAR_Mg1_base0001_tetrahedral_path0005_pimg000_seed008.vasp,,True,,[0],[0],['Mg'],"[[0.25, 0.25, 0.25]]",single,1,"[1, 1, 1]",4.0,0.3,"[0, 1, 2, 3, 4, 5, 6, 7, 8, 9, 10, 11, 12, 13, 14, 15, 16, 17, 18, 19, 20, 21, 22, 23, 24, 25, 26, 27, 28, 29, 30, 31, 32, 33, 34, 35, 36, 37, 38, 39, 40, 41, 42, 43, 44, 45, 46, 47, 48, 49, 50, 51, 52, 53, 54]",tetrahedral,"[[2.0754465, 2.91502614, 2.49523632]]",5,0.0,0,[2],[0],1
path_image,Mg1,1,,af202117df2c3a60,POSCAR_Mg1_base0001_tetrahedral_path0005_pimg001.vasp,,True,,[0],[0],['Mg'],"[[0.25, 0.25, 0.25]]",single,1,"[1, 1, 1]",,,[],tetrahedral,"[[2.0754465, 2.91502614, 2.49523632]]",5,0.14285714285714285,,[2],[0],1
path_image_seed,Mg1,1,1,af202117df2c3a60,POSCAR_Mg1_base0001_tetrahedral_path0005_pimg001_seed001.vasp,,True,,[0],[0],['Mg'],"[[0.25, 0.25, 0.25]]",single,1,"[1, 1, 1]",4.0,0.05,"[0, 1, 2, 3, 4, 5, 6, 7, 8, 9, 10, 11, 12, 13, 14, 15, 16, 17, 18, 19, 20, 21, 22, 23, 24, 25, 26, 27, 28, 29, 30, 31, 32, 33, 34, 35, 36, 37, 38, 39, 40, 41, 42, 43, 44, 45, 46, 47, 48, 49, 50, 51, 52, 53, 54]",tetrahedral,"[[2.0754465, 2.91502614, 2.49523632]]",5,0.14285714285714285,1,[2],[0],1
path_image_seed,Mg1,1,2,af202117df2c3a60,POSCAR_Mg1_base0001_tetrahedral_path0005_pimg001_seed002.vasp,,True,,[0],[0],['Mg'],"[[0.25, 0.25, 0.25]]",single,1,"[1, 1, 1]",4.0,0.08571428571428572,"[0, 1, 2, 3, 4, 5, 6, 7, 8, 9, 10, 11, 12, 13, 14, 15, 16, 17, 18, 19, 20, 21, 22, 23, 24, 25, 26, 27, 28, 29, 30, 31, 32, 33, 34, 35, 36, 37, 38, 39, 40, 41, 42, 43, 44, 45, 46, 47, 48, 49, 50, 51, 52, 53, 54]",tetrahedral,"[[2.0754465, 2.91502614, 2.49523632]]",5,0.14285714285714285,1,[2],[0],1
path_image_seed,Mg1,1,3,af202117df2c3a60,POSCAR_Mg1_base0001_tetrahedral_path0005_pimg001_seed003.vasp,,True,,[0],[0],['Mg'],"[[0.25, 0.25, 0.25]]",single,1,"[1, 1, 1]",4.0,0.12142857142857143,"[0, 1, 2, 3, 4, 5, 6, 7, 8, 9, 10, 11, 12, 13, 14, 15, 16, 17, 18, 19, 20, 21, 22, 23, 24, 25, 26, 27, 28, 29, 30, 31, 32, 33, 34, 35, 36, 37, 38, 39, 40, 41, 42, 43, 44, 45, 46, 47, 48, 49, 50, 51, 52, 53, 54]",tetrahedral,"[[2.0754465, 2.91502614, 2.49523632]]",5,0.14285714285714285,1,[2],[0],1
path_image_seed,Mg1,1,4,af202117df2c3a60,POSCAR_Mg1_base0001_tetrahedral_path0005_pimg001_seed004.vasp,,True,,[0],[0],['Mg'],"[[0.25, 0.25, 0.25]]",single,1,"[1, 1, 1]",4.0,0.15714285714285714,"[0, 1, 2, 3, 4, 5, 6, 7, 8, 9, 10, 11, 12, 13, 14, 15, 16, 17, 18, 19, 20, 21, 22, 23, 24, 25, 26, 27, 28, 29, 30, 31, 32, 33, 34, 35, 36, 37, 38, 39, 40, 41, 42, 43, 44, 45, 46, 47, 48, 49, 50, 51, 52, 53, 54]",tetrahedral,"[[2.0754465, 2.91502614, 2.49523632]]",5,0.14285714285714285,1,[2],[0],1
path_image_seed,Mg1,1,5,af202117df2c3a60,POSCAR_Mg1_base0001_tetrahedral_path0005_pimg001_seed005.vasp,,True,,[0],[0],['Mg'],"[[0.25, 0.25, 0.25]]",single,1,"[1, 1, 1]",4.0,0.19285714285714284,"[0, 1, 2, 3, 4, 5, 6, 7, 8, 9, 10, 11, 12, 13, 14, 15, 16, 17, 18, 19, 20, 21, 22, 23, 24, 25, 26, 27, 28, 29, 30, 31, 32, 33, 34, 35, 36, 37, 38, 39, 40, 41, 42, 43, 44, 45, 46, 47, 48, 49, 50, 51, 52, 53, 54]",tetrahedral,"[[2.0754465, 2.91502614, 2.49523632]]",5,0.14285714285714285,1,[2],[0],1
path_image_seed,Mg1,1,6,af202117df2c3a60,POSCAR_Mg1_base0001_tetrahedral_path0005_pimg001_seed006.vasp,,True,,[0],[0],['Mg'],"[[0.25, 0.25, 0.25]]",single,1,"[1, 1, 1]",4.0,0.22857142857142854,"[0, 1, 2, 3, 4, 5, 6, 7, 8, 9, 10, 11, 12, 13, 14, 15, 16, 17, 18, 19, 20, 21, 22, 23, 24, 25, 26, 27, 28, 29, 30, 31, 32, 33, 34, 35, 36, 37, 38, 39, 40, 41, 42, 43, 44, 45, 46, 47, 48, 49, 50, 51, 52, 53, 54]",tetrahedral,"[[2.0754465, 2.91502614, 2.49523632]]",5,0.14285714285714285,1,[2],[0],1
path_image_seed,Mg1,1,7,af202117df2c3a60,POSCAR_Mg1_base0001_tetrahedral_path0005_pimg001_seed007.vasp,,True,,[0],[0],['Mg'],"[[0.25, 0.25, 0.25]]",single,1,"[1, 1, 1]",4.0,0.2642857142857143,"[0, 1, 2, 3, 4, 5, 6, 7, 8, 9, 10, 11, 12, 13, 14, 15, 16, 17, 18, 19, 20, 21, 22, 23, 24, 25, 26, 27, 28, 29, 30, 31, 32, 33, 34, 35, 36, 37, 38, 39, 40, 41, 42, 43, 44, 45, 46, 47, 48, 49, 50, 51, 52, 53, 54]",tetrahedral,"[[2.0754465, 2.91502614, 2.49523632]]",5,0.14285714285714285,1,[2],[0],1
path_image_seed,Mg1,1,8,af202117df2c3a60,POSCAR_Mg1_base0001_tetrahedral_path0005_pimg001_seed008.vasp,,True,,[0],[0],['Mg'],"[[0.25, 0.25, 0.25]]",single,1,"[1, 1, 1]",4.0,0.3,"[0, 1, 2, 3, 4, 5, 6, 7, 8, 9, 10, 11, 12, 13, 14, 15, 16, 17, 18, 19, 20, 21, 22, 23, 24, 25, 26, 27, 28, 29, 30, 31, 32, 33, 34, 35, 36, 37, 38, 39, 40, 41, 42, 43, 44, 45, 46, 47, 48, 49, 50, 51, 52, 53, 54]",tetrahedral,"[[2.0754465, 2.91502614, 2.49523632]]",5,0.14285714285714285,1,[2],[0],1
path_image,Mg1,1,,af202117df2c3a60,POSCAR_Mg1_base0001_tetrahedral_path0005_pimg002.vasp,,True,,[0],[0],['Mg'],"[[0.25, 0.25, 0.25]]",single,1,"[1, 1, 1]",,,[],tetrahedral,"[[2.0754465, 2.91502614, 2.49523632]]",5,0.2857142857142857,,[2],[0],1
path_image_seed,Mg1,1,1,af202117df2c3a60,POSCAR_Mg1_base0001_tetrahedral_path0005_pimg002_seed001.vasp,,True,,[0],[0],['Mg'],"[[0.25, 0.25, 0.25]]",single,1,"[1, 1, 1]",4.0,0.05,"[0, 1, 2, 3, 4, 5, 6, 7, 8, 9, 10, 11, 12, 13, 14, 15, 16, 17, 18, 19, 20, 21, 22, 23, 24, 25, 26, 27, 28, 29, 30, 31, 32, 33, 34, 35, 36, 37, 38, 39, 40, 41, 42, 43, 44, 45, 46, 47, 48, 49, 50, 51, 52, 53, 54]",tetrahedral,"[[2.0754465, 2.91502614, 2.49523632]]",5,0.2857142857142857,2,[2],[0],1
path_image_seed,Mg1,1,2,af202117df2c3a60,POSCAR_Mg1_base0001_tetrahedral_path0005_pimg002_seed002.vasp,,True,,[0],[0],['Mg'],"[[0.25, 0.25, 0.25]]",single,1,"[1, 1, 1]",4.0,0.08571428571428572,"[0, 1, 2, 3, 4, 5, 6, 7, 8, 9, 10, 11, 12, 13, 14, 15, 16, 17, 18, 19, 20, 21, 22, 23, 24, 25, 26, 27, 28, 29, 30, 31, 32, 33, 34, 35, 36, 37, 38, 39, 40, 41, 42, 43, 44, 45, 46, 47, 48, 49, 50, 51, 52, 53, 54]",tetrahedral,"[[2.0754465, 2.91502614, 2.49523632]]",5,0.2857142857142857,2,[2],[0],1
path_image_seed,Mg1,1,3,af202117df2c3a60,POSCAR_Mg1_base0001_tetrahedral_path0005_pimg002_seed003.vasp,,True,,[0],[0],['Mg'],"[[0.25, 0.25, 0.25]]",single,1,"[1, 1, 1]",4.0,0.12142857142857143,"[0, 1, 2, 3, 4, 5, 6, 7, 8, 9, 10, 11, 12, 13, 14, 15, 16, 17, 18, 19, 20, 21, 22, 23, 24, 25, 26, 27, 28, 29, 30, 31, 32, 33, 34, 35, 36, 37, 38, 39, 40, 41, 42, 43, 44, 45, 46, 47, 48, 49, 50, 51, 52, 53, 54]",tetrahedral,"[[2.0754465, 2.91502614, 2.49523632]]",5,0.2857142857142857,2,[2],[0],1
path_image_seed,Mg1,1,4,af202117df2c3a60,POSCAR_Mg1_base0001_tetrahedral_path0005_pimg002_seed004.vasp,,True,,[0],[0],['Mg'],"[[0.25, 0.25, 0.25]]",single,1,"[1, 1, 1]",4.0,0.15714285714285714,"[0, 1, 2, 3, 4, 5, 6, 7, 8, 9, 10, 11, 12, 13, 14, 15, 16, 17, 18, 19, 20, 21, 22, 23, 24, 25, 26, 27, 28, 29, 30, 31, 32, 33, 34, 35, 36, 37, 38, 39, 40, 41, 42, 43, 44, 45, 46, 47, 48, 49, 50, 51, 52, 53, 54]",tetrahedral,"[[2.0754465, 2.91502614, 2.49523632]]",5,0.2857142857142857,2,[2],[0],1
path_image_seed,Mg1,1,5,af202117df2c3a60,POSCAR_Mg1_base0001_tetrahedral_path0005_pimg002_seed005.vasp,,True,,[0],[0],['Mg'],"[[0.25, 0.25, 0.25]]",single,1,"[1, 1, 1]",4.0,0.19285714285714284,"[0, 1, 2, 3, 4, 5, 6, 7, 8, 9, 10, 11, 12, 13, 14, 15, 16, 17, 18, 19, 20, 21, 22, 23, 24, 25, 26, 27, 28, 29, 30, 31, 32, 33, 34, 35, 36, 37, 38, 39, 40, 41, 42, 43, 44, 45, 46, 47, 48, 49, 50, 51, 52, 53, 54]",tetrahedral,"[[2.0754465, 2.91502614, 2.49523632]]",5,0.2857142857142857,2,[2],[0],1
path_image_seed,Mg1,1,6,af202117df2c3a60,POSCAR_Mg1_base0001_tetrahedral_path0005_pimg002_seed006.vasp,,True,,[0],[0],['Mg'],"[[0.25, 0.25, 0.25]]",single,1,"[1, 1, 1]",4.0,0.22857142857142854,"[0, 1, 2, 3, 4, 5, 6, 7, 8, 9, 10, 11, 12, 13, 14, 15, 16, 17, 18, 19, 20, 21, 22, 23, 24, 25, 26, 27, 28, 29, 30, 31, 32, 33, 34, 35, 36, 37, 38, 39, 40, 41, 42, 43, 44, 45, 46, 47, 48, 49, 50, 51, 52, 53, 54]",tetrahedral,"[[2.0754465, 2.91502614, 2.49523632]]",5,0.2857142857142857,2,[2],[0],1
path_image_seed,Mg1,1,7,af202117df2c3a60,POSCAR_Mg1_base0001_tetrahedral_path0005_pimg002_seed007.vasp,,True,,[0],[0],['Mg'],"[[0.25, 0.25, 0.25]]",single,1,"[1, 1, 1]",4.0,0.2642857142857143,"[0, 1, 2, 3, 4, 5, 6, 7, 8, 9, 10, 11, 12, 13, 14, 15, 16, 17, 18, 19, 20, 21, 22, 23, 24, 25, 26, 27, 28, 29, 30, 31, 32, 33, 34, 35, 36, 37, 38, 39, 40, 41, 42, 43, 44, 45, 46, 47, 48, 49, 50, 51, 52, 53, 54]",tetrahedral,"[[2.0754465, 2.91502614, 2.49523632]]",5,0.2857142857142857,2,[2],[0],1
path_image_seed,Mg1,1,8,af202117df2c3a60,POSCAR_Mg1_base0001_tetrahedral_path0005_pimg002_seed008.vasp,,True,,[0],[0],['Mg'],"[[0.25, 0.25, 0.25]]",single,1,"[1, 1, 1]",4.0,0.3,"[0, 1, 2, 3, 4, 5, 6, 7, 8, 9, 10, 11, 12, 13, 14, 15, 16, 17, 18, 19, 20, 21, 22, 23, 24, 25, 26, 27, 28, 29, 30, 31, 32, 33, 34, 35, 36, 37, 38, 39, 40, 41, 42, 43, 44, 45, 46, 47, 48, 49, 50, 51, 52, 53, 54]",tetrahedral,"[[2.0754465, 2.91502614, 2.49523632]]",5,0.2857142857142857,2,[2],[0],1
path_image,Mg1,1,,af202117df2c3a60,POSCAR_Mg1_base0001_tetrahedral_path0005_pimg003.vasp,,True,,[0],[0],['Mg'],"[[0.25, 0.25, 0.25]]",single,1,"[1, 1, 1]",,,[],tetrahedral,"[[2.0754465, 2.91502614, 2.49523632]]",5,0.42857142857142855,,[2],[0],1
path_image_seed,Mg1,1,1,af202117df2c3a60,POSCAR_Mg1_base0001_tetrahedral_path0005_pimg003_seed001.vasp,,True,,[0],[0],['Mg'],"[[0.25, 0.25, 0.25]]",single,1,"[1, 1, 1]",4.0,0.05,"[0, 1, 2, 3, 4, 5, 6, 7, 8, 9, 10, 11, 12, 13, 14, 15, 16, 17, 18, 19, 20, 21, 22, 23, 24, 25, 26, 27, 28, 29, 30, 31, 32, 33, 34, 35, 36, 37, 38, 39, 40, 41, 42, 43, 44, 45, 46, 47, 48, 49, 50, 51, 52, 53, 54]",tetrahedral,"[[2.0754465, 2.91502614, 2.49523632]]",5,0.42857142857142855,3,[2],[0],1
path_image_seed,Mg1,1,2,af202117df2c3a60,POSCAR_Mg1_base0001_tetrahedral_path0005_pimg003_seed002.vasp,,True,,[0],[0],['Mg'],"[[0.25, 0.25, 0.25]]",single,1,"[1, 1, 1]",4.0,0.08571428571428572,"[0, 1, 2, 3, 4, 5, 6, 7, 8, 9, 10, 11, 12, 13, 14, 15, 16, 17, 18, 19, 20, 21, 22, 23, 24, 25, 26, 27, 28, 29, 30, 31, 32, 33, 34, 35, 36, 37, 38, 39, 40, 41, 42, 43, 44, 45, 46, 47, 48, 49, 50, 51, 52, 53, 54]",tetrahedral,"[[2.0754465, 2.91502614, 2.49523632]]",5,0.42857142857142855,3,[2],[0],1
path_image_seed,Mg1,1,3,af202117df2c3a60,POSCAR_Mg1_base0001_tetrahedral_path0005_pimg003_seed003.vasp,,True,,[0],[0],['Mg'],"[[0.25, 0.25, 0.25]]",single,1,"[1, 1, 1]",4.0,0.12142857142857143,"[0, 1, 2, 3, 4, 5, 6, 7, 8, 9, 10, 11, 12, 13, 14, 15, 16, 17, 18, 19, 20, 21, 22, 23, 24, 25, 26, 27, 28, 29, 30, 31, 32, 33, 34, 35, 36, 37, 38, 39, 40, 41, 42, 43, 44, 45, 46, 47, 48, 49, 50, 51, 52, 53, 54]",tetrahedral,"[[2.0754465, 2.91502614, 2.49523632]]",5,0.42857142857142855,3,[2],[0],1
path_image_seed,Mg1,1,4,af202117df2c3a60,POSCAR_Mg1_base0001_tetrahedral_path0005_pimg003_seed004.vasp,,True,,[0],[0],['Mg'],"[[0.25, 0.25, 0.25]]",single,1,"[1, 1, 1]",4.0,0.15714285714285714,"[0, 1, 2, 3, 4, 5, 6, 7, 8, 9, 10, 11, 12, 13, 14, 15, 16, 17, 18, 19, 20, 21, 22, 23, 24, 25, 26, 27, 28, 29, 30, 31, 32, 33, 34, 35, 36, 37, 38, 39, 40, 41, 42, 43, 44, 45, 46, 47, 48, 49, 50, 51, 52, 53, 54]",tetrahedral,"[[2.0754465, 2.91502614, 2.49523632]]",5,0.42857142857142855,3,[2],[0],1
path_image_seed,Mg1,1,5,af202117df2c3a60,POSCAR_Mg1_base0001_tetrahedral_path0005_pimg003_seed005.vasp,,True,,[0],[0],['Mg'],"[[0.25, 0.25, 0.25]]",single,1,"[1, 1, 1]",4.0,0.19285714285714284,"[0, 1, 2, 3, 4, 5, 6, 7, 8, 9, 10, 11, 12, 13, 14, 15, 16, 17, 18, 19, 20, 21, 22, 23, 24, 25, 26, 27, 28, 29, 30, 31, 32, 33, 34, 35, 36, 37, 38, 39, 40, 41, 42, 43, 44, 45, 46, 47, 48, 49, 50, 51, 52, 53, 54]",tetrahedral,"[[2.0754465, 2.91502614, 2.49523632]]",5,0.42857142857142855,3,[2],[0],1
path_image_seed,Mg1,1,6,af202117df2c3a60,POSCAR_Mg1_base0001_tetrahedral_path0005_pimg003_seed006.vasp,,True,,[0],[0],['Mg'],"[[0.25, 0.25, 0.25]]",single,1,"[1, 1, 1]",4.0,0.22857142857142854,"[0, 1, 2, 3, 4, 5, 6, 7, 8, 9, 10, 11, 12, 13, 14, 15, 16, 17, 18, 19, 20, 21, 22, 23, 24, 25, 26, 27, 28, 29, 30, 31, 32, 33, 34, 35, 36, 37, 38, 39, 40, 41, 42, 43, 44, 45, 46, 47, 48, 49, 50, 51, 52, 53, 54]",tetrahedral,"[[2.0754465, 2.91502614, 2.49523632]]",5,0.42857142857142855,3,[2],[0],1
path_image_seed,Mg1,1,7,af202117df2c3a60,POSCAR_Mg1_base0001_tetrahedral_path0005_pimg003_seed007.vasp,,True,,[0],[0],['Mg'],"[[0.25, 0.25, 0.25]]",single,1,"[1, 1, 1]",4.0,0.2642857142857143,"[0, 1, 2, 3, 4, 5, 6, 7, 8, 9, 10, 11, 12, 13, 14, 15, 16, 17, 18, 19, 20, 21, 22, 23, 24, 25, 26, 27, 28, 29, 30, 31, 32, 33, 34, 35, 36, 37, 38, 39, 40, 41, 42, 43, 44, 45, 46, 47, 48, 49, 50, 51, 52, 53, 54]",tetrahedral,"[[2.0754465, 2.91502614, 2.49523632]]",5,0.42857142857142855,3,[2],[0],1
path_image_seed,Mg1,1,8,af202117df2c3a60,POSCAR_Mg1_base0001_tetrahedral_path0005_pimg003_seed008.vasp,,True,,[0],[0],['Mg'],"[[0.25, 0.25, 0.25]]",single,1,"[1, 1, 1]",4.0,0.3,"[0, 1, 2, 3, 4, 5, 6, 7, 8, 9, 10, 11, 12, 13, 14, 15, 16, 17, 18, 19, 20, 21, 22, 23, 24, 25, 26, 27, 28, 29, 30, 31, 32, 33, 34, 35, 36, 37, 38, 39, 40, 41, 42, 43, 44, 45, 46, 47, 48, 49, 50, 51, 52, 53, 54]",tetrahedral,"[[2.0754465, 2.91502614, 2.49523632]]",5,0.42857142857142855,3,[2],[0],1
path_image,Mg1,1,,af202117df2c3a60,POSCAR_Mg1_base0001_tetrahedral_path0005_pimg004.vasp,,True,,[0],[0],['Mg'],"[[0.25, 0.25, 0.25]]",single,1,"[1, 1, 1]",,,[],tetrahedral,"[[2.0754465, 2.91502614, 2.49523632]]",5,0.5714285714285714,,[2],[0],1
path_image_seed,Mg1,1,1,af202117df2c3a60,POSCAR_Mg1_base0001_tetrahedral_path0005_pimg004_seed001.vasp,,True,,[0],[0],['Mg'],"[[0.25, 0.25, 0.25]]",single,1,"[1, 1, 1]",4.0,0.05,"[0, 1, 2, 3, 4, 5, 6, 7, 8, 9, 10, 11, 12, 13, 14, 15, 16, 17, 18, 19, 20, 21, 22, 23, 24, 25, 26, 27, 28, 29, 30, 31, 32, 33, 34, 35, 36, 37, 38, 39, 40, 41, 42, 43, 44, 45, 46, 47, 48, 49, 50, 51, 52, 53, 54]",tetrahedral,"[[2.0754465, 2.91502614, 2.49523632]]",5,0.5714285714285714,4,[2],[0],1
path_image_seed,Mg1,1,2,af202117df2c3a60,POSCAR_Mg1_base0001_tetrahedral_path0005_pimg004_seed002.vasp,,True,,[0],[0],['Mg'],"[[0.25, 0.25, 0.25]]",single,1,"[1, 1, 1]",4.0,0.08571428571428572,"[0, 1, 2, 3, 4, 5, 6, 7, 8, 9, 10, 11, 12, 13, 14, 15, 16, 17, 18, 19, 20, 21, 22, 23, 24, 25, 26, 27, 28, 29, 30, 31, 32, 33, 34, 35, 36, 37, 38, 39, 40, 41, 42, 43, 44, 45, 46, 47, 48, 49, 50, 51, 52, 53, 54]",tetrahedral,"[[2.0754465, 2.91502614, 2.49523632]]",5,0.5714285714285714,4,[2],[0],1
path_image_seed,Mg1,1,3,af202117df2c3a60,POSCAR_Mg1_base0001_tetrahedral_path0005_pimg004_seed003.vasp,,True,,[0],[0],['Mg'],"[[0.25, 0.25, 0.25]]",single,1,"[1, 1, 1]",4.0,0.12142857142857143,"[0, 1, 2, 3, 4, 5, 6, 7, 8, 9, 10, 11, 12, 13, 14, 15, 16, 17, 18, 19, 20, 21, 22, 23, 24, 25, 26, 27, 28, 29, 30, 31, 32, 33, 34, 35, 36, 37, 38, 39, 40, 41, 42, 43, 44, 45, 46, 47, 48, 49, 50, 51, 52, 53, 54]",tetrahedral,"[[2.0754465, 2.91502614, 2.49523632]]",5,0.5714285714285714,4,[2],[0],1
path_image_seed,Mg1,1,4,af202117df2c3a60,POSCAR_Mg1_base0001_tetrahedral_path0005_pimg004_seed004.vasp,,True,,[0],[0],['Mg'],"[[0.25, 0.25, 0.25]]",single,1,"[1, 1, 1]",4.0,0.15714285714285714,"[0, 1, 2, 3, 4, 5, 6, 7, 8, 9, 10, 11, 12, 13, 14, 15, 16, 17, 18, 19, 20, 21, 22, 23, 24, 25, 26, 27, 28, 29, 30, 31, 32, 33, 34, 35, 36, 37, 38, 39, 40, 41, 42, 43, 44, 45, 46, 47, 48, 49, 50, 51, 52, 53, 54]",tetrahedral,"[[2.0754465, 2.91502614, 2.49523632]]",5,0.5714285714285714,4,[2],[0],1
path_image_seed,Mg1,1,5,af202117df2c3a60,POSCAR_Mg1_base0001_tetrahedral_path0005_pimg004_seed005.vasp,,True,,[0],[0],['Mg'],"[[0.25, 0.25, 0.25]]",single,1,"[1, 1, 1]",4.0,0.19285714285714284,"[0, 1, 2, 3, 4, 5, 6, 7, 8, 9, 10, 11, 12, 13, 14, 15, 16, 17, 18, 19, 20, 21, 22, 23, 24, 25, 26, 27, 28, 29, 30, 31, 32, 33, 34, 35, 36, 37, 38, 39, 40, 41, 42, 43, 44, 45, 46, 47, 48, 49, 50, 51, 52, 53, 54]",tetrahedral,"[[2.0754465, 2.91502614, 2.49523632]]",5,0.5714285714285714,4,[2],[0],1
path_image_seed,Mg1,1,6,af202117df2c3a60,POSCAR_Mg1_base0001_tetrahedral_path0005_pimg004_seed006.vasp,,True,,[0],[0],['Mg'],"[[0.25, 0.25, 0.25]]",single,1,"[1, 1, 1]",4.0,0.22857142857142854,"[0, 1, 2, 3, 4, 5, 6, 7, 8, 9, 10, 11, 12, 13, 14, 15, 16, 17, 18, 19, 20, 21, 22, 23, 24, 25, 26, 27, 28, 29, 30, 31, 32, 33, 34, 35, 36, 37, 38, 39, 40, 41, 42, 43, 44, 45, 46, 47, 48, 49, 50, 51, 52, 53, 54]",tetrahedral,"[[2.0754465, 2.91502614, 2.49523632]]",5,0.5714285714285714,4,[2],[0],1
path_image_seed,Mg1,1,7,af202117df2c3a60,POSCAR_Mg1_base0001_tetrahedral_path0005_pimg004_seed007.vasp,,True,,[0],[0],['Mg'],"[[0.25, 0.25, 0.25]]",single,1,"[1, 1, 1]",4.0,0.2642857142857143,"[0, 1, 2, 3, 4, 5, 6, 7, 8, 9, 10, 11, 12, 13, 14, 15, 16, 17, 18, 19, 20, 21, 22, 23, 24, 25, 26, 27, 28, 29, 30, 31, 32, 33, 34, 35, 36, 37, 38, 39, 40, 41, 42, 43, 44, 45, 46, 47, 48, 49, 50, 51, 52, 53, 54]",tetrahedral,"[[2.0754465, 2.91502614, 2.49523632]]",5,0.5714285714285714,4,[2],[0],1
path_image_seed,Mg1,1,8,af202117df2c3a60,POSCAR_Mg1_base0001_tetrahedral_path0005_pimg004_seed008.vasp,,True,,[0],[0],['Mg'],"[[0.25, 0.25, 0.25]]",single,1,"[1, 1, 1]",4.0,0.3,"[0, 1, 2, 3, 4, 5, 6, 7, 8, 9, 10, 11, 12, 13, 14, 15, 16, 17, 18, 19, 20, 21, 22, 23, 24, 25, 26, 27, 28, 29, 30, 31, 32, 33, 34, 35, 36, 37, 38, 39, 40, 41, 42, 43, 44, 45, 46, 47, 48, 49, 50, 51, 52, 53, 54]",tetrahedral,"[[2.0754465, 2.91502614, 2.49523632]]",5,0.5714285714285714,4,[2],[0],1
path_image,Mg1,1,,af202117df2c3a60,POSCAR_Mg1_base0001_tetrahedral_path0005_pimg005.vasp,,True,,[0],[0],['Mg'],"[[0.25, 0.25, 0.25]]",single,1,"[1, 1, 1]",,,[],tetrahedral,"[[2.0754465, 2.91502614, 2.49523632]]",5,0.7142857142857142,,[2],[0],1
path_image_seed,Mg1,1,1,af202117df2c3a60,POSCAR_Mg1_base0001_tetrahedral_path0005_pimg005_seed001.vasp,,True,,[0],[0],['Mg'],"[[0.25, 0.25, 0.25]]",single,1,"[1, 1, 1]",4.0,0.05,"[0, 1, 2, 3, 4, 5, 6, 7, 8, 9, 10, 11, 12, 13, 14, 15, 16, 17, 18, 19, 20, 21, 22, 23, 24, 25, 26, 27, 28, 29, 30, 31, 32, 33, 34, 35, 36, 37, 38, 39, 40, 41, 42, 43, 44, 45, 46, 47, 48, 49, 50, 51, 52, 53, 54]",tetrahedral,"[[2.0754465, 2.91502614, 2.49523632]]",5,0.7142857142857142,5,[2],[0],1
path_image_seed,Mg1,1,2,af202117df2c3a60,POSCAR_Mg1_base0001_tetrahedral_path0005_pimg005_seed002.vasp,,True,,[0],[0],['Mg'],"[[0.25, 0.25, 0.25]]",single,1,"[1, 1, 1]",4.0,0.08571428571428572,"[0, 1, 2, 3, 4, 5, 6, 7, 8, 9, 10, 11, 12, 13, 14, 15, 16, 17, 18, 19, 20, 21, 22, 23, 24, 25, 26, 27, 28, 29, 30, 31, 32, 33, 34, 35, 36, 37, 38, 39, 40, 41, 42, 43, 44, 45, 46, 47, 48, 49, 50, 51, 52, 53, 54]",tetrahedral,"[[2.0754465, 2.91502614, 2.49523632]]",5,0.7142857142857142,5,[2],[0],1
path_image_seed,Mg1,1,3,af202117df2c3a60,POSCAR_Mg1_base0001_tetrahedral_path0005_pimg005_seed003.vasp,,True,,[0],[0],['Mg'],"[[0.25, 0.25, 0.25]]",single,1,"[1, 1, 1]",4.0,0.12142857142857143,"[0, 1, 2, 3, 4, 5, 6, 7, 8, 9, 10, 11, 12, 13, 14, 15, 16, 17, 18, 19, 20, 21, 22, 23, 24, 25, 26, 27, 28, 29, 30, 31, 32, 33, 34, 35, 36, 37, 38, 39, 40, 41, 42, 43, 44, 45, 46, 47, 48, 49, 50, 51, 52, 53, 54]",tetrahedral,"[[2.0754465, 2.91502614, 2.49523632]]",5,0.7142857142857142,5,[2],[0],1
path_image_seed,Mg1,1,4,af202117df2c3a60,POSCAR_Mg1_base0001_tetrahedral_path0005_pimg005_seed004.vasp,,True,,[0],[0],['Mg'],"[[0.25, 0.25, 0.25]]",single,1,"[1, 1, 1]",4.0,0.15714285714285714,"[0, 1, 2, 3, 4, 5, 6, 7, 8, 9, 10, 11, 12, 13, 14, 15, 16, 17, 18, 19, 20, 21, 22, 23, 24, 25, 26, 27, 28, 29, 30, 31, 32, 33, 34, 35, 36, 37, 38, 39, 40, 41, 42, 43, 44, 45, 46, 47, 48, 49, 50, 51, 52, 53, 54]",tetrahedral,"[[2.0754465, 2.91502614, 2.49523632]]",5,0.7142857142857142,5,[2],[0],1
path_image_seed,Mg1,1,5,af202117df2c3a60,POSCAR_Mg1_base0001_tetrahedral_path0005_pimg005_seed005.vasp,,True,,[0],[0],['Mg'],"[[0.25, 0.25, 0.25]]",single,1,"[1, 1, 1]",4.0,0.19285714285714284,"[0, 1, 2, 3, 4, 5, 6, 7, 8, 9, 10, 11, 12, 13, 14, 15, 16, 17, 18, 19, 20, 21, 22, 23, 24, 25, 26, 27, 28, 29, 30, 31, 32, 33, 34, 35, 36, 37, 38, 39, 40, 41, 42, 43, 44, 45, 46, 47, 48, 49, 50, 51, 52, 53, 54]",tetrahedral,"[[2.0754465, 2.91502614, 2.49523632]]",5,0.7142857142857142,5,[2],[0],1
path_image_seed,Mg1,1,6,af202117df2c3a60,POSCAR_Mg1_base0001_tetrahedral_path0005_pimg005_seed006.vasp,,True,,[0],[0],['Mg'],"[[0.25, 0.25, 0.25]]",single,1,"[1, 1, 1]",4.0,0.22857142857142854,"[0, 1, 2, 3, 4, 5, 6, 7, 8, 9, 10, 11, 12, 13, 14, 15, 16, 17, 18, 19, 20, 21, 22, 23, 24, 25, 26, 27, 28, 29, 30, 31, 32, 33, 34, 35, 36, 37, 38, 39, 40, 41, 42, 43, 44, 45, 46, 47, 48, 49, 50, 51, 52, 53, 54]",tetrahedral,"[[2.0754465, 2.91502614, 2.49523632]]",5,0.7142857142857142,5,[2],[0],1
path_image_seed,Mg1,1,7,af202117df2c3a60,POSCAR_Mg1_base0001_tetrahedral_path0005_pimg005_seed007.vasp,,True,,[0],[0],['Mg'],"[[0.25, 0.25, 0.25]]",single,1,"[1, 1, 1]",4.0,0.2642857142857143,"[0, 1, 2, 3, 4, 5, 6, 7, 8, 9, 10, 11, 12, 13, 14, 15, 16, 17, 18, 19, 20, 21, 22, 23, 24, 25, 26, 27, 28, 29, 30, 31, 32, 33, 34, 35, 36, 37, 38, 39, 40, 41, 42, 43, 44, 45, 46, 47, 48, 49, 50, 51, 52, 53, 54]",tetrahedral,"[[2.0754465, 2.91502614, 2.49523632]]",5,0.7142857142857142,5,[2],[0],1
path_image_seed,Mg1,1,8,af202117df2c3a60,POSCAR_Mg1_base0001_tetrahedral_path0005_pimg005_seed008.vasp,,True,,[0],[0],['Mg'],"[[0.25, 0.25, 0.25]]",single,1,"[1, 1, 1]",4.0,0.3,"[0, 1, 2, 3, 4, 5, 6, 7, 8, 9, 10, 11, 12, 13, 14, 15, 16, 17, 18, 19, 20, 21, 22, 23, 24, 25, 26, 27, 28, 29, 30, 31, 32, 33, 34, 35, 36, 37, 38, 39, 40, 41, 42, 43, 44, 45, 46, 47, 48, 49, 50, 51, 52, 53, 54]",tetrahedral,"[[2.0754465, 2.91502614, 2.49523632]]",5,0.7142857142857142,5,[2],[0],1
path_image,Mg1,1,,af202117df2c3a60,POSCAR_Mg1_base0001_tetrahedral_path0005_pimg006.vasp,,True,,[0],[0],['Mg'],"[[0.25, 0.25, 0.25]]",single,1,"[1, 1, 1]",,,[],tetrahedral,"[[2.0754465, 2.91502614, 2.49523632]]",5,0.8571428571428571,,[2],[0],1
path_image_seed,Mg1,1,1,af202117df2c3a60,POSCAR_Mg1_base0001_tetrahedral_path0005_pimg006_seed001.vasp,,True,,[0],[0],['Mg'],"[[0.25, 0.25, 0.25]]",single,1,"[1, 1, 1]",4.0,0.05,"[0, 1, 2, 3, 4, 5, 6, 7, 8, 9, 10, 11, 12, 13, 14, 15, 16, 17, 18, 19, 20, 21, 22, 23, 24, 25, 26, 27, 28, 29, 30, 31, 32, 33, 34, 35, 36, 37, 38, 39, 40, 41, 42, 43, 44, 45, 46, 47, 48, 49, 50, 51, 52, 53, 54]",tetrahedral,"[[2.0754465, 2.91502614, 2.49523632]]",5,0.8571428571428571,6,[2],[0],1
path_image_seed,Mg1,1,2,af202117df2c3a60,POSCAR_Mg1_base0001_tetrahedral_path0005_pimg006_seed002.vasp,,True,,[0],[0],['Mg'],"[[0.25, 0.25, 0.25]]",single,1,"[1, 1, 1]",4.0,0.08571428571428572,"[0, 1, 2, 3, 4, 5, 6, 7, 8, 9, 10, 11, 12, 13, 14, 15, 16, 17, 18, 19, 20, 21, 22, 23, 24, 25, 26, 27, 28, 29, 30, 31, 32, 33, 34, 35, 36, 37, 38, 39, 40, 41, 42, 43, 44, 45, 46, 47, 48, 49, 50, 51, 52, 53, 54]",tetrahedral,"[[2.0754465, 2.91502614, 2.49523632]]",5,0.8571428571428571,6,[2],[0],1
path_image_seed,Mg1,1,3,af202117df2c3a60,POSCAR_Mg1_base0001_tetrahedral_path0005_pimg006_seed003.vasp,,True,,[0],[0],['Mg'],"[[0.25, 0.25, 0.25]]",single,1,"[1, 1, 1]",4.0,0.12142857142857143,"[0, 1, 2, 3, 4, 5, 6, 7, 8, 9, 10, 11, 12, 13, 14, 15, 16, 17, 18, 19, 20, 21, 22, 23, 24, 25, 26, 27, 28, 29, 30, 31, 32, 33, 34, 35, 36, 37, 38, 39, 40, 41, 42, 43, 44, 45, 46, 47, 48, 49, 50, 51, 52, 53, 54]",tetrahedral,"[[2.0754465, 2.91502614, 2.49523632]]",5,0.8571428571428571,6,[2],[0],1
path_image_seed,Mg1,1,4,af202117df2c3a60,POSCAR_Mg1_base0001_tetrahedral_path0005_pimg006_seed004.vasp,,True,,[0],[0],['Mg'],"[[0.25, 0.25, 0.25]]",single,1,"[1, 1, 1]",4.0,0.15714285714285714,"[0, 1, 2, 3, 4, 5, 6, 7, 8, 9, 10, 11, 12, 13, 14, 15, 16, 17, 18, 19, 20, 21, 22, 23, 24, 25, 26, 27, 28, 29, 30, 31, 32, 33, 34, 35, 36, 37, 38, 39, 40, 41, 42, 43, 44, 45, 46, 47, 48, 49, 50, 51, 52, 53, 54]",tetrahedral,"[[2.0754465, 2.91502614, 2.49523632]]",5,0.8571428571428571,6,[2],[0],1
path_image_seed,Mg1,1,5,af202117df2c3a60,POSCAR_Mg1_base0001_tetrahedral_path0005_pimg006_seed005.vasp,,True,,[0],[0],['Mg'],"[[0.25, 0.25, 0.25]]",single,1,"[1, 1, 1]",4.0,0.19285714285714284,"[0, 1, 2, 3, 4, 5, 6, 7, 8, 9, 10, 11, 12, 13, 14, 15, 16, 17, 18, 19, 20, 21, 22, 23, 24, 25, 26, 27, 28, 29, 30, 31, 32, 33, 34, 35, 36, 37, 38, 39, 40, 41, 42, 43, 44, 45, 46, 47, 48, 49, 50, 51, 52, 53, 54]",tetrahedral,"[[2.0754465, 2.91502614, 2.49523632]]",5,0.8571428571428571,6,[2],[0],1
path_image_seed,Mg1,1,6,af202117df2c3a60,POSCAR_Mg1_base0001_tetrahedral_path0005_pimg006_seed006.vasp,,True,,[0],[0],['Mg'],"[[0.25, 0.25, 0.25]]",single,1,"[1, 1, 1]",4.0,0.22857142857142854,"[0, 1, 2, 3, 4, 5, 6, 7, 8, 9, 10, 11, 12, 13, 14, 15, 16, 17, 18, 19, 20, 21, 22, 23, 24, 25, 26, 27, 28, 29, 30, 31, 32, 33, 34, 35, 36, 37, 38, 39, 40, 41, 42, 43, 44, 45, 46, 47, 48, 49, 50, 51, 52, 53, 54]",tetrahedral,"[[2.0754465, 2.91502614, 2.49523632]]",5,0.8571428571428571,6,[2],[0],1
path_image_seed,Mg1,1,7,af202117df2c3a60,POSCAR_Mg1_base0001_tetrahedral_path0005_pimg006_seed007.vasp,,True,,[0],[0],['Mg'],"[[0.25, 0.25, 0.25]]",single,1,"[1, 1, 1]",4.0,0.2642857142857143,"[0, 1, 2, 3, 4, 5, 6, 7, 8, 9, 10, 11, 12, 13, 14, 15, 16, 17, 18, 19, 20, 21, 22, 23, 24, 25, 26, 27, 28, 29, 30, 31, 32, 33, 34, 35, 36, 37, 38, 39, 40, 41, 42, 43, 44, 45, 46, 47, 48, 49, 50, 51, 52, 53, 54]",tetrahedral,"[[2.0754465, 2.91502614, 2.49523632]]",5,0.8571428571428571,6,[2],[0],1
path_image_seed,Mg1,1,8,af202117df2c3a60,POSCAR_Mg1_base0001_tetrahedral_path0005_pimg006_seed008.vasp,,True,,[0],[0],['Mg'],"[[0.25, 0.25, 0.25]]",single,1,"[1, 1, 1]",4.0,0.3,"[0, 1, 2, 3, 4, 5, 6, 7, 8, 9, 10, 11, 12, 13, 14, 15, 16, 17, 18, 19, 20, 21, 22, 23, 24, 25, 26, 27, 28, 29, 30, 31, 32, 33, 34, 35, 36, 37, 38, 39, 40, 41, 42, 43, 44, 45, 46, 47, 48, 49, 50, 51, 52, 53, 54]",tetrahedral,"[[2.0754465, 2.91502614, 2.49523632]]",5,0.8571428571428571,6,[2],[0],1
path_end,Mg1,1,,af202117df2c3a60,POSCAR_Mg1_base0001_tetrahedral_path0005_pimg007.vasp,,True,,[0],[0],['Mg'],"[[0.25, 0.25, 0.25]]",single,1,"[1, 1, 1]",,,[],tetrahedral,"[[2.0754465, 2.91502614, 2.49523632]]",5,1.0,,[2],[0],1
path_end_seed,Mg1,1,1,af202117df2c3a60,POSCAR_Mg1_base0001_tetrahedral_path0005_pimg007_seed001.vasp,,True,,[0],[0],['Mg'],"[[0.25, 0.25, 0.25]]",single,1,"[1, 1, 1]",4.0,0.05,"[0, 1, 2, 3, 4, 5, 6, 7, 8, 9, 10, 11, 12, 13, 14, 15, 16, 17, 18, 19, 20, 21, 22, 23, 24, 25, 26, 27, 28, 29, 30, 31, 32, 33, 34, 35, 36, 37, 38, 39, 40, 41, 42, 43, 44, 45, 46, 47, 48, 49, 50, 51, 52, 53, 54]",tetrahedral,"[[2.0754465, 2.91502614, 2.49523632]]",5,1.0,7,[2],[0],1
path_end_seed,Mg1,1,2,af202117df2c3a60,POSCAR_Mg1_base0001_tetrahedral_path0005_pimg007_seed002.vasp,,True,,[0],[0],['Mg'],"[[0.25, 0.25, 0.25]]",single,1,"[1, 1, 1]",4.0,0.08571428571428572,"[0, 1, 2, 3, 4, 5, 6, 7, 8, 9, 10, 11, 12, 13, 14, 15, 16, 17, 18, 19, 20, 21, 22, 23, 24, 25, 26, 27, 28, 29, 30, 31, 32, 33, 34, 35, 36, 37, 38, 39, 40, 41, 42, 43, 44, 45, 46, 47, 48, 49, 50, 51, 52, 53, 54]",tetrahedral,"[[2.0754465, 2.91502614, 2.49523632]]",5,1.0,7,[2],[0],1
path_end_seed,Mg1,1,3,af202117df2c3a60,POSCAR_Mg1_base0001_tetrahedral_path0005_pimg007_seed003.vasp,,True,,[0],[0],['Mg'],"[[0.25, 0.25, 0.25]]",single,1,"[1, 1, 1]",4.0,0.12142857142857143,"[0, 1, 2, 3, 4, 5, 6, 7, 8, 9, 10, 11, 12, 13, 14, 15, 16, 17, 18, 19, 20, 21, 22, 23, 24, 25, 26, 27, 28, 29, 30, 31, 32, 33, 34, 35, 36, 37, 38, 39, 40, 41, 42, 43, 44, 45, 46, 47, 48, 49, 50, 51, 52, 53, 54]",tetrahedral,"[[2.0754465, 2.91502614, 2.49523632]]",5,1.0,7,[2],[0],1
path_end_seed,Mg1,1,4,af202117df2c3a60,POSCAR_Mg1_base0001_tetrahedral_path0005_pimg007_seed004.vasp,,True,,[0],[0],['Mg'],"[[0.25, 0.25, 0.25]]",single,1,"[1, 1, 1]",4.0,0.15714285714285714,"[0, 1, 2, 3, 4, 5, 6, 7, 8, 9, 10, 11, 12, 13, 14, 15, 16, 17, 18, 19, 20, 21, 22, 23, 24, 25, 26, 27, 28, 29, 30, 31, 32, 33, 34, 35, 36, 37, 38, 39, 40, 41, 42, 43, 44, 45, 46, 47, 48, 49, 50, 51, 52, 53, 54]",tetrahedral,"[[2.0754465, 2.91502614, 2.49523632]]",5,1.0,7,[2],[0],1
path_end_seed,Mg1,1,5,af202117df2c3a60,POSCAR_Mg1_base0001_tetrahedral_path0005_pimg007_seed005.vasp,,True,,[0],[0],['Mg'],"[[0.25, 0.25, 0.25]]",single,1,"[1, 1, 1]",4.0,0.19285714285714284,"[0, 1, 2, 3, 4, 5, 6, 7, 8, 9, 10, 11, 12, 13, 14, 15, 16, 17, 18, 19, 20, 21, 22, 23, 24, 25, 26, 27, 28, 29, 30, 31, 32, 33, 34, 35, 36, 37, 38, 39, 40, 41, 42, 43, 44, 45, 46, 47, 48, 49, 50, 51, 52, 53, 54]",tetrahedral,"[[2.0754465, 2.91502614, 2.49523632]]",5,1.0,7,[2],[0],1
path_end_seed,Mg1,1,6,af202117df2c3a60,POSCAR_Mg1_base0001_tetrahedral_path0005_pimg007_seed006.vasp,,True,,[0],[0],['Mg'],"[[0.25, 0.25, 0.25]]",single,1,"[1, 1, 1]",4.0,0.22857142857142854,"[0, 1, 2, 3, 4, 5, 6, 7, 8, 9, 10, 11, 12, 13, 14, 15, 16, 17, 18, 19, 20, 21, 22, 23, 24, 25, 26, 27, 28, 29, 30, 31, 32, 33, 34, 35, 36, 37, 38, 39, 40, 41, 42, 43, 44, 45, 46, 47, 48, 49, 50, 51, 52, 53, 54]",tetrahedral,"[[2.0754465, 2.91502614, 2.49523632]]",5,1.0,7,[2],[0],1
path_end_seed,Mg1,1,7,af202117df2c3a60,POSCAR_Mg1_base0001_tetrahedral_path0005_pimg007_seed007.vasp,,True,,[0],[0],['Mg'],"[[0.25, 0.25, 0.25]]",single,1,"[1, 1, 1]",4.0,0.2642857142857143,"[0, 1, 2, 3, 4, 5, 6, 7, 8, 9, 10, 11, 12, 13, 14, 15, 16, 17, 18, 19, 20, 21, 22, 23, 24, 25, 26, 27, 28, 29, 30, 31, 32, 33, 34, 35, 36, 37, 38, 39, 40, 41, 42, 43, 44, 45, 46, 47, 48, 49, 50, 51, 52, 53, 54]",tetrahedral,"[[2.0754465, 2.91502614, 2.49523632]]",5,1.0,7,[2],[0],1
path_end_seed,Mg1,1,8,af202117df2c3a60,POSCAR_Mg1_base0001_tetrahedral_path0005_pimg007_seed008.vasp,,True,,[0],[0],['Mg'],"[[0.25, 0.25, 0.25]]",single,1,"[1, 1, 1]",4.0,0.3,"[0, 1, 2, 3, 4, 5, 6, 7, 8, 9, 10, 11, 12, 13, 14, 15, 16, 17, 18, 19, 20, 21, 22, 23, 24, 25, 26, 27, 28, 29, 30, 31, 32, 33, 34, 35, 36, 37, 38, 39, 40, 41, 42, 43, 44, 45, 46, 47, 48, 49, 50, 51, 52, 53, 54]",tetrahedral,"[[2.0754465, 2.91502614, 2.49523632]]",5,1.0,7,[2],[0],1
path_start,Mg1,1,,af202117df2c3a60,POSCAR_Mg1_base0001_octahedral_path0001_pimg000.vasp,,True,,[0],[0],['Mg'],"[[0.25, 0.25, 0.25]]",single,1,"[1, 1, 1]",,,[],octahedral,"[[1.79558662, 2.97099811, 2.38329237]]",1,0.0,,[1],[0],1
path_start_seed,Mg1,1,1,af202117df2c3a60,POSCAR_Mg1_base0001_octahedral_path0001_pimg000_seed001.vasp,,True,,[0],[0],['Mg'],"[[0.25, 0.25, 0.25]]",single,1,"[1, 1, 1]",4.0,0.05,"[0, 1, 2, 3, 4, 5, 6, 7, 8, 9, 10, 11, 12, 13, 14, 15, 16, 17, 18, 19, 20, 21, 22, 23, 24, 25, 26, 27, 28, 29, 30, 31, 32, 33, 34, 35, 36, 37, 38, 39, 40, 41, 42, 43, 44, 45, 46, 47, 48, 49, 50, 51, 52, 53, 54]",octahedral,"[[1.79558662, 2.97099811, 2.38329237]]",1,0.0,0,[1],[0],1
path_start_seed,Mg1,1,2,af202117df2c3a60,POSCAR_Mg1_base0001_octahedral_path0001_pimg000_seed002.vasp,,True,,[0],[0],['Mg'],"[[0.25, 0.25, 0.25]]",single,1,"[1, 1, 1]",4.0,0.08571428571428572,"[0, 1, 2, 3, 4, 5, 6, 7, 8, 9, 10, 11, 12, 13, 14, 15, 16, 17, 18, 19, 20, 21, 22, 23, 24, 25, 26, 27, 28, 29, 30, 31, 32, 33, 34, 35, 36, 37, 38, 39, 40, 41, 42, 43, 44, 45, 46, 47, 48, 49, 50, 51, 52, 53, 54]",octahedral,"[[1.79558662, 2.97099811, 2.38329237]]",1,0.0,0,[1],[0],1
path_start_seed,Mg1,1,3,af202117df2c3a60,POSCAR_Mg1_base0001_octahedral_path0001_pimg000_seed003.vasp,,True,,[0],[0],['Mg'],"[[0.25, 0.25, 0.25]]",single,1,"[1, 1, 1]",4.0,0.12142857142857143,"[0, 1, 2, 3, 4, 5, 6, 7, 8, 9, 10, 11, 12, 13, 14, 15, 16, 17, 18, 19, 20, 21, 22, 23, 24, 25, 26, 27, 28, 29, 30, 31, 32, 33, 34, 35, 36, 37, 38, 39, 40, 41, 42, 43, 44, 45, 46, 47, 48, 49, 50, 51, 52, 53, 54]",octahedral,"[[1.79558662, 2.97099811, 2.38329237]]",1,0.0,0,[1],[0],1
path_start_seed,Mg1,1,4,af202117df2c3a60,POSCAR_Mg1_base0001_octahedral_path0001_pimg000_seed004.vasp,,True,,[0],[0],['Mg'],"[[0.25, 0.25, 0.25]]",single,1,"[1, 1, 1]",4.0,0.15714285714285714,"[0, 1, 2, 3, 4, 5, 6, 7, 8, 9, 10, 11, 12, 13, 14, 15, 16, 17, 18, 19, 20, 21, 22, 23, 24, 25, 26, 27, 28, 29, 30, 31, 32, 33, 34, 35, 36, 37, 38, 39, 40, 41, 42, 43, 44, 45, 46, 47, 48, 49, 50, 51, 52, 53, 54]",octahedral,"[[1.79558662, 2.97099811, 2.38329237]]",1,0.0,0,[1],[0],1
path_start_seed,Mg1,1,5,af202117df2c3a60,POSCAR_Mg1_base0001_octahedral_path0001_pimg000_seed005.vasp,,True,,[0],[0],['Mg'],"[[0.25, 0.25, 0.25]]",single,1,"[1, 1, 1]",4.0,0.19285714285714284,"[0, 1, 2, 3, 4, 5, 6, 7, 8, 9, 10, 11, 12, 13, 14, 15, 16, 17, 18, 19, 20, 21, 22, 23, 24, 25, 26, 27, 28, 29, 30, 31, 32, 33, 34, 35, 36, 37, 38, 39, 40, 41, 42, 43, 44, 45, 46, 47, 48, 49, 50, 51, 52, 53, 54]",octahedral,"[[1.79558662, 2.97099811, 2.38329237]]",1,0.0,0,[1],[0],1
path_start_seed,Mg1,1,6,af202117df2c3a60,POSCAR_Mg1_base0001_octahedral_path0001_pimg000_seed006.vasp,,True,,[0],[0],['Mg'],"[[0.25, 0.25, 0.25]]",single,1,"[1, 1, 1]",4.0,0.22857142857142854,"[0, 1, 2, 3, 4, 5, 6, 7, 8, 9, 10, 11, 12, 13, 14, 15, 16, 17, 18, 19, 20, 21, 22, 23, 24, 25, 26, 27, 28, 29, 30, 31, 32, 33, 34, 35, 36, 37, 38, 39, 40, 41, 42, 43, 44, 45, 46, 47, 48, 49, 50, 51, 52, 53, 54]",octahedral,"[[1.79558662, 2.97099811, 2.38329237]]",1,0.0,0,[1],[0],1
path_start_seed,Mg1,1,7,af202117df2c3a60,POSCAR_Mg1_base0001_octahedral_path0001_pimg000_seed007.vasp,,True,,[0],[0],['Mg'],"[[0.25, 0.25, 0.25]]",single,1,"[1, 1, 1]",4.0,0.2642857142857143,"[0, 1, 2, 3, 4, 5, 6, 7, 8, 9, 10, 11, 12, 13, 14, 15, 16, 17, 18, 19, 20, 21, 22, 23, 24, 25, 26, 27, 28, 29, 30, 31, 32, 33, 34, 35, 36, 37, 38, 39, 40, 41, 42, 43, 44, 45, 46, 47, 48, 49, 50, 51, 52, 53, 54]",octahedral,"[[1.79558662, 2.97099811, 2.38329237]]",1,0.0,0,[1],[0],1
path_start_seed,Mg1,1,8,af202117df2c3a60,POSCAR_Mg1_base0001_octahedral_path0001_pimg000_seed008.vasp,,True,,[0],[0],['Mg'],"[[0.25, 0.25, 0.25]]",single,1,"[1, 1, 1]",4.0,0.3,"[0, 1, 2, 3, 4, 5, 6, 7, 8, 9, 10, 11, 12, 13, 14, 15, 16, 17, 18, 19, 20, 21, 22, 23, 24, 25, 26, 27, 28, 29, 30, 31, 32, 33, 34, 35, 36, 37, 38, 39, 40, 41, 42, 43, 44, 45, 46, 47, 48, 49, 50, 51, 52, 53, 54]",octahedral,"[[1.79558662, 2.97099811, 2.38329237]]",1,0.0,0,[1],[0],1
path_image,Mg1,1,,af202117df2c3a60,POSCAR_Mg1_base0001_octahedral_path0001_pimg001.vasp,,True,,[0],[0],['Mg'],"[[0.25, 0.25, 0.25]]",single,1,"[1, 1, 1]",,,[],octahedral,"[[1.79558662, 2.97099811, 2.38329237]]",1,0.14285714285714285,,[1],[0],1
path_image_seed,Mg1,1,1,af202117df2c3a60,POSCAR_Mg1_base0001_octahedral_path0001_pimg001_seed001.vasp,,True,,[0],[0],['Mg'],"[[0.25, 0.25, 0.25]]",single,1,"[1, 1, 1]",4.0,0.05,"[0, 1, 2, 3, 4, 5, 6, 7, 8, 9, 10, 11, 12, 13, 14, 15, 16, 17, 18, 19, 20, 21, 22, 23, 24, 25, 26, 27, 28, 29, 30, 31, 32, 33, 34, 35, 36, 37, 38, 39, 40, 41, 42, 43, 44, 45, 46, 47, 48, 49, 50, 51, 52, 53, 54]",octahedral,"[[1.79558662, 2.97099811, 2.38329237]]",1,0.14285714285714285,1,[1],[0],1
path_image_seed,Mg1,1,2,af202117df2c3a60,POSCAR_Mg1_base0001_octahedral_path0001_pimg001_seed002.vasp,,True,,[0],[0],['Mg'],"[[0.25, 0.25, 0.25]]",single,1,"[1, 1, 1]",4.0,0.08571428571428572,"[0, 1, 2, 3, 4, 5, 6, 7, 8, 9, 10, 11, 12, 13, 14, 15, 16, 17, 18, 19, 20, 21, 22, 23, 24, 25, 26, 27, 28, 29, 30, 31, 32, 33, 34, 35, 36, 37, 38, 39, 40, 41, 42, 43, 44, 45, 46, 47, 48, 49, 50, 51, 52, 53, 54]",octahedral,"[[1.79558662, 2.97099811, 2.38329237]]",1,0.14285714285714285,1,[1],[0],1
path_image_seed,Mg1,1,3,af202117df2c3a60,POSCAR_Mg1_base0001_octahedral_path0001_pimg001_seed003.vasp,,True,,[0],[0],['Mg'],"[[0.25, 0.25, 0.25]]",single,1,"[1, 1, 1]",4.0,0.12142857142857143,"[0, 1, 2, 3, 4, 5, 6, 7, 8, 9, 10, 11, 12, 13, 14, 15, 16, 17, 18, 19, 20, 21, 22, 23, 24, 25, 26, 27, 28, 29, 30, 31, 32, 33, 34, 35, 36, 37, 38, 39, 40, 41, 42, 43, 44, 45, 46, 47, 48, 49, 50, 51, 52, 53, 54]",octahedral,"[[1.79558662, 2.97099811, 2.38329237]]",1,0.14285714285714285,1,[1],[0],1
path_image_seed,Mg1,1,4,af202117df2c3a60,POSCAR_Mg1_base0001_octahedral_path0001_pimg001_seed004.vasp,,True,,[0],[0],['Mg'],"[[0.25, 0.25, 0.25]]",single,1,"[1, 1, 1]",4.0,0.15714285714285714,"[0, 1, 2, 3, 4, 5, 6, 7, 8, 9, 10, 11, 12, 13, 14, 15, 16, 17, 18, 19, 20, 21, 22, 23, 24, 25, 26, 27, 28, 29, 30, 31, 32, 33, 34, 35, 36, 37, 38, 39, 40, 41, 42, 43, 44, 45, 46, 47, 48, 49, 50, 51, 52, 53, 54]",octahedral,"[[1.79558662, 2.97099811, 2.38329237]]",1,0.14285714285714285,1,[1],[0],1
path_image_seed,Mg1,1,5,af202117df2c3a60,POSCAR_Mg1_base0001_octahedral_path0001_pimg001_seed005.vasp,,True,,[0],[0],['Mg'],"[[0.25, 0.25, 0.25]]",single,1,"[1, 1, 1]",4.0,0.19285714285714284,"[0, 1, 2, 3, 4, 5, 6, 7, 8, 9, 10, 11, 12, 13, 14, 15, 16, 17, 18, 19, 20, 21, 22, 23, 24, 25, 26, 27, 28, 29, 30, 31, 32, 33, 34, 35, 36, 37, 38, 39, 40, 41, 42, 43, 44, 45, 46, 47, 48, 49, 50, 51, 52, 53, 54]",octahedral,"[[1.79558662, 2.97099811, 2.38329237]]",1,0.14285714285714285,1,[1],[0],1
path_image_seed,Mg1,1,6,af202117df2c3a60,POSCAR_Mg1_base0001_octahedral_path0001_pimg001_seed006.vasp,,True,,[0],[0],['Mg'],"[[0.25, 0.25, 0.25]]",single,1,"[1, 1, 1]",4.0,0.22857142857142854,"[0, 1, 2, 3, 4, 5, 6, 7, 8, 9, 10, 11, 12, 13, 14, 15, 16, 17, 18, 19, 20, 21, 22, 23, 24, 25, 26, 27, 28, 29, 30, 31, 32, 33, 34, 35, 36, 37, 38, 39, 40, 41, 42, 43, 44, 45, 46, 47, 48, 49, 50, 51, 52, 53, 54]",octahedral,"[[1.79558662, 2.97099811, 2.38329237]]",1,0.14285714285714285,1,[1],[0],1
path_image_seed,Mg1,1,7,af202117df2c3a60,POSCAR_Mg1_base0001_octahedral_path0001_pimg001_seed007.vasp,,True,,[0],[0],['Mg'],"[[0.25, 0.25, 0.25]]",single,1,"[1, 1, 1]",4.0,0.2642857142857143,"[0, 1, 2, 3, 4, 5, 6, 7, 8, 9, 10, 11, 12, 13, 14, 15, 16, 17, 18, 19, 20, 21, 22, 23, 24, 25, 26, 27, 28, 29, 30, 31, 32, 33, 34, 35, 36, 37, 38, 39, 40, 41, 42, 43, 44, 45, 46, 47, 48, 49, 50, 51, 52, 53, 54]",octahedral,"[[1.79558662, 2.97099811, 2.38329237]]",1,0.14285714285714285,1,[1],[0],1
path_image_seed,Mg1,1,8,af202117df2c3a60,POSCAR_Mg1_base0001_octahedral_path0001_pimg001_seed008.vasp,,True,,[0],[0],['Mg'],"[[0.25, 0.25, 0.25]]",single,1,"[1, 1, 1]",4.0,0.3,"[0, 1, 2, 3, 4, 5, 6, 7, 8, 9, 10, 11, 12, 13, 14, 15, 16, 17, 18, 19, 20, 21, 22, 23, 24, 25, 26, 27, 28, 29, 30, 31, 32, 33, 34, 35, 36, 37, 38, 39, 40, 41, 42, 43, 44, 45, 46, 47, 48, 49, 50, 51, 52, 53, 54]",octahedral,"[[1.79558662, 2.97099811, 2.38329237]]",1,0.14285714285714285,1,[1],[0],1
path_image,Mg1,1,,af202117df2c3a60,POSCAR_Mg1_base0001_octahedral_path0001_pimg002.vasp,,True,,[0],[0],['Mg'],"[[0.25, 0.25, 0.25]]",single,1,"[1, 1, 1]",,,[],octahedral,"[[1.79558662, 2.97099811, 2.38329237]]",1,0.2857142857142857,,[1],[0],1
path_image_seed,Mg1,1,1,af202117df2c3a60,POSCAR_Mg1_base0001_octahedral_path0001_pimg002_seed001.vasp,,True,,[0],[0],['Mg'],"[[0.25, 0.25, 0.25]]",single,1,"[1, 1, 1]",4.0,0.05,"[0, 1, 2, 3, 4, 5, 6, 7, 8, 9, 10, 11, 12, 13, 14, 15, 16, 17, 18, 19, 20, 21, 22, 23, 24, 25, 26, 27, 28, 29, 30, 31, 32, 33, 34, 35, 36, 37, 38, 39, 40, 41, 42, 43, 44, 45, 46, 47, 48, 49, 50, 51, 52, 53, 54]",octahedral,"[[1.79558662, 2.97099811, 2.38329237]]",1,0.2857142857142857,2,[1],[0],1
path_image_seed,Mg1,1,2,af202117df2c3a60,POSCAR_Mg1_base0001_octahedral_path0001_pimg002_seed002.vasp,,True,,[0],[0],['Mg'],"[[0.25, 0.25, 0.25]]",single,1,"[1, 1, 1]",4.0,0.08571428571428572,"[0, 1, 2, 3, 4, 5, 6, 7, 8, 9, 10, 11, 12, 13, 14, 15, 16, 17, 18, 19, 20, 21, 22, 23, 24, 25, 26, 27, 28, 29, 30, 31, 32, 33, 34, 35, 36, 37, 38, 39, 40, 41, 42, 43, 44, 45, 46, 47, 48, 49, 50, 51, 52, 53, 54]",octahedral,"[[1.79558662, 2.97099811, 2.38329237]]",1,0.2857142857142857,2,[1],[0],1
path_image_seed,Mg1,1,3,af202117df2c3a60,POSCAR_Mg1_base0001_octahedral_path0001_pimg002_seed003.vasp,,True,,[0],[0],['Mg'],"[[0.25, 0.25, 0.25]]",single,1,"[1, 1, 1]",4.0,0.12142857142857143,"[0, 1, 2, 3, 4, 5, 6, 7, 8, 9, 10, 11, 12, 13, 14, 15, 16, 17, 18, 19, 20, 21, 22, 23, 24, 25, 26, 27, 28, 29, 30, 31, 32, 33, 34, 35, 36, 37, 38, 39, 40, 41, 42, 43, 44, 45, 46, 47, 48, 49, 50, 51, 52, 53, 54]",octahedral,"[[1.79558662, 2.97099811, 2.38329237]]",1,0.2857142857142857,2,[1],[0],1
path_image_seed,Mg1,1,4,af202117df2c3a60,POSCAR_Mg1_base0001_octahedral_path0001_pimg002_seed004.vasp,,True,,[0],[0],['Mg'],"[[0.25, 0.25, 0.25]]",single,1,"[1, 1, 1]",4.0,0.15714285714285714,"[0, 1, 2, 3, 4, 5, 6, 7, 8, 9, 10, 11, 12, 13, 14, 15, 16, 17, 18, 19, 20, 21, 22, 23, 24, 25, 26, 27, 28, 29, 30, 31, 32, 33, 34, 35, 36, 37, 38, 39, 40, 41, 42, 43, 44, 45, 46, 47, 48, 49, 50, 51, 52, 53, 54]",octahedral,"[[1.79558662, 2.97099811, 2.38329237]]",1,0.2857142857142857,2,[1],[0],1
path_image_seed,Mg1,1,5,af202117df2c3a60,POSCAR_Mg1_base0001_octahedral_path0001_pimg002_seed005.vasp,,True,,[0],[0],['Mg'],"[[0.25, 0.25, 0.25]]",single,1,"[1, 1, 1]",4.0,0.19285714285714284,"[0, 1, 2, 3, 4, 5, 6, 7, 8, 9, 10, 11, 12, 13, 14, 15, 16, 17, 18, 19, 20, 21, 22, 23, 24, 25, 26, 27, 28, 29, 30, 31, 32, 33, 34, 35, 36, 37, 38, 39, 40, 41, 42, 43, 44, 45, 46, 47, 48, 49, 50, 51, 52, 53, 54]",octahedral,"[[1.79558662, 2.97099811, 2.38329237]]",1,0.2857142857142857,2,[1],[0],1
path_image_seed,Mg1,1,6,af202117df2c3a60,POSCAR_Mg1_base0001_octahedral_path0001_pimg002_seed006.vasp,,True,,[0],[0],['Mg'],"[[0.25, 0.25, 0.25]]",single,1,"[1, 1, 1]",4.0,0.22857142857142854,"[0, 1, 2, 3, 4, 5, 6, 7, 8, 9, 10, 11, 12, 13, 14, 15, 16, 17, 18, 19, 20, 21, 22, 23, 24, 25, 26, 27, 28, 29, 30, 31, 32, 33, 34, 35, 36, 37, 38, 39, 40, 41, 42, 43, 44, 45, 46, 47, 48, 49, 50, 51, 52, 53, 54]",octahedral,"[[1.79558662, 2.97099811, 2.38329237]]",1,0.2857142857142857,2,[1],[0],1
path_image_seed,Mg1,1,7,af202117df2c3a60,POSCAR_Mg1_base0001_octahedral_path0001_pimg002_seed007.vasp,,True,,[0],[0],['Mg'],"[[0.25, 0.25, 0.25]]",single,1,"[1, 1, 1]",4.0,0.2642857142857143,"[0, 1, 2, 3, 4, 5, 6, 7, 8, 9, 10, 11, 12, 13, 14, 15, 16, 17, 18, 19, 20, 21, 22, 23, 24, 25, 26, 27, 28, 29, 30, 31, 32, 33, 34, 35, 36, 37, 38, 39, 40, 41, 42, 43, 44, 45, 46, 47, 48, 49, 50, 51, 52, 53, 54]",octahedral,"[[1.79558662, 2.97099811, 2.38329237]]",1,0.2857142857142857,2,[1],[0],1
path_image_seed,Mg1,1,8,af202117df2c3a60,POSCAR_Mg1_base0001_octahedral_path0001_pimg002_seed008.vasp,,True,,[0],[0],['Mg'],"[[0.25, 0.25, 0.25]]",single,1,"[1, 1, 1]",4.0,0.3,"[0, 1, 2, 3, 4, 5, 6, 7, 8, 9, 10, 11, 12, 13, 14, 15, 16, 17, 18, 19, 20, 21, 22, 23, 24, 25, 26, 27, 28, 29, 30, 31, 32, 33, 34, 35, 36, 37, 38, 39, 40, 41, 42, 43, 44, 45, 46, 47, 48, 49, 50, 51, 52, 53, 54]",octahedral,"[[1.79558662, 2.97099811, 2.38329237]]",1,0.2857142857142857,2,[1],[0],1
path_image,Mg1,1,,af202117df2c3a60,POSCAR_Mg1_base0001_octahedral_path0001_pimg003.vasp,,True,,[0],[0],['Mg'],"[[0.25, 0.25, 0.25]]",single,1,"[1, 1, 1]",,,[],octahedral,"[[1.79558662, 2.97099811, 2.38329237]]",1,0.42857142857142855,,[1],[0],1
path_image_seed,Mg1,1,1,af202117df2c3a60,POSCAR_Mg1_base0001_octahedral_path0001_pimg003_seed001.vasp,,True,,[0],[0],['Mg'],"[[0.25, 0.25, 0.25]]",single,1,"[1, 1, 1]",4.0,0.05,"[0, 1, 2, 3, 4, 5, 6, 7, 8, 9, 10, 11, 12, 13, 14, 15, 16, 17, 18, 19, 20, 21, 22, 23, 24, 25, 26, 27, 28, 29, 30, 31, 32, 33, 34, 35, 36, 37, 38, 39, 40, 41, 42, 43, 44, 45, 46, 47, 48, 49, 50, 51, 52, 53, 54]",octahedral,"[[1.79558662, 2.97099811, 2.38329237]]",1,0.42857142857142855,3,[1],[0],1
path_image_seed,Mg1,1,2,af202117df2c3a60,POSCAR_Mg1_base0001_octahedral_path0001_pimg003_seed002.vasp,,True,,[0],[0],['Mg'],"[[0.25, 0.25, 0.25]]",single,1,"[1, 1, 1]",4.0,0.08571428571428572,"[0, 1, 2, 3, 4, 5, 6, 7, 8, 9, 10, 11, 12, 13, 14, 15, 16, 17, 18, 19, 20, 21, 22, 23, 24, 25, 26, 27, 28, 29, 30, 31, 32, 33, 34, 35, 36, 37, 38, 39, 40, 41, 42, 43, 44, 45, 46, 47, 48, 49, 50, 51, 52, 53, 54]",octahedral,"[[1.79558662, 2.97099811, 2.38329237]]",1,0.42857142857142855,3,[1],[0],1
path_image_seed,Mg1,1,3,af202117df2c3a60,POSCAR_Mg1_base0001_octahedral_path0001_pimg003_seed003.vasp,,True,,[0],[0],['Mg'],"[[0.25, 0.25, 0.25]]",single,1,"[1, 1, 1]",4.0,0.12142857142857143,"[0, 1, 2, 3, 4, 5, 6, 7, 8, 9, 10, 11, 12, 13, 14, 15, 16, 17, 18, 19, 20, 21, 22, 23, 24, 25, 26, 27, 28, 29, 30, 31, 32, 33, 34, 35, 36, 37, 38, 39, 40, 41, 42, 43, 44, 45, 46, 47, 48, 49, 50, 51, 52, 53, 54]",octahedral,"[[1.79558662, 2.97099811, 2.38329237]]",1,0.42857142857142855,3,[1],[0],1
path_image_seed,Mg1,1,4,af202117df2c3a60,POSCAR_Mg1_base0001_octahedral_path0001_pimg003_seed004.vasp,,True,,[0],[0],['Mg'],"[[0.25, 0.25, 0.25]]",single,1,"[1, 1, 1]",4.0,0.15714285714285714,"[0, 1, 2, 3, 4, 5, 6, 7, 8, 9, 10, 11, 12, 13, 14, 15, 16, 17, 18, 19, 20, 21, 22, 23, 24, 25, 26, 27, 28, 29, 30, 31, 32, 33, 34, 35, 36, 37, 38, 39, 40, 41, 42, 43, 44, 45, 46, 47, 48, 49, 50, 51, 52, 53, 54]",octahedral,"[[1.79558662, 2.97099811, 2.38329237]]",1,0.42857142857142855,3,[1],[0],1
path_image_seed,Mg1,1,5,af202117df2c3a60,POSCAR_Mg1_base0001_octahedral_path0001_pimg003_seed005.vasp,,True,,[0],[0],['Mg'],"[[0.25, 0.25, 0.25]]",single,1,"[1, 1, 1]",4.0,0.19285714285714284,"[0, 1, 2, 3, 4, 5, 6, 7, 8, 9, 10, 11, 12, 13, 14, 15, 16, 17, 18, 19, 20, 21, 22, 23, 24, 25, 26, 27, 28, 29, 30, 31, 32, 33, 34, 35, 36, 37, 38, 39, 40, 41, 42, 43, 44, 45, 46, 47, 48, 49, 50, 51, 52, 53, 54]",octahedral,"[[1.79558662, 2.97099811, 2.38329237]]",1,0.42857142857142855,3,[1],[0],1
path_image_seed,Mg1,1,6,af202117df2c3a60,POSCAR_Mg1_base0001_octahedral_path0001_pimg003_seed006.vasp,,True,,[0],[0],['Mg'],"[[0.25, 0.25, 0.25]]",single,1,"[1, 1, 1]",4.0,0.22857142857142854,"[0, 1, 2, 3, 4, 5, 6, 7, 8, 9, 10, 11, 12, 13, 14, 15, 16, 17, 18, 19, 20, 21, 22, 23, 24, 25, 26, 27, 28, 29, 30, 31, 32, 33, 34, 35, 36, 37, 38, 39, 40, 41, 42, 43, 44, 45, 46, 47, 48, 49, 50, 51, 52, 53, 54]",octahedral,"[[1.79558662, 2.97099811, 2.38329237]]",1,0.42857142857142855,3,[1],[0],1
path_image_seed,Mg1,1,7,af202117df2c3a60,POSCAR_Mg1_base0001_octahedral_path0001_pimg003_seed007.vasp,,True,,[0],[0],['Mg'],"[[0.25, 0.25, 0.25]]",single,1,"[1, 1, 1]",4.0,0.2642857142857143,"[0, 1, 2, 3, 4, 5, 6, 7, 8, 9, 10, 11, 12, 13, 14, 15, 16, 17, 18, 19, 20, 21, 22, 23, 24, 25, 26, 27, 28, 29, 30, 31, 32, 33, 34, 35, 36, 37, 38, 39, 40, 41, 42, 43, 44, 45, 46, 47, 48, 49, 50, 51, 52, 53, 54]",octahedral,"[[1.79558662, 2.97099811, 2.38329237]]",1,0.42857142857142855,3,[1],[0],1
path_image_seed,Mg1,1,8,af202117df2c3a60,POSCAR_Mg1_base0001_octahedral_path0001_pimg003_seed008.vasp,,True,,[0],[0],['Mg'],"[[0.25, 0.25, 0.25]]",single,1,"[1, 1, 1]",4.0,0.3,"[0, 1, 2, 3, 4, 5, 6, 7, 8, 9, 10, 11, 12, 13, 14, 15, 16, 17, 18, 19, 20, 21, 22, 23, 24, 25, 26, 27, 28, 29, 30, 31, 32, 33, 34, 35, 36, 37, 38, 39, 40, 41, 42, 43, 44, 45, 46, 47, 48, 49, 50, 51, 52, 53, 54]",octahedral,"[[1.79558662, 2.97099811, 2.38329237]]",1,0.42857142857142855,3,[1],[0],1
path_image,Mg1,1,,af202117df2c3a60,POSCAR_Mg1_base0001_octahedral_path0001_pimg004.vasp,,True,,[0],[0],['Mg'],"[[0.25, 0.25, 0.25]]",single,1,"[1, 1, 1]",,,[],octahedral,"[[1.79558662, 2.97099811, 2.38329237]]",1,0.5714285714285714,,[1],[0],1
path_image_seed,Mg1,1,1,af202117df2c3a60,POSCAR_Mg1_base0001_octahedral_path0001_pimg004_seed001.vasp,,True,,[0],[0],['Mg'],"[[0.25, 0.25, 0.25]]",single,1,"[1, 1, 1]",4.0,0.05,"[0, 1, 2, 3, 4, 5, 6, 7, 8, 9, 10, 11, 12, 13, 14, 15, 16, 17, 18, 19, 20, 21, 22, 23, 24, 25, 26, 27, 28, 29, 30, 31, 32, 33, 34, 35, 36, 37, 38, 39, 40, 41, 42, 43, 44, 45, 46, 47, 48, 49, 50, 51, 52, 53, 54]",octahedral,"[[1.79558662, 2.97099811, 2.38329237]]",1,0.5714285714285714,4,[1],[0],1
path_image_seed,Mg1,1,2,af202117df2c3a60,POSCAR_Mg1_base0001_octahedral_path0001_pimg004_seed002.vasp,,True,,[0],[0],['Mg'],"[[0.25, 0.25, 0.25]]",single,1,"[1, 1, 1]",4.0,0.08571428571428572,"[0, 1, 2, 3, 4, 5, 6, 7, 8, 9, 10, 11, 12, 13, 14, 15, 16, 17, 18, 19, 20, 21, 22, 23, 24, 25, 26, 27, 28, 29, 30, 31, 32, 33, 34, 35, 36, 37, 38, 39, 40, 41, 42, 43, 44, 45, 46, 47, 48, 49, 50, 51, 52, 53, 54]",octahedral,"[[1.79558662, 2.97099811, 2.38329237]]",1,0.5714285714285714,4,[1],[0],1
path_image_seed,Mg1,1,3,af202117df2c3a60,POSCAR_Mg1_base0001_octahedral_path0001_pimg004_seed003.vasp,,True,,[0],[0],['Mg'],"[[0.25, 0.25, 0.25]]",single,1,"[1, 1, 1]",4.0,0.12142857142857143,"[0, 1, 2, 3, 4, 5, 6, 7, 8, 9, 10, 11, 12, 13, 14, 15, 16, 17, 18, 19, 20, 21, 22, 23, 24, 25, 26, 27, 28, 29, 30, 31, 32, 33, 34, 35, 36, 37, 38, 39, 40, 41, 42, 43, 44, 45, 46, 47, 48, 49, 50, 51, 52, 53, 54]",octahedral,"[[1.79558662, 2.97099811, 2.38329237]]",1,0.5714285714285714,4,[1],[0],1
path_image_seed,Mg1,1,4,af202117df2c3a60,POSCAR_Mg1_base0001_octahedral_path0001_pimg004_seed004.vasp,,True,,[0],[0],['Mg'],"[[0.25, 0.25, 0.25]]",single,1,"[1, 1, 1]",4.0,0.15714285714285714,"[0, 1, 2, 3, 4, 5, 6, 7, 8, 9, 10, 11, 12, 13, 14, 15, 16, 17, 18, 19, 20, 21, 22, 23, 24, 25, 26, 27, 28, 29, 30, 31, 32, 33, 34, 35, 36, 37, 38, 39, 40, 41, 42, 43, 44, 45, 46, 47, 48, 49, 50, 51, 52, 53, 54]",octahedral,"[[1.79558662, 2.97099811, 2.38329237]]",1,0.5714285714285714,4,[1],[0],1
path_image_seed,Mg1,1,5,af202117df2c3a60,POSCAR_Mg1_base0001_octahedral_path0001_pimg004_seed005.vasp,,True,,[0],[0],['Mg'],"[[0.25, 0.25, 0.25]]",single,1,"[1, 1, 1]",4.0,0.19285714285714284,"[0, 1, 2, 3, 4, 5, 6, 7, 8, 9, 10, 11, 12, 13, 14, 15, 16, 17, 18, 19, 20, 21, 22, 23, 24, 25, 26, 27, 28, 29, 30, 31, 32, 33, 34, 35, 36, 37, 38, 39, 40, 41, 42, 43, 44, 45, 46, 47, 48, 49, 50, 51, 52, 53, 54]",octahedral,"[[1.79558662, 2.97099811, 2.38329237]]",1,0.5714285714285714,4,[1],[0],1
path_image_seed,Mg1,1,6,af202117df2c3a60,POSCAR_Mg1_base0001_octahedral_path0001_pimg004_seed006.vasp,,True,,[0],[0],['Mg'],"[[0.25, 0.25, 0.25]]",single,1,"[1, 1, 1]",4.0,0.22857142857142854,"[0, 1, 2, 3, 4, 5, 6, 7, 8, 9, 10, 11, 12, 13, 14, 15, 16, 17, 18, 19, 20, 21, 22, 23, 24, 25, 26, 27, 28, 29, 30, 31, 32, 33, 34, 35, 36, 37, 38, 39, 40, 41, 42, 43, 44, 45, 46, 47, 48, 49, 50, 51, 52, 53, 54]",octahedral,"[[1.79558662, 2.97099811, 2.38329237]]",1,0.5714285714285714,4,[1],[0],1
path_image_seed,Mg1,1,7,af202117df2c3a60,POSCAR_Mg1_base0001_octahedral_path0001_pimg004_seed007.vasp,,True,,[0],[0],['Mg'],"[[0.25, 0.25, 0.25]]",single,1,"[1, 1, 1]",4.0,0.2642857142857143,"[0, 1, 2, 3, 4, 5, 6, 7, 8, 9, 10, 11, 12, 13, 14, 15, 16, 17, 18, 19, 20, 21, 22, 23, 24, 25, 26, 27, 28, 29, 30, 31, 32, 33, 34, 35, 36, 37, 38, 39, 40, 41, 42, 43, 44, 45, 46, 47, 48, 49, 50, 51, 52, 53, 54]",octahedral,"[[1.79558662, 2.97099811, 2.38329237]]",1,0.5714285714285714,4,[1],[0],1
rejected_path_image_seed,Mg1,1,8,af202117df2c3a60,,,False,"{""pair"": [0, 40], ""species"": [""Mg"", ""Se""], ""distance"": 1.272634827333581, ""minimum_allowed"": 1.4575}",[0],[0],['Mg'],"[[0.25, 0.25, 0.25]]",single,1,"[1, 1, 1]",4.0,0.3,"[0, 1, 2, 3, 4, 5, 6, 7, 8, 9, 10, 11, 12, 13, 14, 15, 16, 17, 18, 19, 20, 21, 22, 23, 24, 25, 26, 27, 28, 29, 30, 31, 32, 33, 34, 35, 36, 37, 38, 39, 40, 41, 42, 43, 44, 45, 46, 47, 48, 49, 50, 51, 52, 53, 54]",octahedral,"[[1.79558662, 2.97099811, 2.38329237]]",1,0.5714285714285714,4,[1],[0],1
path_image,Mg1,1,,af202117df2c3a60,POSCAR_Mg1_base0001_octahedral_path0001_pimg005.vasp,,True,,[0],[0],['Mg'],"[[0.25, 0.25, 0.25]]",single,1,"[1, 1, 1]",,,[],octahedral,"[[1.79558662, 2.97099811, 2.38329237]]",1,0.7142857142857142,,[1],[0],1
rejected_path_image_seed,Mg1,1,1,af202117df2c3a60,,,False,"{""pair"": [0, 40], ""species"": [""Mg"", ""Se""], ""distance"": 1.3126563817447885, ""minimum_allowed"": 1.4575}",[0],[0],['Mg'],"[[0.25, 0.25, 0.25]]",single,1,"[1, 1, 1]",4.0,0.05,"[0, 1, 2, 3, 4, 5, 6, 7, 8, 9, 10, 11, 12, 13, 14, 15, 16, 17, 18, 19, 20, 21, 22, 23, 24, 25, 26, 27, 28, 29, 30, 31, 32, 33, 34, 35, 36, 37, 38, 39, 40, 41, 42, 43, 44, 45, 46, 47, 48, 49, 50, 51, 52, 53, 54]",octahedral,"[[1.79558662, 2.97099811, 2.38329237]]",1,0.7142857142857142,5,[1],[0],1
rejected_path_image_seed,Mg1,1,2,af202117df2c3a60,,,False,"{""pair"": [0, 40], ""species"": [""Mg"", ""Se""], ""distance"": 1.3462714494163242, ""minimum_allowed"": 1.4575}",[0],[0],['Mg'],"[[0.25, 0.25, 0.25]]",single,1,"[1, 1, 1]",4.0,0.08571428571428572,"[0, 1, 2, 3, 4, 5, 6, 7, 8, 9, 10, 11, 12, 13, 14, 15, 16, 17, 18, 19, 20, 21, 22, 23, 24, 25, 26, 27, 28, 29, 30, 31, 32, 33, 34, 35, 36, 37, 38, 39, 40, 41, 42, 43, 44, 45, 46, 47, 48, 49, 50, 51, 52, 53, 54]",octahedral,"[[1.79558662, 2.97099811, 2.38329237]]",1,0.7142857142857142,5,[1],[0],1
rejected_path_image_seed,Mg1,1,3,af202117df2c3a60,,,False,"{""pair"": [0, 40], ""species"": [""Mg"", ""Se""], ""distance"": 1.3558845336684608, ""minimum_allowed"": 1.4575}",[0],[0],['Mg'],"[[0.25, 0.25, 0.25]]",single,1,"[1, 1, 1]",4.0,0.12142857142857143,"[0, 1, 2, 3, 4, 5, 6, 7, 8, 9, 10, 11, 12, 13, 14, 15, 16, 17, 18, 19, 20, 21, 22, 23, 24, 25, 26, 27, 28, 29, 30, 31, 32, 33, 34, 35, 36, 37, 38, 39, 40, 41, 42, 43, 44, 45, 46, 47, 48, 49, 50, 51, 52, 53, 54]",octahedral,"[[1.79558662, 2.97099811, 2.38329237]]",1,0.7142857142857142,5,[1],[0],1
rejected_path_image_seed,Mg1,1,4,af202117df2c3a60,,,False,"{""pair"": [0, 40], ""species"": [""Mg"", ""Se""], ""distance"": 1.2786584998261465, ""minimum_allowed"": 1.4575}",[0],[0],['Mg'],"[[0.25, 0.25, 0.25]]",single,1,"[1, 1, 1]",4.0,0.15714285714285714,"[0, 1, 2, 3, 4, 5, 6, 7, 8, 9, 10, 11, 12, 13, 14, 15, 16, 17, 18, 19, 20, 21, 22, 23, 24, 25, 26, 27, 28, 29, 30, 31, 32, 33, 34, 35, 36, 37, 38, 39, 40, 41, 42, 43, 44, 45, 46, 47, 48, 49, 50, 51, 52, 53, 54]",octahedral,"[[1.79558662, 2.97099811, 2.38329237]]",1,0.7142857142857142,5,[1],[0],1
rejected_path_image_seed,Mg1,1,5,af202117df2c3a60,,,False,"{""pair"": [0, 40], ""species"": [""Mg"", ""Se""], ""distance"": 1.4525515108262999, ""minimum_allowed"": 1.4575}",[0],[0],['Mg'],"[[0.25, 0.25, 0.25]]",single,1,"[1, 1, 1]",4.0,0.19285714285714284,"[0, 1, 2, 3, 4, 5, 6, 7, 8, 9, 10, 11, 12, 13, 14, 15, 16, 17, 18, 19, 20, 21, 22, 23, 24, 25, 26, 27, 28, 29, 30, 31, 32, 33, 34, 35, 36, 37, 38, 39, 40, 41, 42, 43, 44, 45, 46, 47, 48, 49, 50, 51, 52, 53, 54]",octahedral,"[[1.79558662, 2.97099811, 2.38329237]]",1,0.7142857142857142,5,[1],[0],1
rejected_path_image_seed,Mg1,1,6,af202117df2c3a60,,,False,"{""pair"": [0, 40], ""species"": [""Mg"", ""Se""], ""distance"": 1.3856977712011598, ""minimum_allowed"": 1.4575}",[0],[0],['Mg'],"[[0.25, 0.25, 0.25]]",single,1,"[1, 1, 1]",4.0,0.22857142857142854,"[0, 1, 2, 3, 4, 5, 6, 7, 8, 9, 10, 11, 12, 13, 14, 15, 16, 17, 18, 19, 20, 21, 22, 23, 24, 25, 26, 27, 28, 29, 30, 31, 32, 33, 34, 35, 36, 37, 38, 39, 40, 41, 42, 43, 44, 45, 46, 47, 48, 49, 50, 51, 52, 53, 54]",octahedral,"[[1.79558662, 2.97099811, 2.38329237]]",1,0.7142857142857142,5,[1],[0],1
path_image_seed,Mg1,1,7,af202117df2c3a60,POSCAR_Mg1_base0001_octahedral_path0001_pimg005_seed007.vasp,,True,,[0],[0],['Mg'],"[[0.25, 0.25, 0.25]]",single,1,"[1, 1, 1]",4.0,0.2642857142857143,"[0, 1, 2, 3, 4, 5, 6, 7, 8, 9, 10, 11, 12, 13, 14, 15, 16, 17, 18, 19, 20, 21, 22, 23, 24, 25, 26, 27, 28, 29, 30, 31, 32, 33, 34, 35, 36, 37, 38, 39, 40, 41, 42, 43, 44, 45, 46, 47, 48, 49, 50, 51, 52, 53, 54]",octahedral,"[[1.79558662, 2.97099811, 2.38329237]]",1,0.7142857142857142,5,[1],[0],1
rejected_path_image_seed,Mg1,1,8,af202117df2c3a60,,,False,"{""pair"": [0, 40], ""species"": [""Mg"", ""Se""], ""distance"": 1.2959705719506434, ""minimum_allowed"": 1.4575}",[0],[0],['Mg'],"[[0.25, 0.25, 0.25]]",single,1,"[1, 1, 1]",4.0,0.3,"[0, 1, 2, 3, 4, 5, 6, 7, 8, 9, 10, 11, 12, 13, 14, 15, 16, 17, 18, 19, 20, 21, 22, 23, 24, 25, 26, 27, 28, 29, 30, 31, 32, 33, 34, 35, 36, 37, 38, 39, 40, 41, 42, 43, 44, 45, 46, 47, 48, 49, 50, 51, 52, 53, 54]",octahedral,"[[1.79558662, 2.97099811, 2.38329237]]",1,0.7142857142857142,5,[1],[0],1
path_image,Mg1,1,,af202117df2c3a60,POSCAR_Mg1_base0001_octahedral_path0001_pimg006.vasp,,True,,[0],[0],['Mg'],"[[0.25, 0.25, 0.25]]",single,1,"[1, 1, 1]",,,[],octahedral,"[[1.79558662, 2.97099811, 2.38329237]]",1,0.8571428571428571,,[1],[0],1
path_image_seed,Mg1,1,1,af202117df2c3a60,POSCAR_Mg1_base0001_octahedral_path0001_pimg006_seed001.vasp,,True,,[0],[0],['Mg'],"[[0.25, 0.25, 0.25]]",single,1,"[1, 1, 1]",4.0,0.05,"[0, 1, 2, 3, 4, 5, 6, 7, 8, 9, 10, 11, 12, 13, 14, 15, 16, 17, 18, 19, 20, 21, 22, 23, 24, 25, 26, 27, 28, 29, 30, 31, 32, 33, 34, 35, 36, 37, 38, 39, 40, 41, 42, 43, 44, 45, 46, 47, 48, 49, 50, 51, 52, 53, 54]",octahedral,"[[1.79558662, 2.97099811, 2.38329237]]",1,0.8571428571428571,6,[1],[0],1
path_image_seed,Mg1,1,2,af202117df2c3a60,POSCAR_Mg1_base0001_octahedral_path0001_pimg006_seed002.vasp,,True,,[0],[0],['Mg'],"[[0.25, 0.25, 0.25]]",single,1,"[1, 1, 1]",4.0,0.08571428571428572,"[0, 1, 2, 3, 4, 5, 6, 7, 8, 9, 10, 11, 12, 13, 14, 15, 16, 17, 18, 19, 20, 21, 22, 23, 24, 25, 26, 27, 28, 29, 30, 31, 32, 33, 34, 35, 36, 37, 38, 39, 40, 41, 42, 43, 44, 45, 46, 47, 48, 49, 50, 51, 52, 53, 54]",octahedral,"[[1.79558662, 2.97099811, 2.38329237]]",1,0.8571428571428571,6,[1],[0],1
path_image_seed,Mg1,1,3,af202117df2c3a60,POSCAR_Mg1_base0001_octahedral_path0001_pimg006_seed003.vasp,,True,,[0],[0],['Mg'],"[[0.25, 0.25, 0.25]]",single,1,"[1, 1, 1]",4.0,0.12142857142857143,"[0, 1, 2, 3, 4, 5, 6, 7, 8, 9, 10, 11, 12, 13, 14, 15, 16, 17, 18, 19, 20, 21, 22, 23, 24, 25, 26, 27, 28, 29, 30, 31, 32, 33, 34, 35, 36, 37, 38, 39, 40, 41, 42, 43, 44, 45, 46, 47, 48, 49, 50, 51, 52, 53, 54]",octahedral,"[[1.79558662, 2.97099811, 2.38329237]]",1,0.8571428571428571,6,[1],[0],1
path_image_seed,Mg1,1,4,af202117df2c3a60,POSCAR_Mg1_base0001_octahedral_path0001_pimg006_seed004.vasp,,True,,[0],[0],['Mg'],"[[0.25, 0.25, 0.25]]",single,1,"[1, 1, 1]",4.0,0.15714285714285714,"[0, 1, 2, 3, 4, 5, 6, 7, 8, 9, 10, 11, 12, 13, 14, 15, 16, 17, 18, 19, 20, 21, 22, 23, 24, 25, 26, 27, 28, 29, 30, 31, 32, 33, 34, 35, 36, 37, 38, 39, 40, 41, 42, 43, 44, 45, 46, 47, 48, 49, 50, 51, 52, 53, 54]",octahedral,"[[1.79558662, 2.97099811, 2.38329237]]",1,0.8571428571428571,6,[1],[0],1
path_image_seed,Mg1,1,5,af202117df2c3a60,POSCAR_Mg1_base0001_octahedral_path0001_pimg006_seed005.vasp,,True,,[0],[0],['Mg'],"[[0.25, 0.25, 0.25]]",single,1,"[1, 1, 1]",4.0,0.19285714285714284,"[0, 1, 2, 3, 4, 5, 6, 7, 8, 9, 10, 11, 12, 13, 14, 15, 16, 17, 18, 19, 20, 21, 22, 23, 24, 25, 26, 27, 28, 29, 30, 31, 32, 33, 34, 35, 36, 37, 38, 39, 40, 41, 42, 43, 44, 45, 46, 47, 48, 49, 50, 51, 52, 53, 54]",octahedral,"[[1.79558662, 2.97099811, 2.38329237]]",1,0.8571428571428571,6,[1],[0],1
path_image_seed,Mg1,1,6,af202117df2c3a60,POSCAR_Mg1_base0001_octahedral_path0001_pimg006_seed006.vasp,,True,,[0],[0],['Mg'],"[[0.25, 0.25, 0.25]]",single,1,"[1, 1, 1]",4.0,0.22857142857142854,"[0, 1, 2, 3, 4, 5, 6, 7, 8, 9, 10, 11, 12, 13, 14, 15, 16, 17, 18, 19, 20, 21, 22, 23, 24, 25, 26, 27, 28, 29, 30, 31, 32, 33, 34, 35, 36, 37, 38, 39, 40, 41, 42, 43, 44, 45, 46, 47, 48, 49, 50, 51, 52, 53, 54]",octahedral,"[[1.79558662, 2.97099811, 2.38329237]]",1,0.8571428571428571,6,[1],[0],1
path_image_seed,Mg1,1,7,af202117df2c3a60,POSCAR_Mg1_base0001_octahedral_path0001_pimg006_seed007.vasp,,True,,[0],[0],['Mg'],"[[0.25, 0.25, 0.25]]",single,1,"[1, 1, 1]",4.0,0.2642857142857143,"[0, 1, 2, 3, 4, 5, 6, 7, 8, 9, 10, 11, 12, 13, 14, 15, 16, 17, 18, 19, 20, 21, 22, 23, 24, 25, 26, 27, 28, 29, 30, 31, 32, 33, 34, 35, 36, 37, 38, 39, 40, 41, 42, 43, 44, 45, 46, 47, 48, 49, 50, 51, 52, 53, 54]",octahedral,"[[1.79558662, 2.97099811, 2.38329237]]",1,0.8571428571428571,6,[1],[0],1
path_image_seed,Mg1,1,8,af202117df2c3a60,POSCAR_Mg1_base0001_octahedral_path0001_pimg006_seed008.vasp,,True,,[0],[0],['Mg'],"[[0.25, 0.25, 0.25]]",single,1,"[1, 1, 1]",4.0,0.3,"[0, 1, 2, 3, 4, 5, 6, 7, 8, 9, 10, 11, 12, 13, 14, 15, 16, 17, 18, 19, 20, 21, 22, 23, 24, 25, 26, 27, 28, 29, 30, 31, 32, 33, 34, 35, 36, 37, 38, 39, 40, 41, 42, 43, 44, 45, 46, 47, 48, 49, 50, 51, 52, 53, 54]",octahedral,"[[1.79558662, 2.97099811, 2.38329237]]",1,0.8571428571428571,6,[1],[0],1
path_end,Mg1,1,,af202117df2c3a60,POSCAR_Mg1_base0001_octahedral_path0001_pimg007.vasp,,True,,[0],[0],['Mg'],"[[0.25, 0.25, 0.25]]",single,1,"[1, 1, 1]",,,[],octahedral,"[[1.79558662, 2.97099811, 2.38329237]]",1,1.0,,[1],[0],1
path_end_seed,Mg1,1,1,af202117df2c3a60,POSCAR_Mg1_base0001_octahedral_path0001_pimg007_seed001.vasp,,True,,[0],[0],['Mg'],"[[0.25, 0.25, 0.25]]",single,1,"[1, 1, 1]",4.0,0.05,"[0, 1, 2, 3, 4, 5, 6, 7, 8, 9, 10, 11, 12, 13, 14, 15, 16, 17, 18, 19, 20, 21, 22, 23, 24, 25, 26, 27, 28, 29, 30, 31, 32, 33, 34, 35, 36, 37, 38, 39, 40, 41, 42, 43, 44, 45, 46, 47, 48, 49, 50, 51, 52, 53, 54]",octahedral,"[[1.79558662, 2.97099811, 2.38329237]]",1,1.0,7,[1],[0],1
path_end_seed,Mg1,1,2,af202117df2c3a60,POSCAR_Mg1_base0001_octahedral_path0001_pimg007_seed002.vasp,,True,,[0],[0],['Mg'],"[[0.25, 0.25, 0.25]]",single,1,"[1, 1, 1]",4.0,0.08571428571428572,"[0, 1, 2, 3, 4, 5, 6, 7, 8, 9, 10, 11, 12, 13, 14, 15, 16, 17, 18, 19, 20, 21, 22, 23, 24, 25, 26, 27, 28, 29, 30, 31, 32, 33, 34, 35, 36, 37, 38, 39, 40, 41, 42, 43, 44, 45, 46, 47, 48, 49, 50, 51, 52, 53, 54]",octahedral,"[[1.79558662, 2.97099811, 2.38329237]]",1,1.0,7,[1],[0],1
path_end_seed,Mg1,1,3,af202117df2c3a60,POSCAR_Mg1_base0001_octahedral_path0001_pimg007_seed003.vasp,,True,,[0],[0],['Mg'],"[[0.25, 0.25, 0.25]]",single,1,"[1, 1, 1]",4.0,0.12142857142857143,"[0, 1, 2, 3, 4, 5, 6, 7, 8, 9, 10, 11, 12, 13, 14, 15, 16, 17, 18, 19, 20, 21, 22, 23, 24, 25, 26, 27, 28, 29, 30, 31, 32, 33, 34, 35, 36, 37, 38, 39, 40, 41, 42, 43, 44, 45, 46, 47, 48, 49, 50, 51, 52, 53, 54]",octahedral,"[[1.79558662, 2.97099811, 2.38329237]]",1,1.0,7,[1],[0],1
path_end_seed,Mg1,1,4,af202117df2c3a60,POSCAR_Mg1_base0001_octahedral_path0001_pimg007_seed004.vasp,,True,,[0],[0],['Mg'],"[[0.25, 0.25, 0.25]]",single,1,"[1, 1, 1]",4.0,0.15714285714285714,"[0, 1, 2, 3, 4, 5, 6, 7, 8, 9, 10, 11, 12, 13, 14, 15, 16, 17, 18, 19, 20, 21, 22, 23, 24, 25, 26, 27, 28, 29, 30, 31, 32, 33, 34, 35, 36, 37, 38, 39, 40, 41, 42, 43, 44, 45, 46, 47, 48, 49, 50, 51, 52, 53, 54]",octahedral,"[[1.79558662, 2.97099811, 2.38329237]]",1,1.0,7,[1],[0],1
path_end_seed,Mg1,1,5,af202117df2c3a60,POSCAR_Mg1_base0001_octahedral_path0001_pimg007_seed005.vasp,,True,,[0],[0],['Mg'],"[[0.25, 0.25, 0.25]]",single,1,"[1, 1, 1]",4.0,0.19285714285714284,"[0, 1, 2, 3, 4, 5, 6, 7, 8, 9, 10, 11, 12, 13, 14, 15, 16, 17, 18, 19, 20, 21, 22, 23, 24, 25, 26, 27, 28, 29, 30, 31, 32, 33, 34, 35, 36, 37, 38, 39, 40, 41, 42, 43, 44, 45, 46, 47, 48, 49, 50, 51, 52, 53, 54]",octahedral,"[[1.79558662, 2.97099811, 2.38329237]]",1,1.0,7,[1],[0],1
path_end_seed,Mg1,1,6,af202117df2c3a60,POSCAR_Mg1_base0001_octahedral_path0001_pimg007_seed006.vasp,,True,,[0],[0],['Mg'],"[[0.25, 0.25, 0.25]]",single,1,"[1, 1, 1]",4.0,0.22857142857142854,"[0, 1, 2, 3, 4, 5, 6, 7, 8, 9, 10, 11, 12, 13, 14, 15, 16, 17, 18, 19, 20, 21, 22, 23, 24, 25, 26, 27, 28, 29, 30, 31, 32, 33, 34, 35, 36, 37, 38, 39, 40, 41, 42, 43, 44, 45, 46, 47, 48, 49, 50, 51, 52, 53, 54]",octahedral,"[[1.79558662, 2.97099811, 2.38329237]]",1,1.0,7,[1],[0],1
path_end_seed,Mg1,1,7,af202117df2c3a60,POSCAR_Mg1_base0001_octahedral_path0001_pimg007_seed007.vasp,,True,,[0],[0],['Mg'],"[[0.25, 0.25, 0.25]]",single,1,"[1, 1, 1]",4.0,0.2642857142857143,"[0, 1, 2, 3, 4, 5, 6, 7, 8, 9, 10, 11, 12, 13, 14, 15, 16, 17, 18, 19, 20, 21, 22, 23, 24, 25, 26, 27, 28, 29, 30, 31, 32, 33, 34, 35, 36, 37, 38, 39, 40, 41, 42, 43, 44, 45, 46, 47, 48, 49, 50, 51, 52, 53, 54]",octahedral,"[[1.79558662, 2.97099811, 2.38329237]]",1,1.0,7,[1],[0],1
path_end_seed,Mg1,1,8,af202117df2c3a60,POSCAR_Mg1_base0001_octahedral_path0001_pimg007_seed008.vasp,,True,,[0],[0],['Mg'],"[[0.25, 0.25, 0.25]]",single,1,"[1, 1, 1]",4.0,0.3,"[0, 1, 2, 3, 4, 5, 6, 7, 8, 9, 10, 11, 12, 13, 14, 15, 16, 17, 18, 19, 20, 21, 22, 23, 24, 25, 26, 27, 28, 29, 30, 31, 32, 33, 34, 35, 36, 37, 38, 39, 40, 41, 42, 43, 44, 45, 46, 47, 48, 49, 50, 51, 52, 53, 54]",octahedral,"[[1.79558662, 2.97099811, 2.38329237]]",1,1.0,7,[1],[0],1
path_start,Mg1,1,,af202117df2c3a60,POSCAR_Mg1_base0001_octahedral_path0002_pimg000.vasp,,True,,[0],[0],['Mg'],"[[0.25, 0.25, 0.25]]",single,1,"[1, 1, 1]",,,[],octahedral,"[[1.79558662, 2.97099811, 2.38329237]]",2,0.0,,[3],[0],1
path_start_seed,Mg1,1,1,af202117df2c3a60,POSCAR_Mg1_base0001_octahedral_path0002_pimg000_seed001.vasp,,True,,[0],[0],['Mg'],"[[0.25, 0.25, 0.25]]",single,1,"[1, 1, 1]",4.0,0.05,"[0, 1, 2, 3, 4, 5, 6, 7, 8, 9, 10, 11, 12, 13, 14, 15, 16, 17, 18, 19, 20, 21, 22, 23, 24, 25, 26, 27, 28, 29, 30, 31, 32, 33, 34, 35, 36, 37, 38, 39, 40, 41, 42, 43, 44, 45, 46, 47, 48, 49, 50, 51, 52, 53, 54]",octahedral,"[[1.79558662, 2.97099811, 2.38329237]]",2,0.0,0,[3],[0],1
path_start_seed,Mg1,1,2,af202117df2c3a60,POSCAR_Mg1_base0001_octahedral_path0002_pimg000_seed002.vasp,,True,,[0],[0],['Mg'],"[[0.25, 0.25, 0.25]]",single,1,"[1, 1, 1]",4.0,0.08571428571428572,"[0, 1, 2, 3, 4, 5, 6, 7, 8, 9, 10, 11, 12, 13, 14, 15, 16, 17, 18, 19, 20, 21, 22, 23, 24, 25, 26, 27, 28, 29, 30, 31, 32, 33, 34, 35, 36, 37, 38, 39, 40, 41, 42, 43, 44, 45, 46, 47, 48, 49, 50, 51, 52, 53, 54]",octahedral,"[[1.79558662, 2.97099811, 2.38329237]]",2,0.0,0,[3],[0],1
path_start_seed,Mg1,1,3,af202117df2c3a60,POSCAR_Mg1_base0001_octahedral_path0002_pimg000_seed003.vasp,,True,,[0],[0],['Mg'],"[[0.25, 0.25, 0.25]]",single,1,"[1, 1, 1]",4.0,0.12142857142857143,"[0, 1, 2, 3, 4, 5, 6, 7, 8, 9, 10, 11, 12, 13, 14, 15, 16, 17, 18, 19, 20, 21, 22, 23, 24, 25, 26, 27, 28, 29, 30, 31, 32, 33, 34, 35, 36, 37, 38, 39, 40, 41, 42, 43, 44, 45, 46, 47, 48, 49, 50, 51, 52, 53, 54]",octahedral,"[[1.79558662, 2.97099811, 2.38329237]]",2,0.0,0,[3],[0],1
path_start_seed,Mg1,1,4,af202117df2c3a60,POSCAR_Mg1_base0001_octahedral_path0002_pimg000_seed004.vasp,,True,,[0],[0],['Mg'],"[[0.25, 0.25, 0.25]]",single,1,"[1, 1, 1]",4.0,0.15714285714285714,"[0, 1, 2, 3, 4, 5, 6, 7, 8, 9, 10, 11, 12, 13, 14, 15, 16, 17, 18, 19, 20, 21, 22, 23, 24, 25, 26, 27, 28, 29, 30, 31, 32, 33, 34, 35, 36, 37, 38, 39, 40, 41, 42, 43, 44, 45, 46, 47, 48, 49, 50, 51, 52, 53, 54]",octahedral,"[[1.79558662, 2.97099811, 2.38329237]]",2,0.0,0,[3],[0],1
path_start_seed,Mg1,1,5,af202117df2c3a60,POSCAR_Mg1_base0001_octahedral_path0002_pimg000_seed005.vasp,,True,,[0],[0],['Mg'],"[[0.25, 0.25, 0.25]]",single,1,"[1, 1, 1]",4.0,0.19285714285714284,"[0, 1, 2, 3, 4, 5, 6, 7, 8, 9, 10, 11, 12, 13, 14, 15, 16, 17, 18, 19, 20, 21, 22, 23, 24, 25, 26, 27, 28, 29, 30, 31, 32, 33, 34, 35, 36, 37, 38, 39, 40, 41, 42, 43, 44, 45, 46, 47, 48, 49, 50, 51, 52, 53, 54]",octahedral,"[[1.79558662, 2.97099811, 2.38329237]]",2,0.0,0,[3],[0],1
path_start_seed,Mg1,1,6,af202117df2c3a60,POSCAR_Mg1_base0001_octahedral_path0002_pimg000_seed006.vasp,,True,,[0],[0],['Mg'],"[[0.25, 0.25, 0.25]]",single,1,"[1, 1, 1]",4.0,0.22857142857142854,"[0, 1, 2, 3, 4, 5, 6, 7, 8, 9, 10, 11, 12, 13, 14, 15, 16, 17, 18, 19, 20, 21, 22, 23, 24, 25, 26, 27, 28, 29, 30, 31, 32, 33, 34, 35, 36, 37, 38, 39, 40, 41, 42, 43, 44, 45, 46, 47, 48, 49, 50, 51, 52, 53, 54]",octahedral,"[[1.79558662, 2.97099811, 2.38329237]]",2,0.0,0,[3],[0],1
path_start_seed,Mg1,1,7,af202117df2c3a60,POSCAR_Mg1_base0001_octahedral_path0002_pimg000_seed007.vasp,,True,,[0],[0],['Mg'],"[[0.25, 0.25, 0.25]]",single,1,"[1, 1, 1]",4.0,0.2642857142857143,"[0, 1, 2, 3, 4, 5, 6, 7, 8, 9, 10, 11, 12, 13, 14, 15, 16, 17, 18, 19, 20, 21, 22, 23, 24, 25, 26, 27, 28, 29, 30, 31, 32, 33, 34, 35, 36, 37, 38, 39, 40, 41, 42, 43, 44, 45, 46, 47, 48, 49, 50, 51, 52, 53, 54]",octahedral,"[[1.79558662, 2.97099811, 2.38329237]]",2,0.0,0,[3],[0],1
path_start_seed,Mg1,1,8,af202117df2c3a60,POSCAR_Mg1_base0001_octahedral_path0002_pimg000_seed008.vasp,,True,,[0],[0],['Mg'],"[[0.25, 0.25, 0.25]]",single,1,"[1, 1, 1]",4.0,0.3,"[0, 1, 2, 3, 4, 5, 6, 7, 8, 9, 10, 11, 12, 13, 14, 15, 16, 17, 18, 19, 20, 21, 22, 23, 24, 25, 26, 27, 28, 29, 30, 31, 32, 33, 34, 35, 36, 37, 38, 39, 40, 41, 42, 43, 44, 45, 46, 47, 48, 49, 50, 51, 52, 53, 54]",octahedral,"[[1.79558662, 2.97099811, 2.38329237]]",2,0.0,0,[3],[0],1
path_image,Mg1,1,,af202117df2c3a60,POSCAR_Mg1_base0001_octahedral_path0002_pimg001.vasp,,True,,[0],[0],['Mg'],"[[0.25, 0.25, 0.25]]",single,1,"[1, 1, 1]",,,[],octahedral,"[[1.79558662, 2.97099811, 2.38329237]]",2,0.14285714285714285,,[3],[0],1
path_image_seed,Mg1,1,1,af202117df2c3a60,POSCAR_Mg1_base0001_octahedral_path0002_pimg001_seed001.vasp,,True,,[0],[0],['Mg'],"[[0.25, 0.25, 0.25]]",single,1,"[1, 1, 1]",4.0,0.05,"[0, 1, 2, 3, 4, 5, 6, 7, 8, 9, 10, 11, 12, 13, 14, 15, 16, 17, 18, 19, 20, 21, 22, 23, 24, 25, 26, 27, 28, 29, 30, 31, 32, 33, 34, 35, 36, 37, 38, 39, 40, 41, 42, 43, 44, 45, 46, 47, 48, 49, 50, 51, 52, 53, 54]",octahedral,"[[1.79558662, 2.97099811, 2.38329237]]",2,0.14285714285714285,1,[3],[0],1
path_image_seed,Mg1,1,2,af202117df2c3a60,POSCAR_Mg1_base0001_octahedral_path0002_pimg001_seed002.vasp,,True,,[0],[0],['Mg'],"[[0.25, 0.25, 0.25]]",single,1,"[1, 1, 1]",4.0,0.08571428571428572,"[0, 1, 2, 3, 4, 5, 6, 7, 8, 9, 10, 11, 12, 13, 14, 15, 16, 17, 18, 19, 20, 21, 22, 23, 24, 25, 26, 27, 28, 29, 30, 31, 32, 33, 34, 35, 36, 37, 38, 39, 40, 41, 42, 43, 44, 45, 46, 47, 48, 49, 50, 51, 52, 53, 54]",octahedral,"[[1.79558662, 2.97099811, 2.38329237]]",2,0.14285714285714285,1,[3],[0],1
path_image_seed,Mg1,1,3,af202117df2c3a60,POSCAR_Mg1_base0001_octahedral_path0002_pimg001_seed003.vasp,,True,,[0],[0],['Mg'],"[[0.25, 0.25, 0.25]]",single,1,"[1, 1, 1]",4.0,0.12142857142857143,"[0, 1, 2, 3, 4, 5, 6, 7, 8, 9, 10, 11, 12, 13, 14, 15, 16, 17, 18, 19, 20, 21, 22, 23, 24, 25, 26, 27, 28, 29, 30, 31, 32, 33, 34, 35, 36, 37, 38, 39, 40, 41, 42, 43, 44, 45, 46, 47, 48, 49, 50, 51, 52, 53, 54]",octahedral,"[[1.79558662, 2.97099811, 2.38329237]]",2,0.14285714285714285,1,[3],[0],1
path_image_seed,Mg1,1,4,af202117df2c3a60,POSCAR_Mg1_base0001_octahedral_path0002_pimg001_seed004.vasp,,True,,[0],[0],['Mg'],"[[0.25, 0.25, 0.25]]",single,1,"[1, 1, 1]",4.0,0.15714285714285714,"[0, 1, 2, 3, 4, 5, 6, 7, 8, 9, 10, 11, 12, 13, 14, 15, 16, 17, 18, 19, 20, 21, 22, 23, 24, 25, 26, 27, 28, 29, 30, 31, 32, 33, 34, 35, 36, 37, 38, 39, 40, 41, 42, 43, 44, 45, 46, 47, 48, 49, 50, 51, 52, 53, 54]",octahedral,"[[1.79558662, 2.97099811, 2.38329237]]",2,0.14285714285714285,1,[3],[0],1
path_image_seed,Mg1,1,5,af202117df2c3a60,POSCAR_Mg1_base0001_octahedral_path0002_pimg001_seed005.vasp,,True,,[0],[0],['Mg'],"[[0.25, 0.25, 0.25]]",single,1,"[1, 1, 1]",4.0,0.19285714285714284,"[0, 1, 2, 3, 4, 5, 6, 7, 8, 9, 10, 11, 12, 13, 14, 15, 16, 17, 18, 19, 20, 21, 22, 23, 24, 25, 26, 27, 28, 29, 30, 31, 32, 33, 34, 35, 36, 37, 38, 39, 40, 41, 42, 43, 44, 45, 46, 47, 48, 49, 50, 51, 52, 53, 54]",octahedral,"[[1.79558662, 2.97099811, 2.38329237]]",2,0.14285714285714285,1,[3],[0],1
path_image_seed,Mg1,1,6,af202117df2c3a60,POSCAR_Mg1_base0001_octahedral_path0002_pimg001_seed006.vasp,,True,,[0],[0],['Mg'],"[[0.25, 0.25, 0.25]]",single,1,"[1, 1, 1]",4.0,0.22857142857142854,"[0, 1, 2, 3, 4, 5, 6, 7, 8, 9, 10, 11, 12, 13, 14, 15, 16, 17, 18, 19, 20, 21, 22, 23, 24, 25, 26, 27, 28, 29, 30, 31, 32, 33, 34, 35, 36, 37, 38, 39, 40, 41, 42, 43, 44, 45, 46, 47, 48, 49, 50, 51, 52, 53, 54]",octahedral,"[[1.79558662, 2.97099811, 2.38329237]]",2,0.14285714285714285,1,[3],[0],1
path_image_seed,Mg1,1,7,af202117df2c3a60,POSCAR_Mg1_base0001_octahedral_path0002_pimg001_seed007.vasp,,True,,[0],[0],['Mg'],"[[0.25, 0.25, 0.25]]",single,1,"[1, 1, 1]",4.0,0.2642857142857143,"[0, 1, 2, 3, 4, 5, 6, 7, 8, 9, 10, 11, 12, 13, 14, 15, 16, 17, 18, 19, 20, 21, 22, 23, 24, 25, 26, 27, 28, 29, 30, 31, 32, 33, 34, 35, 36, 37, 38, 39, 40, 41, 42, 43, 44, 45, 46, 47, 48, 49, 50, 51, 52, 53, 54]",octahedral,"[[1.79558662, 2.97099811, 2.38329237]]",2,0.14285714285714285,1,[3],[0],1
path_image_seed,Mg1,1,8,af202117df2c3a60,POSCAR_Mg1_base0001_octahedral_path0002_pimg001_seed008.vasp,,True,,[0],[0],['Mg'],"[[0.25, 0.25, 0.25]]",single,1,"[1, 1, 1]",4.0,0.3,"[0, 1, 2, 3, 4, 5, 6, 7, 8, 9, 10, 11, 12, 13, 14, 15, 16, 17, 18, 19, 20, 21, 22, 23, 24, 25, 26, 27, 28, 29, 30, 31, 32, 33, 34, 35, 36, 37, 38, 39, 40, 41, 42, 43, 44, 45, 46, 47, 48, 49, 50, 51, 52, 53, 54]",octahedral,"[[1.79558662, 2.97099811, 2.38329237]]",2,0.14285714285714285,1,[3],[0],1
path_image,Mg1,1,,af202117df2c3a60,POSCAR_Mg1_base0001_octahedral_path0002_pimg002.vasp,,True,,[0],[0],['Mg'],"[[0.25, 0.25, 0.25]]",single,1,"[1, 1, 1]",,,[],octahedral,"[[1.79558662, 2.97099811, 2.38329237]]",2,0.2857142857142857,,[3],[0],1
path_image_seed,Mg1,1,1,af202117df2c3a60,POSCAR_Mg1_base0001_octahedral_path0002_pimg002_seed001.vasp,,True,,[0],[0],['Mg'],"[[0.25, 0.25, 0.25]]",single,1,"[1, 1, 1]",4.0,0.05,"[0, 1, 2, 3, 4, 5, 6, 7, 8, 9, 10, 11, 12, 13, 14, 15, 16, 17, 18, 19, 20, 21, 22, 23, 24, 25, 26, 27, 28, 29, 30, 31, 32, 33, 34, 35, 36, 37, 38, 39, 40, 41, 42, 43, 44, 45, 46, 47, 48, 49, 50, 51, 52, 53, 54]",octahedral,"[[1.79558662, 2.97099811, 2.38329237]]",2,0.2857142857142857,2,[3],[0],1
path_image_seed,Mg1,1,2,af202117df2c3a60,POSCAR_Mg1_base0001_octahedral_path0002_pimg002_seed002.vasp,,True,,[0],[0],['Mg'],"[[0.25, 0.25, 0.25]]",single,1,"[1, 1, 1]",4.0,0.08571428571428572,"[0, 1, 2, 3, 4, 5, 6, 7, 8, 9, 10, 11, 12, 13, 14, 15, 16, 17, 18, 19, 20, 21, 22, 23, 24, 25, 26, 27, 28, 29, 30, 31, 32, 33, 34, 35, 36, 37, 38, 39, 40, 41, 42, 43, 44, 45, 46, 47, 48, 49, 50, 51, 52, 53, 54]",octahedral,"[[1.79558662, 2.97099811, 2.38329237]]",2,0.2857142857142857,2,[3],[0],1
path_image_seed,Mg1,1,3,af202117df2c3a60,POSCAR_Mg1_base0001_octahedral_path0002_pimg002_seed003.vasp,,True,,[0],[0],['Mg'],"[[0.25, 0.25, 0.25]]",single,1,"[1, 1, 1]",4.0,0.12142857142857143,"[0, 1, 2, 3, 4, 5, 6, 7, 8, 9, 10, 11, 12, 13, 14, 15, 16, 17, 18, 19, 20, 21, 22, 23, 24, 25, 26, 27, 28, 29, 30, 31, 32, 33, 34, 35, 36, 37, 38, 39, 40, 41, 42, 43, 44, 45, 46, 47, 48, 49, 50, 51, 52, 53, 54]",octahedral,"[[1.79558662, 2.97099811, 2.38329237]]",2,0.2857142857142857,2,[3],[0],1
path_image_seed,Mg1,1,4,af202117df2c3a60,POSCAR_Mg1_base0001_octahedral_path0002_pimg002_seed004.vasp,,True,,[0],[0],['Mg'],"[[0.25, 0.25, 0.25]]",single,1,"[1, 1, 1]",4.0,0.15714285714285714,"[0, 1, 2, 3, 4, 5, 6, 7, 8, 9, 10, 11, 12, 13, 14, 15, 16, 17, 18, 19, 20, 21, 22, 23, 24, 25, 26, 27, 28, 29, 30, 31, 32, 33, 34, 35, 36, 37, 38, 39, 40, 41, 42, 43, 44, 45, 46, 47, 48, 49, 50, 51, 52, 53, 54]",octahedral,"[[1.79558662, 2.97099811, 2.38329237]]",2,0.2857142857142857,2,[3],[0],1
path_image_seed,Mg1,1,5,af202117df2c3a60,POSCAR_Mg1_base0001_octahedral_path0002_pimg002_seed005.vasp,,True,,[0],[0],['Mg'],"[[0.25, 0.25, 0.25]]",single,1,"[1, 1, 1]",4.0,0.19285714285714284,"[0, 1, 2, 3, 4, 5, 6, 7, 8, 9, 10, 11, 12, 13, 14, 15, 16, 17, 18, 19, 20, 21, 22, 23, 24, 25, 26, 27, 28, 29, 30, 31, 32, 33, 34, 35, 36, 37, 38, 39, 40, 41, 42, 43, 44, 45, 46, 47, 48, 49, 50, 51, 52, 53, 54]",octahedral,"[[1.79558662, 2.97099811, 2.38329237]]",2,0.2857142857142857,2,[3],[0],1
path_image_seed,Mg1,1,6,af202117df2c3a60,POSCAR_Mg1_base0001_octahedral_path0002_pimg002_seed006.vasp,,True,,[0],[0],['Mg'],"[[0.25, 0.25, 0.25]]",single,1,"[1, 1, 1]",4.0,0.22857142857142854,"[0, 1, 2, 3, 4, 5, 6, 7, 8, 9, 10, 11, 12, 13, 14, 15, 16, 17, 18, 19, 20, 21, 22, 23, 24, 25, 26, 27, 28, 29, 30, 31, 32, 33, 34, 35, 36, 37, 38, 39, 40, 41, 42, 43, 44, 45, 46, 47, 48, 49, 50, 51, 52, 53, 54]",octahedral,"[[1.79558662, 2.97099811, 2.38329237]]",2,0.2857142857142857,2,[3],[0],1
path_image_seed,Mg1,1,7,af202117df2c3a60,POSCAR_Mg1_base0001_octahedral_path0002_pimg002_seed007.vasp,,True,,[0],[0],['Mg'],"[[0.25, 0.25, 0.25]]",single,1,"[1, 1, 1]",4.0,0.2642857142857143,"[0, 1, 2, 3, 4, 5, 6, 7, 8, 9, 10, 11, 12, 13, 14, 15, 16, 17, 18, 19, 20, 21, 22, 23, 24, 25, 26, 27, 28, 29, 30, 31, 32, 33, 34, 35, 36, 37, 38, 39, 40, 41, 42, 43, 44, 45, 46, 47, 48, 49, 50, 51, 52, 53, 54]",octahedral,"[[1.79558662, 2.97099811, 2.38329237]]",2,0.2857142857142857,2,[3],[0],1
path_image_seed,Mg1,1,8,af202117df2c3a60,POSCAR_Mg1_base0001_octahedral_path0002_pimg002_seed008.vasp,,True,,[0],[0],['Mg'],"[[0.25, 0.25, 0.25]]",single,1,"[1, 1, 1]",4.0,0.3,"[0, 1, 2, 3, 4, 5, 6, 7, 8, 9, 10, 11, 12, 13, 14, 15, 16, 17, 18, 19, 20, 21, 22, 23, 24, 25, 26, 27, 28, 29, 30, 31, 32, 33, 34, 35, 36, 37, 38, 39, 40, 41, 42, 43, 44, 45, 46, 47, 48, 49, 50, 51, 52, 53, 54]",octahedral,"[[1.79558662, 2.97099811, 2.38329237]]",2,0.2857142857142857,2,[3],[0],1
path_image,Mg1,1,,af202117df2c3a60,POSCAR_Mg1_base0001_octahedral_path0002_pimg003.vasp,,True,,[0],[0],['Mg'],"[[0.25, 0.25, 0.25]]",single,1,"[1, 1, 1]",,,[],octahedral,"[[1.79558662, 2.97099811, 2.38329237]]",2,0.42857142857142855,,[3],[0],1
path_image_seed,Mg1,1,1,af202117df2c3a60,POSCAR_Mg1_base0001_octahedral_path0002_pimg003_seed001.vasp,,True,,[0],[0],['Mg'],"[[0.25, 0.25, 0.25]]",single,1,"[1, 1, 1]",4.0,0.05,"[0, 1, 2, 3, 4, 5, 6, 7, 8, 9, 10, 11, 12, 13, 14, 15, 16, 17, 18, 19, 20, 21, 22, 23, 24, 25, 26, 27, 28, 29, 30, 31, 32, 33, 34, 35, 36, 37, 38, 39, 40, 41, 42, 43, 44, 45, 46, 47, 48, 49, 50, 51, 52, 53, 54]",octahedral,"[[1.79558662, 2.97099811, 2.38329237]]",2,0.42857142857142855,3,[3],[0],1
path_image_seed,Mg1,1,2,af202117df2c3a60,POSCAR_Mg1_base0001_octahedral_path0002_pimg003_seed002.vasp,,True,,[0],[0],['Mg'],"[[0.25, 0.25, 0.25]]",single,1,"[1, 1, 1]",4.0,0.08571428571428572,"[0, 1, 2, 3, 4, 5, 6, 7, 8, 9, 10, 11, 12, 13, 14, 15, 16, 17, 18, 19, 20, 21, 22, 23, 24, 25, 26, 27, 28, 29, 30, 31, 32, 33, 34, 35, 36, 37, 38, 39, 40, 41, 42, 43, 44, 45, 46, 47, 48, 49, 50, 51, 52, 53, 54]",octahedral,"[[1.79558662, 2.97099811, 2.38329237]]",2,0.42857142857142855,3,[3],[0],1
path_image_seed,Mg1,1,3,af202117df2c3a60,POSCAR_Mg1_base0001_octahedral_path0002_pimg003_seed003.vasp,,True,,[0],[0],['Mg'],"[[0.25, 0.25, 0.25]]",single,1,"[1, 1, 1]",4.0,0.12142857142857143,"[0, 1, 2, 3, 4, 5, 6, 7, 8, 9, 10, 11, 12, 13, 14, 15, 16, 17, 18, 19, 20, 21, 22, 23, 24, 25, 26, 27, 28, 29, 30, 31, 32, 33, 34, 35, 36, 37, 38, 39, 40, 41, 42, 43, 44, 45, 46, 47, 48, 49, 50, 51, 52, 53, 54]",octahedral,"[[1.79558662, 2.97099811, 2.38329237]]",2,0.42857142857142855,3,[3],[0],1
path_image_seed,Mg1,1,4,af202117df2c3a60,POSCAR_Mg1_base0001_octahedral_path0002_pimg003_seed004.vasp,,True,,[0],[0],['Mg'],"[[0.25, 0.25, 0.25]]",single,1,"[1, 1, 1]",4.0,0.15714285714285714,"[0, 1, 2, 3, 4, 5, 6, 7, 8, 9, 10, 11, 12, 13, 14, 15, 16, 17, 18, 19, 20, 21, 22, 23, 24, 25, 26, 27, 28, 29, 30, 31, 32, 33, 34, 35, 36, 37, 38, 39, 40, 41, 42, 43, 44, 45, 46, 47, 48, 49, 50, 51, 52, 53, 54]",octahedral,"[[1.79558662, 2.97099811, 2.38329237]]",2,0.42857142857142855,3,[3],[0],1
path_image_seed,Mg1,1,5,af202117df2c3a60,POSCAR_Mg1_base0001_octahedral_path0002_pimg003_seed005.vasp,,True,,[0],[0],['Mg'],"[[0.25, 0.25, 0.25]]",single,1,"[1, 1, 1]",4.0,0.19285714285714284,"[0, 1, 2, 3, 4, 5, 6, 7, 8, 9, 10, 11, 12, 13, 14, 15, 16, 17, 18, 19, 20, 21, 22, 23, 24, 25, 26, 27, 28, 29, 30, 31, 32, 33, 34, 35, 36, 37, 38, 39, 40, 41, 42, 43, 44, 45, 46, 47, 48, 49, 50, 51, 52, 53, 54]",octahedral,"[[1.79558662, 2.97099811, 2.38329237]]",2,0.42857142857142855,3,[3],[0],1
path_image_seed,Mg1,1,6,af202117df2c3a60,POSCAR_Mg1_base0001_octahedral_path0002_pimg003_seed006.vasp,,True,,[0],[0],['Mg'],"[[0.25, 0.25, 0.25]]",single,1,"[1, 1, 1]",4.0,0.22857142857142854,"[0, 1, 2, 3, 4, 5, 6, 7, 8, 9, 10, 11, 12, 13, 14, 15, 16, 17, 18, 19, 20, 21, 22, 23, 24, 25, 26, 27, 28, 29, 30, 31, 32, 33, 34, 35, 36, 37, 38, 39, 40, 41, 42, 43, 44, 45, 46, 47, 48, 49, 50, 51, 52, 53, 54]",octahedral,"[[1.79558662, 2.97099811, 2.38329237]]",2,0.42857142857142855,3,[3],[0],1
path_image_seed,Mg1,1,7,af202117df2c3a60,POSCAR_Mg1_base0001_octahedral_path0002_pimg003_seed007.vasp,,True,,[0],[0],['Mg'],"[[0.25, 0.25, 0.25]]",single,1,"[1, 1, 1]",4.0,0.2642857142857143,"[0, 1, 2, 3, 4, 5, 6, 7, 8, 9, 10, 11, 12, 13, 14, 15, 16, 17, 18, 19, 20, 21, 22, 23, 24, 25, 26, 27, 28, 29, 30, 31, 32, 33, 34, 35, 36, 37, 38, 39, 40, 41, 42, 43, 44, 45, 46, 47, 48, 49, 50, 51, 52, 53, 54]",octahedral,"[[1.79558662, 2.97099811, 2.38329237]]",2,0.42857142857142855,3,[3],[0],1
path_image_seed,Mg1,1,8,af202117df2c3a60,POSCAR_Mg1_base0001_octahedral_path0002_pimg003_seed008.vasp,,True,,[0],[0],['Mg'],"[[0.25, 0.25, 0.25]]",single,1,"[1, 1, 1]",4.0,0.3,"[0, 1, 2, 3, 4, 5, 6, 7, 8, 9, 10, 11, 12, 13, 14, 15, 16, 17, 18, 19, 20, 21, 22, 23, 24, 25, 26, 27, 28, 29, 30, 31, 32, 33, 34, 35, 36, 37, 38, 39, 40, 41, 42, 43, 44, 45, 46, 47, 48, 49, 50, 51, 52, 53, 54]",octahedral,"[[1.79558662, 2.97099811, 2.38329237]]",2,0.42857142857142855,3,[3],[0],1
path_image,Mg1,1,,af202117df2c3a60,POSCAR_Mg1_base0001_octahedral_path0002_pimg004.vasp,,True,,[0],[0],['Mg'],"[[0.25, 0.25, 0.25]]",single,1,"[1, 1, 1]",,,[],octahedral,"[[1.79558662, 2.97099811, 2.38329237]]",2,0.5714285714285714,,[3],[0],1
path_image_seed,Mg1,1,1,af202117df2c3a60,POSCAR_Mg1_base0001_octahedral_path0002_pimg004_seed001.vasp,,True,,[0],[0],['Mg'],"[[0.25, 0.25, 0.25]]",single,1,"[1, 1, 1]",4.0,0.05,"[0, 1, 2, 3, 4, 5, 6, 7, 8, 9, 10, 11, 12, 13, 14, 15, 16, 17, 18, 19, 20, 21, 22, 23, 24, 25, 26, 27, 28, 29, 30, 31, 32, 33, 34, 35, 36, 37, 38, 39, 40, 41, 42, 43, 44, 45, 46, 47, 48, 49, 50, 51, 52, 53, 54]",octahedral,"[[1.79558662, 2.97099811, 2.38329237]]",2,0.5714285714285714,4,[3],[0],1
path_image_seed,Mg1,1,2,af202117df2c3a60,POSCAR_Mg1_base0001_octahedral_path0002_pimg004_seed002.vasp,,True,,[0],[0],['Mg'],"[[0.25, 0.25, 0.25]]",single,1,"[1, 1, 1]",4.0,0.08571428571428572,"[0, 1, 2, 3, 4, 5, 6, 7, 8, 9, 10, 11, 12, 13, 14, 15, 16, 17, 18, 19, 20, 21, 22, 23, 24, 25, 26, 27, 28, 29, 30, 31, 32, 33, 34, 35, 36, 37, 38, 39, 40, 41, 42, 43, 44, 45, 46, 47, 48, 49, 50, 51, 52, 53, 54]",octahedral,"[[1.79558662, 2.97099811, 2.38329237]]",2,0.5714285714285714,4,[3],[0],1
path_image_seed,Mg1,1,3,af202117df2c3a60,POSCAR_Mg1_base0001_octahedral_path0002_pimg004_seed003.vasp,,True,,[0],[0],['Mg'],"[[0.25, 0.25, 0.25]]",single,1,"[1, 1, 1]",4.0,0.12142857142857143,"[0, 1, 2, 3, 4, 5, 6, 7, 8, 9, 10, 11, 12, 13, 14, 15, 16, 17, 18, 19, 20, 21, 22, 23, 24, 25, 26, 27, 28, 29, 30, 31, 32, 33, 34, 35, 36, 37, 38, 39, 40, 41, 42, 43, 44, 45, 46, 47, 48, 49, 50, 51, 52, 53, 54]",octahedral,"[[1.79558662, 2.97099811, 2.38329237]]",2,0.5714285714285714,4,[3],[0],1
path_image_seed,Mg1,1,4,af202117df2c3a60,POSCAR_Mg1_base0001_octahedral_path0002_pimg004_seed004.vasp,,True,,[0],[0],['Mg'],"[[0.25, 0.25, 0.25]]",single,1,"[1, 1, 1]",4.0,0.15714285714285714,"[0, 1, 2, 3, 4, 5, 6, 7, 8, 9, 10, 11, 12, 13, 14, 15, 16, 17, 18, 19, 20, 21, 22, 23, 24, 25, 26, 27, 28, 29, 30, 31, 32, 33, 34, 35, 36, 37, 38, 39, 40, 41, 42, 43, 44, 45, 46, 47, 48, 49, 50, 51, 52, 53, 54]",octahedral,"[[1.79558662, 2.97099811, 2.38329237]]",2,0.5714285714285714,4,[3],[0],1
path_image_seed,Mg1,1,5,af202117df2c3a60,POSCAR_Mg1_base0001_octahedral_path0002_pimg004_seed005.vasp,,True,,[0],[0],['Mg'],"[[0.25, 0.25, 0.25]]",single,1,"[1, 1, 1]",4.0,0.19285714285714284,"[0, 1, 2, 3, 4, 5, 6, 7, 8, 9, 10, 11, 12, 13, 14, 15, 16, 17, 18, 19, 20, 21, 22, 23, 24, 25, 26, 27, 28, 29, 30, 31, 32, 33, 34, 35, 36, 37, 38, 39, 40, 41, 42, 43, 44, 45, 46, 47, 48, 49, 50, 51, 52, 53, 54]",octahedral,"[[1.79558662, 2.97099811, 2.38329237]]",2,0.5714285714285714,4,[3],[0],1
path_image_seed,Mg1,1,6,af202117df2c3a60,POSCAR_Mg1_base0001_octahedral_path0002_pimg004_seed006.vasp,,True,,[0],[0],['Mg'],"[[0.25, 0.25, 0.25]]",single,1,"[1, 1, 1]",4.0,0.22857142857142854,"[0, 1, 2, 3, 4, 5, 6, 7, 8, 9, 10, 11, 12, 13, 14, 15, 16, 17, 18, 19, 20, 21, 22, 23, 24, 25, 26, 27, 28, 29, 30, 31, 32, 33, 34, 35, 36, 37, 38, 39, 40, 41, 42, 43, 44, 45, 46, 47, 48, 49, 50, 51, 52, 53, 54]",octahedral,"[[1.79558662, 2.97099811, 2.38329237]]",2,0.5714285714285714,4,[3],[0],1
path_image_seed,Mg1,1,7,af202117df2c3a60,POSCAR_Mg1_base0001_octahedral_path0002_pimg004_seed007.vasp,,True,,[0],[0],['Mg'],"[[0.25, 0.25, 0.25]]",single,1,"[1, 1, 1]",4.0,0.2642857142857143,"[0, 1, 2, 3, 4, 5, 6, 7, 8, 9, 10, 11, 12, 13, 14, 15, 16, 17, 18, 19, 20, 21, 22, 23, 24, 25, 26, 27, 28, 29, 30, 31, 32, 33, 34, 35, 36, 37, 38, 39, 40, 41, 42, 43, 44, 45, 46, 47, 48, 49, 50, 51, 52, 53, 54]",octahedral,"[[1.79558662, 2.97099811, 2.38329237]]",2,0.5714285714285714,4,[3],[0],1
path_image_seed,Mg1,1,8,af202117df2c3a60,POSCAR_Mg1_base0001_octahedral_path0002_pimg004_seed008.vasp,,True,,[0],[0],['Mg'],"[[0.25, 0.25, 0.25]]",single,1,"[1, 1, 1]",4.0,0.3,"[0, 1, 2, 3, 4, 5, 6, 7, 8, 9, 10, 11, 12, 13, 14, 15, 16, 17, 18, 19, 20, 21, 22, 23, 24, 25, 26, 27, 28, 29, 30, 31, 32, 33, 34, 35, 36, 37, 38, 39, 40, 41, 42, 43, 44, 45, 46, 47, 48, 49, 50, 51, 52, 53, 54]",octahedral,"[[1.79558662, 2.97099811, 2.38329237]]",2,0.5714285714285714,4,[3],[0],1
path_image,Mg1,1,,af202117df2c3a60,POSCAR_Mg1_base0001_octahedral_path0002_pimg005.vasp,,True,,[0],[0],['Mg'],"[[0.25, 0.25, 0.25]]",single,1,"[1, 1, 1]",,,[],octahedral,"[[1.79558662, 2.97099811, 2.38329237]]",2,0.7142857142857142,,[3],[0],1
path_image_seed,Mg1,1,1,af202117df2c3a60,POSCAR_Mg1_base0001_octahedral_path0002_pimg005_seed001.vasp,,True,,[0],[0],['Mg'],"[[0.25, 0.25, 0.25]]",single,1,"[1, 1, 1]",4.0,0.05,"[0, 1, 2, 3, 4, 5, 6, 7, 8, 9, 10, 11, 12, 13, 14, 15, 16, 17, 18, 19, 20, 21, 22, 23, 24, 25, 26, 27, 28, 29, 30, 31, 32, 33, 34, 35, 36, 37, 38, 39, 40, 41, 42, 43, 44, 45, 46, 47, 48, 49, 50, 51, 52, 53, 54]",octahedral,"[[1.79558662, 2.97099811, 2.38329237]]",2,0.7142857142857142,5,[3],[0],1
path_image_seed,Mg1,1,2,af202117df2c3a60,POSCAR_Mg1_base0001_octahedral_path0002_pimg005_seed002.vasp,,True,,[0],[0],['Mg'],"[[0.25, 0.25, 0.25]]",single,1,"[1, 1, 1]",4.0,0.08571428571428572,"[0, 1, 2, 3, 4, 5, 6, 7, 8, 9, 10, 11, 12, 13, 14, 15, 16, 17, 18, 19, 20, 21, 22, 23, 24, 25, 26, 27, 28, 29, 30, 31, 32, 33, 34, 35, 36, 37, 38, 39, 40, 41, 42, 43, 44, 45, 46, 47, 48, 49, 50, 51, 52, 53, 54]",octahedral,"[[1.79558662, 2.97099811, 2.38329237]]",2,0.7142857142857142,5,[3],[0],1
path_image_seed,Mg1,1,3,af202117df2c3a60,POSCAR_Mg1_base0001_octahedral_path0002_pimg005_seed003.vasp,,True,,[0],[0],['Mg'],"[[0.25, 0.25, 0.25]]",single,1,"[1, 1, 1]",4.0,0.12142857142857143,"[0, 1, 2, 3, 4, 5, 6, 7, 8, 9, 10, 11, 12, 13, 14, 15, 16, 17, 18, 19, 20, 21, 22, 23, 24, 25, 26, 27, 28, 29, 30, 31, 32, 33, 34, 35, 36, 37, 38, 39, 40, 41, 42, 43, 44, 45, 46, 47, 48, 49, 50, 51, 52, 53, 54]",octahedral,"[[1.79558662, 2.97099811, 2.38329237]]",2,0.7142857142857142,5,[3],[0],1
path_image_seed,Mg1,1,4,af202117df2c3a60,POSCAR_Mg1_base0001_octahedral_path0002_pimg005_seed004.vasp,,True,,[0],[0],['Mg'],"[[0.25, 0.25, 0.25]]",single,1,"[1, 1, 1]",4.0,0.15714285714285714,"[0, 1, 2, 3, 4, 5, 6, 7, 8, 9, 10, 11, 12, 13, 14, 15, 16, 17, 18, 19, 20, 21, 22, 23, 24, 25, 26, 27, 28, 29, 30, 31, 32, 33, 34, 35, 36, 37, 38, 39, 40, 41, 42, 43, 44, 45, 46, 47, 48, 49, 50, 51, 52, 53, 54]",octahedral,"[[1.79558662, 2.97099811, 2.38329237]]",2,0.7142857142857142,5,[3],[0],1
path_image_seed,Mg1,1,5,af202117df2c3a60,POSCAR_Mg1_base0001_octahedral_path0002_pimg005_seed005.vasp,,True,,[0],[0],['Mg'],"[[0.25, 0.25, 0.25]]",single,1,"[1, 1, 1]",4.0,0.19285714285714284,"[0, 1, 2, 3, 4, 5, 6, 7, 8, 9, 10, 11, 12, 13, 14, 15, 16, 17, 18, 19, 20, 21, 22, 23, 24, 25, 26, 27, 28, 29, 30, 31, 32, 33, 34, 35, 36, 37, 38, 39, 40, 41, 42, 43, 44, 45, 46, 47, 48, 49, 50, 51, 52, 53, 54]",octahedral,"[[1.79558662, 2.97099811, 2.38329237]]",2,0.7142857142857142,5,[3],[0],1
path_image_seed,Mg1,1,6,af202117df2c3a60,POSCAR_Mg1_base0001_octahedral_path0002_pimg005_seed006.vasp,,True,,[0],[0],['Mg'],"[[0.25, 0.25, 0.25]]",single,1,"[1, 1, 1]",4.0,0.22857142857142854,"[0, 1, 2, 3, 4, 5, 6, 7, 8, 9, 10, 11, 12, 13, 14, 15, 16, 17, 18, 19, 20, 21, 22, 23, 24, 25, 26, 27, 28, 29, 30, 31, 32, 33, 34, 35, 36, 37, 38, 39, 40, 41, 42, 43, 44, 45, 46, 47, 48, 49, 50, 51, 52, 53, 54]",octahedral,"[[1.79558662, 2.97099811, 2.38329237]]",2,0.7142857142857142,5,[3],[0],1
path_image_seed,Mg1,1,7,af202117df2c3a60,POSCAR_Mg1_base0001_octahedral_path0002_pimg005_seed007.vasp,,True,,[0],[0],['Mg'],"[[0.25, 0.25, 0.25]]",single,1,"[1, 1, 1]",4.0,0.2642857142857143,"[0, 1, 2, 3, 4, 5, 6, 7, 8, 9, 10, 11, 12, 13, 14, 15, 16, 17, 18, 19, 20, 21, 22, 23, 24, 25, 26, 27, 28, 29, 30, 31, 32, 33, 34, 35, 36, 37, 38, 39, 40, 41, 42, 43, 44, 45, 46, 47, 48, 49, 50, 51, 52, 53, 54]",octahedral,"[[1.79558662, 2.97099811, 2.38329237]]",2,0.7142857142857142,5,[3],[0],1
path_image_seed,Mg1,1,8,af202117df2c3a60,POSCAR_Mg1_base0001_octahedral_path0002_pimg005_seed008.vasp,,True,,[0],[0],['Mg'],"[[0.25, 0.25, 0.25]]",single,1,"[1, 1, 1]",4.0,0.3,"[0, 1, 2, 3, 4, 5, 6, 7, 8, 9, 10, 11, 12, 13, 14, 15, 16, 17, 18, 19, 20, 21, 22, 23, 24, 25, 26, 27, 28, 29, 30, 31, 32, 33, 34, 35, 36, 37, 38, 39, 40, 41, 42, 43, 44, 45, 46, 47, 48, 49, 50, 51, 52, 53, 54]",octahedral,"[[1.79558662, 2.97099811, 2.38329237]]",2,0.7142857142857142,5,[3],[0],1
path_image,Mg1,1,,af202117df2c3a60,POSCAR_Mg1_base0001_octahedral_path0002_pimg006.vasp,,True,,[0],[0],['Mg'],"[[0.25, 0.25, 0.25]]",single,1,"[1, 1, 1]",,,[],octahedral,"[[1.79558662, 2.97099811, 2.38329237]]",2,0.8571428571428571,,[3],[0],1
path_image_seed,Mg1,1,1,af202117df2c3a60,POSCAR_Mg1_base0001_octahedral_path0002_pimg006_seed001.vasp,,True,,[0],[0],['Mg'],"[[0.25, 0.25, 0.25]]",single,1,"[1, 1, 1]",4.0,0.05,"[0, 1, 2, 3, 4, 5, 6, 7, 8, 9, 10, 11, 12, 13, 14, 15, 16, 17, 18, 19, 20, 21, 22, 23, 24, 25, 26, 27, 28, 29, 30, 31, 32, 33, 34, 35, 36, 37, 38, 39, 40, 41, 42, 43, 44, 45, 46, 47, 48, 49, 50, 51, 52, 53, 54]",octahedral,"[[1.79558662, 2.97099811, 2.38329237]]",2,0.8571428571428571,6,[3],[0],1
path_image_seed,Mg1,1,2,af202117df2c3a60,POSCAR_Mg1_base0001_octahedral_path0002_pimg006_seed002.vasp,,True,,[0],[0],['Mg'],"[[0.25, 0.25, 0.25]]",single,1,"[1, 1, 1]",4.0,0.08571428571428572,"[0, 1, 2, 3, 4, 5, 6, 7, 8, 9, 10, 11, 12, 13, 14, 15, 16, 17, 18, 19, 20, 21, 22, 23, 24, 25, 26, 27, 28, 29, 30, 31, 32, 33, 34, 35, 36, 37, 38, 39, 40, 41, 42, 43, 44, 45, 46, 47, 48, 49, 50, 51, 52, 53, 54]",octahedral,"[[1.79558662, 2.97099811, 2.38329237]]",2,0.8571428571428571,6,[3],[0],1
path_image_seed,Mg1,1,3,af202117df2c3a60,POSCAR_Mg1_base0001_octahedral_path0002_pimg006_seed003.vasp,,True,,[0],[0],['Mg'],"[[0.25, 0.25, 0.25]]",single,1,"[1, 1, 1]",4.0,0.12142857142857143,"[0, 1, 2, 3, 4, 5, 6, 7, 8, 9, 10, 11, 12, 13, 14, 15, 16, 17, 18, 19, 20, 21, 22, 23, 24, 25, 26, 27, 28, 29, 30, 31, 32, 33, 34, 35, 36, 37, 38, 39, 40, 41, 42, 43, 44, 45, 46, 47, 48, 49, 50, 51, 52, 53, 54]",octahedral,"[[1.79558662, 2.97099811, 2.38329237]]",2,0.8571428571428571,6,[3],[0],1
path_image_seed,Mg1,1,4,af202117df2c3a60,POSCAR_Mg1_base0001_octahedral_path0002_pimg006_seed004.vasp,,True,,[0],[0],['Mg'],"[[0.25, 0.25, 0.25]]",single,1,"[1, 1, 1]",4.0,0.15714285714285714,"[0, 1, 2, 3, 4, 5, 6, 7, 8, 9, 10, 11, 12, 13, 14, 15, 16, 17, 18, 19, 20, 21, 22, 23, 24, 25, 26, 27, 28, 29, 30, 31, 32, 33, 34, 35, 36, 37, 38, 39, 40, 41, 42, 43, 44, 45, 46, 47, 48, 49, 50, 51, 52, 53, 54]",octahedral,"[[1.79558662, 2.97099811, 2.38329237]]",2,0.8571428571428571,6,[3],[0],1
path_image_seed,Mg1,1,5,af202117df2c3a60,POSCAR_Mg1_base0001_octahedral_path0002_pimg006_seed005.vasp,,True,,[0],[0],['Mg'],"[[0.25, 0.25, 0.25]]",single,1,"[1, 1, 1]",4.0,0.19285714285714284,"[0, 1, 2, 3, 4, 5, 6, 7, 8, 9, 10, 11, 12, 13, 14, 15, 16, 17, 18, 19, 20, 21, 22, 23, 24, 25, 26, 27, 28, 29, 30, 31, 32, 33, 34, 35, 36, 37, 38, 39, 40, 41, 42, 43, 44, 45, 46, 47, 48, 49, 50, 51, 52, 53, 54]",octahedral,"[[1.79558662, 2.97099811, 2.38329237]]",2,0.8571428571428571,6,[3],[0],1
path_image_seed,Mg1,1,6,af202117df2c3a60,POSCAR_Mg1_base0001_octahedral_path0002_pimg006_seed006.vasp,,True,,[0],[0],['Mg'],"[[0.25, 0.25, 0.25]]",single,1,"[1, 1, 1]",4.0,0.22857142857142854,"[0, 1, 2, 3, 4, 5, 6, 7, 8, 9, 10, 11, 12, 13, 14, 15, 16, 17, 18, 19, 20, 21, 22, 23, 24, 25, 26, 27, 28, 29, 30, 31, 32, 33, 34, 35, 36, 37, 38, 39, 40, 41, 42, 43, 44, 45, 46, 47, 48, 49, 50, 51, 52, 53, 54]",octahedral,"[[1.79558662, 2.97099811, 2.38329237]]",2,0.8571428571428571,6,[3],[0],1
path_image_seed,Mg1,1,7,af202117df2c3a60,POSCAR_Mg1_base0001_octahedral_path0002_pimg006_seed007.vasp,,True,,[0],[0],['Mg'],"[[0.25, 0.25, 0.25]]",single,1,"[1, 1, 1]",4.0,0.2642857142857143,"[0, 1, 2, 3, 4, 5, 6, 7, 8, 9, 10, 11, 12, 13, 14, 15, 16, 17, 18, 19, 20, 21, 22, 23, 24, 25, 26, 27, 28, 29, 30, 31, 32, 33, 34, 35, 36, 37, 38, 39, 40, 41, 42, 43, 44, 45, 46, 47, 48, 49, 50, 51, 52, 53, 54]",octahedral,"[[1.79558662, 2.97099811, 2.38329237]]",2,0.8571428571428571,6,[3],[0],1
path_image_seed,Mg1,1,8,af202117df2c3a60,POSCAR_Mg1_base0001_octahedral_path0002_pimg006_seed008.vasp,,True,,[0],[0],['Mg'],"[[0.25, 0.25, 0.25]]",single,1,"[1, 1, 1]",4.0,0.3,"[0, 1, 2, 3, 4, 5, 6, 7, 8, 9, 10, 11, 12, 13, 14, 15, 16, 17, 18, 19, 20, 21, 22, 23, 24, 25, 26, 27, 28, 29, 30, 31, 32, 33, 34, 35, 36, 37, 38, 39, 40, 41, 42, 43, 44, 45, 46, 47, 48, 49, 50, 51, 52, 53, 54]",octahedral,"[[1.79558662, 2.97099811, 2.38329237]]",2,0.8571428571428571,6,[3],[0],1
path_end,Mg1,1,,af202117df2c3a60,POSCAR_Mg1_base0001_octahedral_path0002_pimg007.vasp,,True,,[0],[0],['Mg'],"[[0.25, 0.25, 0.25]]",single,1,"[1, 1, 1]",,,[],octahedral,"[[1.79558662, 2.97099811, 2.38329237]]",2,1.0,,[3],[0],1
path_end_seed,Mg1,1,1,af202117df2c3a60,POSCAR_Mg1_base0001_octahedral_path0002_pimg007_seed001.vasp,,True,,[0],[0],['Mg'],"[[0.25, 0.25, 0.25]]",single,1,"[1, 1, 1]",4.0,0.05,"[0, 1, 2, 3, 4, 5, 6, 7, 8, 9, 10, 11, 12, 13, 14, 15, 16, 17, 18, 19, 20, 21, 22, 23, 24, 25, 26, 27, 28, 29, 30, 31, 32, 33, 34, 35, 36, 37, 38, 39, 40, 41, 42, 43, 44, 45, 46, 47, 48, 49, 50, 51, 52, 53, 54]",octahedral,"[[1.79558662, 2.97099811, 2.38329237]]",2,1.0,7,[3],[0],1
path_end_seed,Mg1,1,2,af202117df2c3a60,POSCAR_Mg1_base0001_octahedral_path0002_pimg007_seed002.vasp,,True,,[0],[0],['Mg'],"[[0.25, 0.25, 0.25]]",single,1,"[1, 1, 1]",4.0,0.08571428571428572,"[0, 1, 2, 3, 4, 5, 6, 7, 8, 9, 10, 11, 12, 13, 14, 15, 16, 17, 18, 19, 20, 21, 22, 23, 24, 25, 26, 27, 28, 29, 30, 31, 32, 33, 34, 35, 36, 37, 38, 39, 40, 41, 42, 43, 44, 45, 46, 47, 48, 49, 50, 51, 52, 53, 54]",octahedral,"[[1.79558662, 2.97099811, 2.38329237]]",2,1.0,7,[3],[0],1
path_end_seed,Mg1,1,3,af202117df2c3a60,POSCAR_Mg1_base0001_octahedral_path0002_pimg007_seed003.vasp,,True,,[0],[0],['Mg'],"[[0.25, 0.25, 0.25]]",single,1,"[1, 1, 1]",4.0,0.12142857142857143,"[0, 1, 2, 3, 4, 5, 6, 7, 8, 9, 10, 11, 12, 13, 14, 15, 16, 17, 18, 19, 20, 21, 22, 23, 24, 25, 26, 27, 28, 29, 30, 31, 32, 33, 34, 35, 36, 37, 38, 39, 40, 41, 42, 43, 44, 45, 46, 47, 48, 49, 50, 51, 52, 53, 54]",octahedral,"[[1.79558662, 2.97099811, 2.38329237]]",2,1.0,7,[3],[0],1
path_end_seed,Mg1,1,4,af202117df2c3a60,POSCAR_Mg1_base0001_octahedral_path0002_pimg007_seed004.vasp,,True,,[0],[0],['Mg'],"[[0.25, 0.25, 0.25]]",single,1,"[1, 1, 1]",4.0,0.15714285714285714,"[0, 1, 2, 3, 4, 5, 6, 7, 8, 9, 10, 11, 12, 13, 14, 15, 16, 17, 18, 19, 20, 21, 22, 23, 24, 25, 26, 27, 28, 29, 30, 31, 32, 33, 34, 35, 36, 37, 38, 39, 40, 41, 42, 43, 44, 45, 46, 47, 48, 49, 50, 51, 52, 53, 54]",octahedral,"[[1.79558662, 2.97099811, 2.38329237]]",2,1.0,7,[3],[0],1
path_end_seed,Mg1,1,5,af202117df2c3a60,POSCAR_Mg1_base0001_octahedral_path0002_pimg007_seed005.vasp,,True,,[0],[0],['Mg'],"[[0.25, 0.25, 0.25]]",single,1,"[1, 1, 1]",4.0,0.19285714285714284,"[0, 1, 2, 3, 4, 5, 6, 7, 8, 9, 10, 11, 12, 13, 14, 15, 16, 17, 18, 19, 20, 21, 22, 23, 24, 25, 26, 27, 28, 29, 30, 31, 32, 33, 34, 35, 36, 37, 38, 39, 40, 41, 42, 43, 44, 45, 46, 47, 48, 49, 50, 51, 52, 53, 54]",octahedral,"[[1.79558662, 2.97099811, 2.38329237]]",2,1.0,7,[3],[0],1
path_end_seed,Mg1,1,6,af202117df2c3a60,POSCAR_Mg1_base0001_octahedral_path0002_pimg007_seed006.vasp,,True,,[0],[0],['Mg'],"[[0.25, 0.25, 0.25]]",single,1,"[1, 1, 1]",4.0,0.22857142857142854,"[0, 1, 2, 3, 4, 5, 6, 7, 8, 9, 10, 11, 12, 13, 14, 15, 16, 17, 18, 19, 20, 21, 22, 23, 24, 25, 26, 27, 28, 29, 30, 31, 32, 33, 34, 35, 36, 37, 38, 39, 40, 41, 42, 43, 44, 45, 46, 47, 48, 49, 50, 51, 52, 53, 54]",octahedral,"[[1.79558662, 2.97099811, 2.38329237]]",2,1.0,7,[3],[0],1
path_end_seed,Mg1,1,7,af202117df2c3a60,POSCAR_Mg1_base0001_octahedral_path0002_pimg007_seed007.vasp,,True,,[0],[0],['Mg'],"[[0.25, 0.25, 0.25]]",single,1,"[1, 1, 1]",4.0,0.2642857142857143,"[0, 1, 2, 3, 4, 5, 6, 7, 8, 9, 10, 11, 12, 13, 14, 15, 16, 17, 18, 19, 20, 21, 22, 23, 24, 25, 26, 27, 28, 29, 30, 31, 32, 33, 34, 35, 36, 37, 38, 39, 40, 41, 42, 43, 44, 45, 46, 47, 48, 49, 50, 51, 52, 53, 54]",octahedral,"[[1.79558662, 2.97099811, 2.38329237]]",2,1.0,7,[3],[0],1
path_end_seed,Mg1,1,8,af202117df2c3a60,POSCAR_Mg1_base0001_octahedral_path0002_pimg007_seed008.vasp,,True,,[0],[0],['Mg'],"[[0.25, 0.25, 0.25]]",single,1,"[1, 1, 1]",4.0,0.3,"[0, 1, 2, 3, 4, 5, 6, 7, 8, 9, 10, 11, 12, 13, 14, 15, 16, 17, 18, 19, 20, 21, 22, 23, 24, 25, 26, 27, 28, 29, 30, 31, 32, 33, 34, 35, 36, 37, 38, 39, 40, 41, 42, 43, 44, 45, 46, 47, 48, 49, 50, 51, 52, 53, 54]",octahedral,"[[1.79558662, 2.97099811, 2.38329237]]",2,1.0,7,[3],[0],1
path_start,Mg1,1,,af202117df2c3a60,POSCAR_Mg1_base0001_octahedral_path0003_pimg000.vasp,,True,,[0],[0],['Mg'],"[[0.25, 0.25, 0.25]]",single,1,"[1, 1, 1]",,,[],octahedral,"[[1.79558662, 2.97099811, 2.38329237]]",3,0.0,,[5],[0],1
path_start_seed,Mg1,1,1,af202117df2c3a60,POSCAR_Mg1_base0001_octahedral_path0003_pimg000_seed001.vasp,,True,,[0],[0],['Mg'],"[[0.25, 0.25, 0.25]]",single,1,"[1, 1, 1]",4.0,0.05,"[0, 1, 2, 3, 4, 5, 6, 7, 8, 9, 10, 11, 12, 13, 14, 15, 16, 17, 18, 19, 20, 21, 22, 23, 24, 25, 26, 27, 28, 29, 30, 31, 32, 33, 34, 35, 36, 37, 38, 39, 40, 41, 42, 43, 44, 45, 46, 47, 48, 49, 50, 51, 52, 53, 54]",octahedral,"[[1.79558662, 2.97099811, 2.38329237]]",3,0.0,0,[5],[0],1
path_start_seed,Mg1,1,2,af202117df2c3a60,POSCAR_Mg1_base0001_octahedral_path0003_pimg000_seed002.vasp,,True,,[0],[0],['Mg'],"[[0.25, 0.25, 0.25]]",single,1,"[1, 1, 1]",4.0,0.08571428571428572,"[0, 1, 2, 3, 4, 5, 6, 7, 8, 9, 10, 11, 12, 13, 14, 15, 16, 17, 18, 19, 20, 21, 22, 23, 24, 25, 26, 27, 28, 29, 30, 31, 32, 33, 34, 35, 36, 37, 38, 39, 40, 41, 42, 43, 44, 45, 46, 47, 48, 49, 50, 51, 52, 53, 54]",octahedral,"[[1.79558662, 2.97099811, 2.38329237]]",3,0.0,0,[5],[0],1
path_start_seed,Mg1,1,3,af202117df2c3a60,POSCAR_Mg1_base0001_octahedral_path0003_pimg000_seed003.vasp,,True,,[0],[0],['Mg'],"[[0.25, 0.25, 0.25]]",single,1,"[1, 1, 1]",4.0,0.12142857142857143,"[0, 1, 2, 3, 4, 5, 6, 7, 8, 9, 10, 11, 12, 13, 14, 15, 16, 17, 18, 19, 20, 21, 22, 23, 24, 25, 26, 27, 28, 29, 30, 31, 32, 33, 34, 35, 36, 37, 38, 39, 40, 41, 42, 43, 44, 45, 46, 47, 48, 49, 50, 51, 52, 53, 54]",octahedral,"[[1.79558662, 2.97099811, 2.38329237]]",3,0.0,0,[5],[0],1
path_start_seed,Mg1,1,4,af202117df2c3a60,POSCAR_Mg1_base0001_octahedral_path0003_pimg000_seed004.vasp,,True,,[0],[0],['Mg'],"[[0.25, 0.25, 0.25]]",single,1,"[1, 1, 1]",4.0,0.15714285714285714,"[0, 1, 2, 3, 4, 5, 6, 7, 8, 9, 10, 11, 12, 13, 14, 15, 16, 17, 18, 19, 20, 21, 22, 23, 24, 25, 26, 27, 28, 29, 30, 31, 32, 33, 34, 35, 36, 37, 38, 39, 40, 41, 42, 43, 44, 45, 46, 47, 48, 49, 50, 51, 52, 53, 54]",octahedral,"[[1.79558662, 2.97099811, 2.38329237]]",3,0.0,0,[5],[0],1
path_start_seed,Mg1,1,5,af202117df2c3a60,POSCAR_Mg1_base0001_octahedral_path0003_pimg000_seed005.vasp,,True,,[0],[0],['Mg'],"[[0.25, 0.25, 0.25]]",single,1,"[1, 1, 1]",4.0,0.19285714285714284,"[0, 1, 2, 3, 4, 5, 6, 7, 8, 9, 10, 11, 12, 13, 14, 15, 16, 17, 18, 19, 20, 21, 22, 23, 24, 25, 26, 27, 28, 29, 30, 31, 32, 33, 34, 35, 36, 37, 38, 39, 40, 41, 42, 43, 44, 45, 46, 47, 48, 49, 50, 51, 52, 53, 54]",octahedral,"[[1.79558662, 2.97099811, 2.38329237]]",3,0.0,0,[5],[0],1
path_start_seed,Mg1,1,6,af202117df2c3a60,POSCAR_Mg1_base0001_octahedral_path0003_pimg000_seed006.vasp,,True,,[0],[0],['Mg'],"[[0.25, 0.25, 0.25]]",single,1,"[1, 1, 1]",4.0,0.22857142857142854,"[0, 1, 2, 3, 4, 5, 6, 7, 8, 9, 10, 11, 12, 13, 14, 15, 16, 17, 18, 19, 20, 21, 22, 23, 24, 25, 26, 27, 28, 29, 30, 31, 32, 33, 34, 35, 36, 37, 38, 39, 40, 41, 42, 43, 44, 45, 46, 47, 48, 49, 50, 51, 52, 53, 54]",octahedral,"[[1.79558662, 2.97099811, 2.38329237]]",3,0.0,0,[5],[0],1
path_start_seed,Mg1,1,7,af202117df2c3a60,POSCAR_Mg1_base0001_octahedral_path0003_pimg000_seed007.vasp,,True,,[0],[0],['Mg'],"[[0.25, 0.25, 0.25]]",single,1,"[1, 1, 1]",4.0,0.2642857142857143,"[0, 1, 2, 3, 4, 5, 6, 7, 8, 9, 10, 11, 12, 13, 14, 15, 16, 17, 18, 19, 20, 21, 22, 23, 24, 25, 26, 27, 28, 29, 30, 31, 32, 33, 34, 35, 36, 37, 38, 39, 40, 41, 42, 43, 44, 45, 46, 47, 48, 49, 50, 51, 52, 53, 54]",octahedral,"[[1.79558662, 2.97099811, 2.38329237]]",3,0.0,0,[5],[0],1
path_start_seed,Mg1,1,8,af202117df2c3a60,POSCAR_Mg1_base0001_octahedral_path0003_pimg000_seed008.vasp,,True,,[0],[0],['Mg'],"[[0.25, 0.25, 0.25]]",single,1,"[1, 1, 1]",4.0,0.3,"[0, 1, 2, 3, 4, 5, 6, 7, 8, 9, 10, 11, 12, 13, 14, 15, 16, 17, 18, 19, 20, 21, 22, 23, 24, 25, 26, 27, 28, 29, 30, 31, 32, 33, 34, 35, 36, 37, 38, 39, 40, 41, 42, 43, 44, 45, 46, 47, 48, 49, 50, 51, 52, 53, 54]",octahedral,"[[1.79558662, 2.97099811, 2.38329237]]",3,0.0,0,[5],[0],1
path_image,Mg1,1,,af202117df2c3a60,POSCAR_Mg1_base0001_octahedral_path0003_pimg001.vasp,,True,,[0],[0],['Mg'],"[[0.25, 0.25, 0.25]]",single,1,"[1, 1, 1]",,,[],octahedral,"[[1.79558662, 2.97099811, 2.38329237]]",3,0.14285714285714285,,[5],[0],1
path_image_seed,Mg1,1,1,af202117df2c3a60,POSCAR_Mg1_base0001_octahedral_path0003_pimg001_seed001.vasp,,True,,[0],[0],['Mg'],"[[0.25, 0.25, 0.25]]",single,1,"[1, 1, 1]",4.0,0.05,"[0, 1, 2, 3, 4, 5, 6, 7, 8, 9, 10, 11, 12, 13, 14, 15, 16, 17, 18, 19, 20, 21, 22, 23, 24, 25, 26, 27, 28, 29, 30, 31, 32, 33, 34, 35, 36, 37, 38, 39, 40, 41, 42, 43, 44, 45, 46, 47, 48, 49, 50, 51, 52, 53, 54]",octahedral,"[[1.79558662, 2.97099811, 2.38329237]]",3,0.14285714285714285,1,[5],[0],1
path_image_seed,Mg1,1,2,af202117df2c3a60,POSCAR_Mg1_base0001_octahedral_path0003_pimg001_seed002.vasp,,True,,[0],[0],['Mg'],"[[0.25, 0.25, 0.25]]",single,1,"[1, 1, 1]",4.0,0.08571428571428572,"[0, 1, 2, 3, 4, 5, 6, 7, 8, 9, 10, 11, 12, 13, 14, 15, 16, 17, 18, 19, 20, 21, 22, 23, 24, 25, 26, 27, 28, 29, 30, 31, 32, 33, 34, 35, 36, 37, 38, 39, 40, 41, 42, 43, 44, 45, 46, 47, 48, 49, 50, 51, 52, 53, 54]",octahedral,"[[1.79558662, 2.97099811, 2.38329237]]",3,0.14285714285714285,1,[5],[0],1
path_image_seed,Mg1,1,3,af202117df2c3a60,POSCAR_Mg1_base0001_octahedral_path0003_pimg001_seed003.vasp,,True,,[0],[0],['Mg'],"[[0.25, 0.25, 0.25]]",single,1,"[1, 1, 1]",4.0,0.12142857142857143,"[0, 1, 2, 3, 4, 5, 6, 7, 8, 9, 10, 11, 12, 13, 14, 15, 16, 17, 18, 19, 20, 21, 22, 23, 24, 25, 26, 27, 28, 29, 30, 31, 32, 33, 34, 35, 36, 37, 38, 39, 40, 41, 42, 43, 44, 45, 46, 47, 48, 49, 50, 51, 52, 53, 54]",octahedral,"[[1.79558662, 2.97099811, 2.38329237]]",3,0.14285714285714285,1,[5],[0],1
path_image_seed,Mg1,1,4,af202117df2c3a60,POSCAR_Mg1_base0001_octahedral_path0003_pimg001_seed004.vasp,,True,,[0],[0],['Mg'],"[[0.25, 0.25, 0.25]]",single,1,"[1, 1, 1]",4.0,0.15714285714285714,"[0, 1, 2, 3, 4, 5, 6, 7, 8, 9, 10, 11, 12, 13, 14, 15, 16, 17, 18, 19, 20, 21, 22, 23, 24, 25, 26, 27, 28, 29, 30, 31, 32, 33, 34, 35, 36, 37, 38, 39, 40, 41, 42, 43, 44, 45, 46, 47, 48, 49, 50, 51, 52, 53, 54]",octahedral,"[[1.79558662, 2.97099811, 2.38329237]]",3,0.14285714285714285,1,[5],[0],1
path_image_seed,Mg1,1,5,af202117df2c3a60,POSCAR_Mg1_base0001_octahedral_path0003_pimg001_seed005.vasp,,True,,[0],[0],['Mg'],"[[0.25, 0.25, 0.25]]",single,1,"[1, 1, 1]",4.0,0.19285714285714284,"[0, 1, 2, 3, 4, 5, 6, 7, 8, 9, 10, 11, 12, 13, 14, 15, 16, 17, 18, 19, 20, 21, 22, 23, 24, 25, 26, 27, 28, 29, 30, 31, 32, 33, 34, 35, 36, 37, 38, 39, 40, 41, 42, 43, 44, 45, 46, 47, 48, 49, 50, 51, 52, 53, 54]",octahedral,"[[1.79558662, 2.97099811, 2.38329237]]",3,0.14285714285714285,1,[5],[0],1
path_image_seed,Mg1,1,6,af202117df2c3a60,POSCAR_Mg1_base0001_octahedral_path0003_pimg001_seed006.vasp,,True,,[0],[0],['Mg'],"[[0.25, 0.25, 0.25]]",single,1,"[1, 1, 1]",4.0,0.22857142857142854,"[0, 1, 2, 3, 4, 5, 6, 7, 8, 9, 10, 11, 12, 13, 14, 15, 16, 17, 18, 19, 20, 21, 22, 23, 24, 25, 26, 27, 28, 29, 30, 31, 32, 33, 34, 35, 36, 37, 38, 39, 40, 41, 42, 43, 44, 45, 46, 47, 48, 49, 50, 51, 52, 53, 54]",octahedral,"[[1.79558662, 2.97099811, 2.38329237]]",3,0.14285714285714285,1,[5],[0],1
path_image_seed,Mg1,1,7,af202117df2c3a60,POSCAR_Mg1_base0001_octahedral_path0003_pimg001_seed007.vasp,,True,,[0],[0],['Mg'],"[[0.25, 0.25, 0.25]]",single,1,"[1, 1, 1]",4.0,0.2642857142857143,"[0, 1, 2, 3, 4, 5, 6, 7, 8, 9, 10, 11, 12, 13, 14, 15, 16, 17, 18, 19, 20, 21, 22, 23, 24, 25, 26, 27, 28, 29, 30, 31, 32, 33, 34, 35, 36, 37, 38, 39, 40, 41, 42, 43, 44, 45, 46, 47, 48, 49, 50, 51, 52, 53, 54]",octahedral,"[[1.79558662, 2.97099811, 2.38329237]]",3,0.14285714285714285,1,[5],[0],1
path_image_seed,Mg1,1,8,af202117df2c3a60,POSCAR_Mg1_base0001_octahedral_path0003_pimg001_seed008.vasp,,True,,[0],[0],['Mg'],"[[0.25, 0.25, 0.25]]",single,1,"[1, 1, 1]",4.0,0.3,"[0, 1, 2, 3, 4, 5, 6, 7, 8, 9, 10, 11, 12, 13, 14, 15, 16, 17, 18, 19, 20, 21, 22, 23, 24, 25, 26, 27, 28, 29, 30, 31, 32, 33, 34, 35, 36, 37, 38, 39, 40, 41, 42, 43, 44, 45, 46, 47, 48, 49, 50, 51, 52, 53, 54]",octahedral,"[[1.79558662, 2.97099811, 2.38329237]]",3,0.14285714285714285,1,[5],[0],1
path_image,Mg1,1,,af202117df2c3a60,POSCAR_Mg1_base0001_octahedral_path0003_pimg002.vasp,,True,,[0],[0],['Mg'],"[[0.25, 0.25, 0.25]]",single,1,"[1, 1, 1]",,,[],octahedral,"[[1.79558662, 2.97099811, 2.38329237]]",3,0.2857142857142857,,[5],[0],1
path_image_seed,Mg1,1,1,af202117df2c3a60,POSCAR_Mg1_base0001_octahedral_path0003_pimg002_seed001.vasp,,True,,[0],[0],['Mg'],"[[0.25, 0.25, 0.25]]",single,1,"[1, 1, 1]",4.0,0.05,"[0, 1, 2, 3, 4, 5, 6, 7, 8, 9, 10, 11, 12, 13, 14, 15, 16, 17, 18, 19, 20, 21, 22, 23, 24, 25, 26, 27, 28, 29, 30, 31, 32, 33, 34, 35, 36, 37, 38, 39, 40, 41, 42, 43, 44, 45, 46, 47, 48, 49, 50, 51, 52, 53, 54]",octahedral,"[[1.79558662, 2.97099811, 2.38329237]]",3,0.2857142857142857,2,[5],[0],1
path_image_seed,Mg1,1,2,af202117df2c3a60,POSCAR_Mg1_base0001_octahedral_path0003_pimg002_seed002.vasp,,True,,[0],[0],['Mg'],"[[0.25, 0.25, 0.25]]",single,1,"[1, 1, 1]",4.0,0.08571428571428572,"[0, 1, 2, 3, 4, 5, 6, 7, 8, 9, 10, 11, 12, 13, 14, 15, 16, 17, 18, 19, 20, 21, 22, 23, 24, 25, 26, 27, 28, 29, 30, 31, 32, 33, 34, 35, 36, 37, 38, 39, 40, 41, 42, 43, 44, 45, 46, 47, 48, 49, 50, 51, 52, 53, 54]",octahedral,"[[1.79558662, 2.97099811, 2.38329237]]",3,0.2857142857142857,2,[5],[0],1
path_image_seed,Mg1,1,3,af202117df2c3a60,POSCAR_Mg1_base0001_octahedral_path0003_pimg002_seed003.vasp,,True,,[0],[0],['Mg'],"[[0.25, 0.25, 0.25]]",single,1,"[1, 1, 1]",4.0,0.12142857142857143,"[0, 1, 2, 3, 4, 5, 6, 7, 8, 9, 10, 11, 12, 13, 14, 15, 16, 17, 18, 19, 20, 21, 22, 23, 24, 25, 26, 27, 28, 29, 30, 31, 32, 33, 34, 35, 36, 37, 38, 39, 40, 41, 42, 43, 44, 45, 46, 47, 48, 49, 50, 51, 52, 53, 54]",octahedral,"[[1.79558662, 2.97099811, 2.38329237]]",3,0.2857142857142857,2,[5],[0],1
path_image_seed,Mg1,1,4,af202117df2c3a60,POSCAR_Mg1_base0001_octahedral_path0003_pimg002_seed004.vasp,,True,,[0],[0],['Mg'],"[[0.25, 0.25, 0.25]]",single,1,"[1, 1, 1]",4.0,0.15714285714285714,"[0, 1, 2, 3, 4, 5, 6, 7, 8, 9, 10, 11, 12, 13, 14, 15, 16, 17, 18, 19, 20, 21, 22, 23, 24, 25, 26, 27, 28, 29, 30, 31, 32, 33, 34, 35, 36, 37, 38, 39, 40, 41, 42, 43, 44, 45, 46, 47, 48, 49, 50, 51, 52, 53, 54]",octahedral,"[[1.79558662, 2.97099811, 2.38329237]]",3,0.2857142857142857,2,[5],[0],1
path_image_seed,Mg1,1,5,af202117df2c3a60,POSCAR_Mg1_base0001_octahedral_path0003_pimg002_seed005.vasp,,True,,[0],[0],['Mg'],"[[0.25, 0.25, 0.25]]",single,1,"[1, 1, 1]",4.0,0.19285714285714284,"[0, 1, 2, 3, 4, 5, 6, 7, 8, 9, 10, 11, 12, 13, 14, 15, 16, 17, 18, 19, 20, 21, 22, 23, 24, 25, 26, 27, 28, 29, 30, 31, 32, 33, 34, 35, 36, 37, 38, 39, 40, 41, 42, 43, 44, 45, 46, 47, 48, 49, 50, 51, 52, 53, 54]",octahedral,"[[1.79558662, 2.97099811, 2.38329237]]",3,0.2857142857142857,2,[5],[0],1
path_image_seed,Mg1,1,6,af202117df2c3a60,POSCAR_Mg1_base0001_octahedral_path0003_pimg002_seed006.vasp,,True,,[0],[0],['Mg'],"[[0.25, 0.25, 0.25]]",single,1,"[1, 1, 1]",4.0,0.22857142857142854,"[0, 1, 2, 3, 4, 5, 6, 7, 8, 9, 10, 11, 12, 13, 14, 15, 16, 17, 18, 19, 20, 21, 22, 23, 24, 25, 26, 27, 28, 29, 30, 31, 32, 33, 34, 35, 36, 37, 38, 39, 40, 41, 42, 43, 44, 45, 46, 47, 48, 49, 50, 51, 52, 53, 54]",octahedral,"[[1.79558662, 2.97099811, 2.38329237]]",3,0.2857142857142857,2,[5],[0],1
path_image_seed,Mg1,1,7,af202117df2c3a60,POSCAR_Mg1_base0001_octahedral_path0003_pimg002_seed007.vasp,,True,,[0],[0],['Mg'],"[[0.25, 0.25, 0.25]]",single,1,"[1, 1, 1]",4.0,0.2642857142857143,"[0, 1, 2, 3, 4, 5, 6, 7, 8, 9, 10, 11, 12, 13, 14, 15, 16, 17, 18, 19, 20, 21, 22, 23, 24, 25, 26, 27, 28, 29, 30, 31, 32, 33, 34, 35, 36, 37, 38, 39, 40, 41, 42, 43, 44, 45, 46, 47, 48, 49, 50, 51, 52, 53, 54]",octahedral,"[[1.79558662, 2.97099811, 2.38329237]]",3,0.2857142857142857,2,[5],[0],1
path_image_seed,Mg1,1,8,af202117df2c3a60,POSCAR_Mg1_base0001_octahedral_path0003_pimg002_seed008.vasp,,True,,[0],[0],['Mg'],"[[0.25, 0.25, 0.25]]",single,1,"[1, 1, 1]",4.0,0.3,"[0, 1, 2, 3, 4, 5, 6, 7, 8, 9, 10, 11, 12, 13, 14, 15, 16, 17, 18, 19, 20, 21, 22, 23, 24, 25, 26, 27, 28, 29, 30, 31, 32, 33, 34, 35, 36, 37, 38, 39, 40, 41, 42, 43, 44, 45, 46, 47, 48, 49, 50, 51, 52, 53, 54]",octahedral,"[[1.79558662, 2.97099811, 2.38329237]]",3,0.2857142857142857,2,[5],[0],1
path_image,Mg1,1,,af202117df2c3a60,POSCAR_Mg1_base0001_octahedral_path0003_pimg003.vasp,,True,,[0],[0],['Mg'],"[[0.25, 0.25, 0.25]]",single,1,"[1, 1, 1]",,,[],octahedral,"[[1.79558662, 2.97099811, 2.38329237]]",3,0.42857142857142855,,[5],[0],1
path_image_seed,Mg1,1,1,af202117df2c3a60,POSCAR_Mg1_base0001_octahedral_path0003_pimg003_seed001.vasp,,True,,[0],[0],['Mg'],"[[0.25, 0.25, 0.25]]",single,1,"[1, 1, 1]",4.0,0.05,"[0, 1, 2, 3, 4, 5, 6, 7, 8, 9, 10, 11, 12, 13, 14, 15, 16, 17, 18, 19, 20, 21, 22, 23, 24, 25, 26, 27, 28, 29, 30, 31, 32, 33, 34, 35, 36, 37, 38, 39, 40, 41, 42, 43, 44, 45, 46, 47, 48, 49, 50, 51, 52, 53, 54]",octahedral,"[[1.79558662, 2.97099811, 2.38329237]]",3,0.42857142857142855,3,[5],[0],1
path_image_seed,Mg1,1,2,af202117df2c3a60,POSCAR_Mg1_base0001_octahedral_path0003_pimg003_seed002.vasp,,True,,[0],[0],['Mg'],"[[0.25, 0.25, 0.25]]",single,1,"[1, 1, 1]",4.0,0.08571428571428572,"[0, 1, 2, 3, 4, 5, 6, 7, 8, 9, 10, 11, 12, 13, 14, 15, 16, 17, 18, 19, 20, 21, 22, 23, 24, 25, 26, 27, 28, 29, 30, 31, 32, 33, 34, 35, 36, 37, 38, 39, 40, 41, 42, 43, 44, 45, 46, 47, 48, 49, 50, 51, 52, 53, 54]",octahedral,"[[1.79558662, 2.97099811, 2.38329237]]",3,0.42857142857142855,3,[5],[0],1
path_image_seed,Mg1,1,3,af202117df2c3a60,POSCAR_Mg1_base0001_octahedral_path0003_pimg003_seed003.vasp,,True,,[0],[0],['Mg'],"[[0.25, 0.25, 0.25]]",single,1,"[1, 1, 1]",4.0,0.12142857142857143,"[0, 1, 2, 3, 4, 5, 6, 7, 8, 9, 10, 11, 12, 13, 14, 15, 16, 17, 18, 19, 20, 21, 22, 23, 24, 25, 26, 27, 28, 29, 30, 31, 32, 33, 34, 35, 36, 37, 38, 39, 40, 41, 42, 43, 44, 45, 46, 47, 48, 49, 50, 51, 52, 53, 54]",octahedral,"[[1.79558662, 2.97099811, 2.38329237]]",3,0.42857142857142855,3,[5],[0],1
path_image_seed,Mg1,1,4,af202117df2c3a60,POSCAR_Mg1_base0001_octahedral_path0003_pimg003_seed004.vasp,,True,,[0],[0],['Mg'],"[[0.25, 0.25, 0.25]]",single,1,"[1, 1, 1]",4.0,0.15714285714285714,"[0, 1, 2, 3, 4, 5, 6, 7, 8, 9, 10, 11, 12, 13, 14, 15, 16, 17, 18, 19, 20, 21, 22, 23, 24, 25, 26, 27, 28, 29, 30, 31, 32, 33, 34, 35, 36, 37, 38, 39, 40, 41, 42, 43, 44, 45, 46, 47, 48, 49, 50, 51, 52, 53, 54]",octahedral,"[[1.79558662, 2.97099811, 2.38329237]]",3,0.42857142857142855,3,[5],[0],1
path_image_seed,Mg1,1,5,af202117df2c3a60,POSCAR_Mg1_base0001_octahedral_path0003_pimg003_seed005.vasp,,True,,[0],[0],['Mg'],"[[0.25, 0.25, 0.25]]",single,1,"[1, 1, 1]",4.0,0.19285714285714284,"[0, 1, 2, 3, 4, 5, 6, 7, 8, 9, 10, 11, 12, 13, 14, 15, 16, 17, 18, 19, 20, 21, 22, 23, 24, 25, 26, 27, 28, 29, 30, 31, 32, 33, 34, 35, 36, 37, 38, 39, 40, 41, 42, 43, 44, 45, 46, 47, 48, 49, 50, 51, 52, 53, 54]",octahedral,"[[1.79558662, 2.97099811, 2.38329237]]",3,0.42857142857142855,3,[5],[0],1
path_image_seed,Mg1,1,6,af202117df2c3a60,POSCAR_Mg1_base0001_octahedral_path0003_pimg003_seed006.vasp,,True,,[0],[0],['Mg'],"[[0.25, 0.25, 0.25]]",single,1,"[1, 1, 1]",4.0,0.22857142857142854,"[0, 1, 2, 3, 4, 5, 6, 7, 8, 9, 10, 11, 12, 13, 14, 15, 16, 17, 18, 19, 20, 21, 22, 23, 24, 25, 26, 27, 28, 29, 30, 31, 32, 33, 34, 35, 36, 37, 38, 39, 40, 41, 42, 43, 44, 45, 46, 47, 48, 49, 50, 51, 52, 53, 54]",octahedral,"[[1.79558662, 2.97099811, 2.38329237]]",3,0.42857142857142855,3,[5],[0],1
path_image_seed,Mg1,1,7,af202117df2c3a60,POSCAR_Mg1_base0001_octahedral_path0003_pimg003_seed007.vasp,,True,,[0],[0],['Mg'],"[[0.25, 0.25, 0.25]]",single,1,"[1, 1, 1]",4.0,0.2642857142857143,"[0, 1, 2, 3, 4, 5, 6, 7, 8, 9, 10, 11, 12, 13, 14, 15, 16, 17, 18, 19, 20, 21, 22, 23, 24, 25, 26, 27, 28, 29, 30, 31, 32, 33, 34, 35, 36, 37, 38, 39, 40, 41, 42, 43, 44, 45, 46, 47, 48, 49, 50, 51, 52, 53, 54]",octahedral,"[[1.79558662, 2.97099811, 2.38329237]]",3,0.42857142857142855,3,[5],[0],1
path_image_seed,Mg1,1,8,af202117df2c3a60,POSCAR_Mg1_base0001_octahedral_path0003_pimg003_seed008.vasp,,True,,[0],[0],['Mg'],"[[0.25, 0.25, 0.25]]",single,1,"[1, 1, 1]",4.0,0.3,"[0, 1, 2, 3, 4, 5, 6, 7, 8, 9, 10, 11, 12, 13, 14, 15, 16, 17, 18, 19, 20, 21, 22, 23, 24, 25, 26, 27, 28, 29, 30, 31, 32, 33, 34, 35, 36, 37, 38, 39, 40, 41, 42, 43, 44, 45, 46, 47, 48, 49, 50, 51, 52, 53, 54]",octahedral,"[[1.79558662, 2.97099811, 2.38329237]]",3,0.42857142857142855,3,[5],[0],1
path_image,Mg1,1,,af202117df2c3a60,POSCAR_Mg1_base0001_octahedral_path0003_pimg004.vasp,,True,,[0],[0],['Mg'],"[[0.25, 0.25, 0.25]]",single,1,"[1, 1, 1]",,,[],octahedral,"[[1.79558662, 2.97099811, 2.38329237]]",3,0.5714285714285714,,[5],[0],1
path_image_seed,Mg1,1,1,af202117df2c3a60,POSCAR_Mg1_base0001_octahedral_path0003_pimg004_seed001.vasp,,True,,[0],[0],['Mg'],"[[0.25, 0.25, 0.25]]",single,1,"[1, 1, 1]",4.0,0.05,"[0, 1, 2, 3, 4, 5, 6, 7, 8, 9, 10, 11, 12, 13, 14, 15, 16, 17, 18, 19, 20, 21, 22, 23, 24, 25, 26, 27, 28, 29, 30, 31, 32, 33, 34, 35, 36, 37, 38, 39, 40, 41, 42, 43, 44, 45, 46, 47, 48, 49, 50, 51, 52, 53, 54]",octahedral,"[[1.79558662, 2.97099811, 2.38329237]]",3,0.5714285714285714,4,[5],[0],1
path_image_seed,Mg1,1,2,af202117df2c3a60,POSCAR_Mg1_base0001_octahedral_path0003_pimg004_seed002.vasp,,True,,[0],[0],['Mg'],"[[0.25, 0.25, 0.25]]",single,1,"[1, 1, 1]",4.0,0.08571428571428572,"[0, 1, 2, 3, 4, 5, 6, 7, 8, 9, 10, 11, 12, 13, 14, 15, 16, 17, 18, 19, 20, 21, 22, 23, 24, 25, 26, 27, 28, 29, 30, 31, 32, 33, 34, 35, 36, 37, 38, 39, 40, 41, 42, 43, 44, 45, 46, 47, 48, 49, 50, 51, 52, 53, 54]",octahedral,"[[1.79558662, 2.97099811, 2.38329237]]",3,0.5714285714285714,4,[5],[0],1
path_image_seed,Mg1,1,3,af202117df2c3a60,POSCAR_Mg1_base0001_octahedral_path0003_pimg004_seed003.vasp,,True,,[0],[0],['Mg'],"[[0.25, 0.25, 0.25]]",single,1,"[1, 1, 1]",4.0,0.12142857142857143,"[0, 1, 2, 3, 4, 5, 6, 7, 8, 9, 10, 11, 12, 13, 14, 15, 16, 17, 18, 19, 20, 21, 22, 23, 24, 25, 26, 27, 28, 29, 30, 31, 32, 33, 34, 35, 36, 37, 38, 39, 40, 41, 42, 43, 44, 45, 46, 47, 48, 49, 50, 51, 52, 53, 54]",octahedral,"[[1.79558662, 2.97099811, 2.38329237]]",3,0.5714285714285714,4,[5],[0],1
path_image_seed,Mg1,1,4,af202117df2c3a60,POSCAR_Mg1_base0001_octahedral_path0003_pimg004_seed004.vasp,,True,,[0],[0],['Mg'],"[[0.25, 0.25, 0.25]]",single,1,"[1, 1, 1]",4.0,0.15714285714285714,"[0, 1, 2, 3, 4, 5, 6, 7, 8, 9, 10, 11, 12, 13, 14, 15, 16, 17, 18, 19, 20, 21, 22, 23, 24, 25, 26, 27, 28, 29, 30, 31, 32, 33, 34, 35, 36, 37, 38, 39, 40, 41, 42, 43, 44, 45, 46, 47, 48, 49, 50, 51, 52, 53, 54]",octahedral,"[[1.79558662, 2.97099811, 2.38329237]]",3,0.5714285714285714,4,[5],[0],1
path_image_seed,Mg1,1,5,af202117df2c3a60,POSCAR_Mg1_base0001_octahedral_path0003_pimg004_seed005.vasp,,True,,[0],[0],['Mg'],"[[0.25, 0.25, 0.25]]",single,1,"[1, 1, 1]",4.0,0.19285714285714284,"[0, 1, 2, 3, 4, 5, 6, 7, 8, 9, 10, 11, 12, 13, 14, 15, 16, 17, 18, 19, 20, 21, 22, 23, 24, 25, 26, 27, 28, 29, 30, 31, 32, 33, 34, 35, 36, 37, 38, 39, 40, 41, 42, 43, 44, 45, 46, 47, 48, 49, 50, 51, 52, 53, 54]",octahedral,"[[1.79558662, 2.97099811, 2.38329237]]",3,0.5714285714285714,4,[5],[0],1
path_image_seed,Mg1,1,6,af202117df2c3a60,POSCAR_Mg1_base0001_octahedral_path0003_pimg004_seed006.vasp,,True,,[0],[0],['Mg'],"[[0.25, 0.25, 0.25]]",single,1,"[1, 1, 1]",4.0,0.22857142857142854,"[0, 1, 2, 3, 4, 5, 6, 7, 8, 9, 10, 11, 12, 13, 14, 15, 16, 17, 18, 19, 20, 21, 22, 23, 24, 25, 26, 27, 28, 29, 30, 31, 32, 33, 34, 35, 36, 37, 38, 39, 40, 41, 42, 43, 44, 45, 46, 47, 48, 49, 50, 51, 52, 53, 54]",octahedral,"[[1.79558662, 2.97099811, 2.38329237]]",3,0.5714285714285714,4,[5],[0],1
path_image_seed,Mg1,1,7,af202117df2c3a60,POSCAR_Mg1_base0001_octahedral_path0003_pimg004_seed007.vasp,,True,,[0],[0],['Mg'],"[[0.25, 0.25, 0.25]]",single,1,"[1, 1, 1]",4.0,0.2642857142857143,"[0, 1, 2, 3, 4, 5, 6, 7, 8, 9, 10, 11, 12, 13, 14, 15, 16, 17, 18, 19, 20, 21, 22, 23, 24, 25, 26, 27, 28, 29, 30, 31, 32, 33, 34, 35, 36, 37, 38, 39, 40, 41, 42, 43, 44, 45, 46, 47, 48, 49, 50, 51, 52, 53, 54]",octahedral,"[[1.79558662, 2.97099811, 2.38329237]]",3,0.5714285714285714,4,[5],[0],1
path_image_seed,Mg1,1,8,af202117df2c3a60,POSCAR_Mg1_base0001_octahedral_path0003_pimg004_seed008.vasp,,True,,[0],[0],['Mg'],"[[0.25, 0.25, 0.25]]",single,1,"[1, 1, 1]",4.0,0.3,"[0, 1, 2, 3, 4, 5, 6, 7, 8, 9, 10, 11, 12, 13, 14, 15, 16, 17, 18, 19, 20, 21, 22, 23, 24, 25, 26, 27, 28, 29, 30, 31, 32, 33, 34, 35, 36, 37, 38, 39, 40, 41, 42, 43, 44, 45, 46, 47, 48, 49, 50, 51, 52, 53, 54]",octahedral,"[[1.79558662, 2.97099811, 2.38329237]]",3,0.5714285714285714,4,[5],[0],1
path_image,Mg1,1,,af202117df2c3a60,POSCAR_Mg1_base0001_octahedral_path0003_pimg005.vasp,,True,,[0],[0],['Mg'],"[[0.25, 0.25, 0.25]]",single,1,"[1, 1, 1]",,,[],octahedral,"[[1.79558662, 2.97099811, 2.38329237]]",3,0.7142857142857142,,[5],[0],1
path_image_seed,Mg1,1,1,af202117df2c3a60,POSCAR_Mg1_base0001_octahedral_path0003_pimg005_seed001.vasp,,True,,[0],[0],['Mg'],"[[0.25, 0.25, 0.25]]",single,1,"[1, 1, 1]",4.0,0.05,"[0, 1, 2, 3, 4, 5, 6, 7, 8, 9, 10, 11, 12, 13, 14, 15, 16, 17, 18, 19, 20, 21, 22, 23, 24, 25, 26, 27, 28, 29, 30, 31, 32, 33, 34, 35, 36, 37, 38, 39, 40, 41, 42, 43, 44, 45, 46, 47, 48, 49, 50, 51, 52, 53, 54]",octahedral,"[[1.79558662, 2.97099811, 2.38329237]]",3,0.7142857142857142,5,[5],[0],1
path_image_seed,Mg1,1,2,af202117df2c3a60,POSCAR_Mg1_base0001_octahedral_path0003_pimg005_seed002.vasp,,True,,[0],[0],['Mg'],"[[0.25, 0.25, 0.25]]",single,1,"[1, 1, 1]",4.0,0.08571428571428572,"[0, 1, 2, 3, 4, 5, 6, 7, 8, 9, 10, 11, 12, 13, 14, 15, 16, 17, 18, 19, 20, 21, 22, 23, 24, 25, 26, 27, 28, 29, 30, 31, 32, 33, 34, 35, 36, 37, 38, 39, 40, 41, 42, 43, 44, 45, 46, 47, 48, 49, 50, 51, 52, 53, 54]",octahedral,"[[1.79558662, 2.97099811, 2.38329237]]",3,0.7142857142857142,5,[5],[0],1
path_image_seed,Mg1,1,3,af202117df2c3a60,POSCAR_Mg1_base0001_octahedral_path0003_pimg005_seed003.vasp,,True,,[0],[0],['Mg'],"[[0.25, 0.25, 0.25]]",single,1,"[1, 1, 1]",4.0,0.12142857142857143,"[0, 1, 2, 3, 4, 5, 6, 7, 8, 9, 10, 11, 12, 13, 14, 15, 16, 17, 18, 19, 20, 21, 22, 23, 24, 25, 26, 27, 28, 29, 30, 31, 32, 33, 34, 35, 36, 37, 38, 39, 40, 41, 42, 43, 44, 45, 46, 47, 48, 49, 50, 51, 52, 53, 54]",octahedral,"[[1.79558662, 2.97099811, 2.38329237]]",3,0.7142857142857142,5,[5],[0],1
path_image_seed,Mg1,1,4,af202117df2c3a60,POSCAR_Mg1_base0001_octahedral_path0003_pimg005_seed004.vasp,,True,,[0],[0],['Mg'],"[[0.25, 0.25, 0.25]]",single,1,"[1, 1, 1]",4.0,0.15714285714285714,"[0, 1, 2, 3, 4, 5, 6, 7, 8, 9, 10, 11, 12, 13, 14, 15, 16, 17, 18, 19, 20, 21, 22, 23, 24, 25, 26, 27, 28, 29, 30, 31, 32, 33, 34, 35, 36, 37, 38, 39, 40, 41, 42, 43, 44, 45, 46, 47, 48, 49, 50, 51, 52, 53, 54]",octahedral,"[[1.79558662, 2.97099811, 2.38329237]]",3,0.7142857142857142,5,[5],[0],1
path_image_seed,Mg1,1,5,af202117df2c3a60,POSCAR_Mg1_base0001_octahedral_path0003_pimg005_seed005.vasp,,True,,[0],[0],['Mg'],"[[0.25, 0.25, 0.25]]",single,1,"[1, 1, 1]",4.0,0.19285714285714284,"[0, 1, 2, 3, 4, 5, 6, 7, 8, 9, 10, 11, 12, 13, 14, 15, 16, 17, 18, 19, 20, 21, 22, 23, 24, 25, 26, 27, 28, 29, 30, 31, 32, 33, 34, 35, 36, 37, 38, 39, 40, 41, 42, 43, 44, 45, 46, 47, 48, 49, 50, 51, 52, 53, 54]",octahedral,"[[1.79558662, 2.97099811, 2.38329237]]",3,0.7142857142857142,5,[5],[0],1
path_image_seed,Mg1,1,6,af202117df2c3a60,POSCAR_Mg1_base0001_octahedral_path0003_pimg005_seed006.vasp,,True,,[0],[0],['Mg'],"[[0.25, 0.25, 0.25]]",single,1,"[1, 1, 1]",4.0,0.22857142857142854,"[0, 1, 2, 3, 4, 5, 6, 7, 8, 9, 10, 11, 12, 13, 14, 15, 16, 17, 18, 19, 20, 21, 22, 23, 24, 25, 26, 27, 28, 29, 30, 31, 32, 33, 34, 35, 36, 37, 38, 39, 40, 41, 42, 43, 44, 45, 46, 47, 48, 49, 50, 51, 52, 53, 54]",octahedral,"[[1.79558662, 2.97099811, 2.38329237]]",3,0.7142857142857142,5,[5],[0],1
path_image_seed,Mg1,1,7,af202117df2c3a60,POSCAR_Mg1_base0001_octahedral_path0003_pimg005_seed007.vasp,,True,,[0],[0],['Mg'],"[[0.25, 0.25, 0.25]]",single,1,"[1, 1, 1]",4.0,0.2642857142857143,"[0, 1, 2, 3, 4, 5, 6, 7, 8, 9, 10, 11, 12, 13, 14, 15, 16, 17, 18, 19, 20, 21, 22, 23, 24, 25, 26, 27, 28, 29, 30, 31, 32, 33, 34, 35, 36, 37, 38, 39, 40, 41, 42, 43, 44, 45, 46, 47, 48, 49, 50, 51, 52, 53, 54]",octahedral,"[[1.79558662, 2.97099811, 2.38329237]]",3,0.7142857142857142,5,[5],[0],1
path_image_seed,Mg1,1,8,af202117df2c3a60,POSCAR_Mg1_base0001_octahedral_path0003_pimg005_seed008.vasp,,True,,[0],[0],['Mg'],"[[0.25, 0.25, 0.25]]",single,1,"[1, 1, 1]",4.0,0.3,"[0, 1, 2, 3, 4, 5, 6, 7, 8, 9, 10, 11, 12, 13, 14, 15, 16, 17, 18, 19, 20, 21, 22, 23, 24, 25, 26, 27, 28, 29, 30, 31, 32, 33, 34, 35, 36, 37, 38, 39, 40, 41, 42, 43, 44, 45, 46, 47, 48, 49, 50, 51, 52, 53, 54]",octahedral,"[[1.79558662, 2.97099811, 2.38329237]]",3,0.7142857142857142,5,[5],[0],1
path_image,Mg1,1,,af202117df2c3a60,POSCAR_Mg1_base0001_octahedral_path0003_pimg006.vasp,,True,,[0],[0],['Mg'],"[[0.25, 0.25, 0.25]]",single,1,"[1, 1, 1]",,,[],octahedral,"[[1.79558662, 2.97099811, 2.38329237]]",3,0.8571428571428571,,[5],[0],1
path_image_seed,Mg1,1,1,af202117df2c3a60,POSCAR_Mg1_base0001_octahedral_path0003_pimg006_seed001.vasp,,True,,[0],[0],['Mg'],"[[0.25, 0.25, 0.25]]",single,1,"[1, 1, 1]",4.0,0.05,"[0, 1, 2, 3, 4, 5, 6, 7, 8, 9, 10, 11, 12, 13, 14, 15, 16, 17, 18, 19, 20, 21, 22, 23, 24, 25, 26, 27, 28, 29, 30, 31, 32, 33, 34, 35, 36, 37, 38, 39, 40, 41, 42, 43, 44, 45, 46, 47, 48, 49, 50, 51, 52, 53, 54]",octahedral,"[[1.79558662, 2.97099811, 2.38329237]]",3,0.8571428571428571,6,[5],[0],1
path_image_seed,Mg1,1,2,af202117df2c3a60,POSCAR_Mg1_base0001_octahedral_path0003_pimg006_seed002.vasp,,True,,[0],[0],['Mg'],"[[0.25, 0.25, 0.25]]",single,1,"[1, 1, 1]",4.0,0.08571428571428572,"[0, 1, 2, 3, 4, 5, 6, 7, 8, 9, 10, 11, 12, 13, 14, 15, 16, 17, 18, 19, 20, 21, 22, 23, 24, 25, 26, 27, 28, 29, 30, 31, 32, 33, 34, 35, 36, 37, 38, 39, 40, 41, 42, 43, 44, 45, 46, 47, 48, 49, 50, 51, 52, 53, 54]",octahedral,"[[1.79558662, 2.97099811, 2.38329237]]",3,0.8571428571428571,6,[5],[0],1
path_image_seed,Mg1,1,3,af202117df2c3a60,POSCAR_Mg1_base0001_octahedral_path0003_pimg006_seed003.vasp,,True,,[0],[0],['Mg'],"[[0.25, 0.25, 0.25]]",single,1,"[1, 1, 1]",4.0,0.12142857142857143,"[0, 1, 2, 3, 4, 5, 6, 7, 8, 9, 10, 11, 12, 13, 14, 15, 16, 17, 18, 19, 20, 21, 22, 23, 24, 25, 26, 27, 28, 29, 30, 31, 32, 33, 34, 35, 36, 37, 38, 39, 40, 41, 42, 43, 44, 45, 46, 47, 48, 49, 50, 51, 52, 53, 54]",octahedral,"[[1.79558662, 2.97099811, 2.38329237]]",3,0.8571428571428571,6,[5],[0],1
path_image_seed,Mg1,1,4,af202117df2c3a60,POSCAR_Mg1_base0001_octahedral_path0003_pimg006_seed004.vasp,,True,,[0],[0],['Mg'],"[[0.25, 0.25, 0.25]]",single,1,"[1, 1, 1]",4.0,0.15714285714285714,"[0, 1, 2, 3, 4, 5, 6, 7, 8, 9, 10, 11, 12, 13, 14, 15, 16, 17, 18, 19, 20, 21, 22, 23, 24, 25, 26, 27, 28, 29, 30, 31, 32, 33, 34, 35, 36, 37, 38, 39, 40, 41, 42, 43, 44, 45, 46, 47, 48, 49, 50, 51, 52, 53, 54]",octahedral,"[[1.79558662, 2.97099811, 2.38329237]]",3,0.8571428571428571,6,[5],[0],1
path_image_seed,Mg1,1,5,af202117df2c3a60,POSCAR_Mg1_base0001_octahedral_path0003_pimg006_seed005.vasp,,True,,[0],[0],['Mg'],"[[0.25, 0.25, 0.25]]",single,1,"[1, 1, 1]",4.0,0.19285714285714284,"[0, 1, 2, 3, 4, 5, 6, 7, 8, 9, 10, 11, 12, 13, 14, 15, 16, 17, 18, 19, 20, 21, 22, 23, 24, 25, 26, 27, 28, 29, 30, 31, 32, 33, 34, 35, 36, 37, 38, 39, 40, 41, 42, 43, 44, 45, 46, 47, 48, 49, 50, 51, 52, 53, 54]",octahedral,"[[1.79558662, 2.97099811, 2.38329237]]",3,0.8571428571428571,6,[5],[0],1
path_image_seed,Mg1,1,6,af202117df2c3a60,POSCAR_Mg1_base0001_octahedral_path0003_pimg006_seed006.vasp,,True,,[0],[0],['Mg'],"[[0.25, 0.25, 0.25]]",single,1,"[1, 1, 1]",4.0,0.22857142857142854,"[0, 1, 2, 3, 4, 5, 6, 7, 8, 9, 10, 11, 12, 13, 14, 15, 16, 17, 18, 19, 20, 21, 22, 23, 24, 25, 26, 27, 28, 29, 30, 31, 32, 33, 34, 35, 36, 37, 38, 39, 40, 41, 42, 43, 44, 45, 46, 47, 48, 49, 50, 51, 52, 53, 54]",octahedral,"[[1.79558662, 2.97099811, 2.38329237]]",3,0.8571428571428571,6,[5],[0],1
path_image_seed,Mg1,1,7,af202117df2c3a60,POSCAR_Mg1_base0001_octahedral_path0003_pimg006_seed007.vasp,,True,,[0],[0],['Mg'],"[[0.25, 0.25, 0.25]]",single,1,"[1, 1, 1]",4.0,0.2642857142857143,"[0, 1, 2, 3, 4, 5, 6, 7, 8, 9, 10, 11, 12, 13, 14, 15, 16, 17, 18, 19, 20, 21, 22, 23, 24, 25, 26, 27, 28, 29, 30, 31, 32, 33, 34, 35, 36, 37, 38, 39, 40, 41, 42, 43, 44, 45, 46, 47, 48, 49, 50, 51, 52, 53, 54]",octahedral,"[[1.79558662, 2.97099811, 2.38329237]]",3,0.8571428571428571,6,[5],[0],1
path_image_seed,Mg1,1,8,af202117df2c3a60,POSCAR_Mg1_base0001_octahedral_path0003_pimg006_seed008.vasp,,True,,[0],[0],['Mg'],"[[0.25, 0.25, 0.25]]",single,1,"[1, 1, 1]",4.0,0.3,"[0, 1, 2, 3, 4, 5, 6, 7, 8, 9, 10, 11, 12, 13, 14, 15, 16, 17, 18, 19, 20, 21, 22, 23, 24, 25, 26, 27, 28, 29, 30, 31, 32, 33, 34, 35, 36, 37, 38, 39, 40, 41, 42, 43, 44, 45, 46, 47, 48, 49, 50, 51, 52, 53, 54]",octahedral,"[[1.79558662, 2.97099811, 2.38329237]]",3,0.8571428571428571,6,[5],[0],1
path_end,Mg1,1,,af202117df2c3a60,POSCAR_Mg1_base0001_octahedral_path0003_pimg007.vasp,,True,,[0],[0],['Mg'],"[[0.25, 0.25, 0.25]]",single,1,"[1, 1, 1]",,,[],octahedral,"[[1.79558662, 2.97099811, 2.38329237]]",3,1.0,,[5],[0],1
path_end_seed,Mg1,1,1,af202117df2c3a60,POSCAR_Mg1_base0001_octahedral_path0003_pimg007_seed001.vasp,,True,,[0],[0],['Mg'],"[[0.25, 0.25, 0.25]]",single,1,"[1, 1, 1]",4.0,0.05,"[0, 1, 2, 3, 4, 5, 6, 7, 8, 9, 10, 11, 12, 13, 14, 15, 16, 17, 18, 19, 20, 21, 22, 23, 24, 25, 26, 27, 28, 29, 30, 31, 32, 33, 34, 35, 36, 37, 38, 39, 40, 41, 42, 43, 44, 45, 46, 47, 48, 49, 50, 51, 52, 53, 54]",octahedral,"[[1.79558662, 2.97099811, 2.38329237]]",3,1.0,7,[5],[0],1
path_end_seed,Mg1,1,2,af202117df2c3a60,POSCAR_Mg1_base0001_octahedral_path0003_pimg007_seed002.vasp,,True,,[0],[0],['Mg'],"[[0.25, 0.25, 0.25]]",single,1,"[1, 1, 1]",4.0,0.08571428571428572,"[0, 1, 2, 3, 4, 5, 6, 7, 8, 9, 10, 11, 12, 13, 14, 15, 16, 17, 18, 19, 20, 21, 22, 23, 24, 25, 26, 27, 28, 29, 30, 31, 32, 33, 34, 35, 36, 37, 38, 39, 40, 41, 42, 43, 44, 45, 46, 47, 48, 49, 50, 51, 52, 53, 54]",octahedral,"[[1.79558662, 2.97099811, 2.38329237]]",3,1.0,7,[5],[0],1
path_end_seed,Mg1,1,3,af202117df2c3a60,POSCAR_Mg1_base0001_octahedral_path0003_pimg007_seed003.vasp,,True,,[0],[0],['Mg'],"[[0.25, 0.25, 0.25]]",single,1,"[1, 1, 1]",4.0,0.12142857142857143,"[0, 1, 2, 3, 4, 5, 6, 7, 8, 9, 10, 11, 12, 13, 14, 15, 16, 17, 18, 19, 20, 21, 22, 23, 24, 25, 26, 27, 28, 29, 30, 31, 32, 33, 34, 35, 36, 37, 38, 39, 40, 41, 42, 43, 44, 45, 46, 47, 48, 49, 50, 51, 52, 53, 54]",octahedral,"[[1.79558662, 2.97099811, 2.38329237]]",3,1.0,7,[5],[0],1
path_end_seed,Mg1,1,4,af202117df2c3a60,POSCAR_Mg1_base0001_octahedral_path0003_pimg007_seed004.vasp,,True,,[0],[0],['Mg'],"[[0.25, 0.25, 0.25]]",single,1,"[1, 1, 1]",4.0,0.15714285714285714,"[0, 1, 2, 3, 4, 5, 6, 7, 8, 9, 10, 11, 12, 13, 14, 15, 16, 17, 18, 19, 20, 21, 22, 23, 24, 25, 26, 27, 28, 29, 30, 31, 32, 33, 34, 35, 36, 37, 38, 39, 40, 41, 42, 43, 44, 45, 46, 47, 48, 49, 50, 51, 52, 53, 54]",octahedral,"[[1.79558662, 2.97099811, 2.38329237]]",3,1.0,7,[5],[0],1
path_end_seed,Mg1,1,5,af202117df2c3a60,POSCAR_Mg1_base0001_octahedral_path0003_pimg007_seed005.vasp,,True,,[0],[0],['Mg'],"[[0.25, 0.25, 0.25]]",single,1,"[1, 1, 1]",4.0,0.19285714285714284,"[0, 1, 2, 3, 4, 5, 6, 7, 8, 9, 10, 11, 12, 13, 14, 15, 16, 17, 18, 19, 20, 21, 22, 23, 24, 25, 26, 27, 28, 29, 30, 31, 32, 33, 34, 35, 36, 37, 38, 39, 40, 41, 42, 43, 44, 45, 46, 47, 48, 49, 50, 51, 52, 53, 54]",octahedral,"[[1.79558662, 2.97099811, 2.38329237]]",3,1.0,7,[5],[0],1
path_end_seed,Mg1,1,6,af202117df2c3a60,POSCAR_Mg1_base0001_octahedral_path0003_pimg007_seed006.vasp,,True,,[0],[0],['Mg'],"[[0.25, 0.25, 0.25]]",single,1,"[1, 1, 1]",4.0,0.22857142857142854,"[0, 1, 2, 3, 4, 5, 6, 7, 8, 9, 10, 11, 12, 13, 14, 15, 16, 17, 18, 19, 20, 21, 22, 23, 24, 25, 26, 27, 28, 29, 30, 31, 32, 33, 34, 35, 36, 37, 38, 39, 40, 41, 42, 43, 44, 45, 46, 47, 48, 49, 50, 51, 52, 53, 54]",octahedral,"[[1.79558662, 2.97099811, 2.38329237]]",3,1.0,7,[5],[0],1
path_end_seed,Mg1,1,7,af202117df2c3a60,POSCAR_Mg1_base0001_octahedral_path0003_pimg007_seed007.vasp,,True,,[0],[0],['Mg'],"[[0.25, 0.25, 0.25]]",single,1,"[1, 1, 1]",4.0,0.2642857142857143,"[0, 1, 2, 3, 4, 5, 6, 7, 8, 9, 10, 11, 12, 13, 14, 15, 16, 17, 18, 19, 20, 21, 22, 23, 24, 25, 26, 27, 28, 29, 30, 31, 32, 33, 34, 35, 36, 37, 38, 39, 40, 41, 42, 43, 44, 45, 46, 47, 48, 49, 50, 51, 52, 53, 54]",octahedral,"[[1.79558662, 2.97099811, 2.38329237]]",3,1.0,7,[5],[0],1
path_end_seed,Mg1,1,8,af202117df2c3a60,POSCAR_Mg1_base0001_octahedral_path0003_pimg007_seed008.vasp,,True,,[0],[0],['Mg'],"[[0.25, 0.25, 0.25]]",single,1,"[1, 1, 1]",4.0,0.3,"[0, 1, 2, 3, 4, 5, 6, 7, 8, 9, 10, 11, 12, 13, 14, 15, 16, 17, 18, 19, 20, 21, 22, 23, 24, 25, 26, 27, 28, 29, 30, 31, 32, 33, 34, 35, 36, 37, 38, 39, 40, 41, 42, 43, 44, 45, 46, 47, 48, 49, 50, 51, 52, 53, 54]",octahedral,"[[1.79558662, 2.97099811, 2.38329237]]",3,1.0,7,[5],[0],1
path_start,Mg1,1,,af202117df2c3a60,POSCAR_Mg1_base0001_octahedral_path0004_pimg000.vasp,,True,,[0],[0],['Mg'],"[[0.25, 0.25, 0.25]]",single,1,"[1, 1, 1]",,,[],octahedral,"[[1.79558662, 2.97099811, 2.38329237]]",4,0.0,,[7],[0],1
path_start_seed,Mg1,1,1,af202117df2c3a60,POSCAR_Mg1_base0001_octahedral_path0004_pimg000_seed001.vasp,,True,,[0],[0],['Mg'],"[[0.25, 0.25, 0.25]]",single,1,"[1, 1, 1]",4.0,0.05,"[0, 1, 2, 3, 4, 5, 6, 7, 8, 9, 10, 11, 12, 13, 14, 15, 16, 17, 18, 19, 20, 21, 22, 23, 24, 25, 26, 27, 28, 29, 30, 31, 32, 33, 34, 35, 36, 37, 38, 39, 40, 41, 42, 43, 44, 45, 46, 47, 48, 49, 50, 51, 52, 53, 54]",octahedral,"[[1.79558662, 2.97099811, 2.38329237]]",4,0.0,0,[7],[0],1
path_start_seed,Mg1,1,2,af202117df2c3a60,POSCAR_Mg1_base0001_octahedral_path0004_pimg000_seed002.vasp,,True,,[0],[0],['Mg'],"[[0.25, 0.25, 0.25]]",single,1,"[1, 1, 1]",4.0,0.08571428571428572,"[0, 1, 2, 3, 4, 5, 6, 7, 8, 9, 10, 11, 12, 13, 14, 15, 16, 17, 18, 19, 20, 21, 22, 23, 24, 25, 26, 27, 28, 29, 30, 31, 32, 33, 34, 35, 36, 37, 38, 39, 40, 41, 42, 43, 44, 45, 46, 47, 48, 49, 50, 51, 52, 53, 54]",octahedral,"[[1.79558662, 2.97099811, 2.38329237]]",4,0.0,0,[7],[0],1
path_start_seed,Mg1,1,3,af202117df2c3a60,POSCAR_Mg1_base0001_octahedral_path0004_pimg000_seed003.vasp,,True,,[0],[0],['Mg'],"[[0.25, 0.25, 0.25]]",single,1,"[1, 1, 1]",4.0,0.12142857142857143,"[0, 1, 2, 3, 4, 5, 6, 7, 8, 9, 10, 11, 12, 13, 14, 15, 16, 17, 18, 19, 20, 21, 22, 23, 24, 25, 26, 27, 28, 29, 30, 31, 32, 33, 34, 35, 36, 37, 38, 39, 40, 41, 42, 43, 44, 45, 46, 47, 48, 49, 50, 51, 52, 53, 54]",octahedral,"[[1.79558662, 2.97099811, 2.38329237]]",4,0.0,0,[7],[0],1
path_start_seed,Mg1,1,4,af202117df2c3a60,POSCAR_Mg1_base0001_octahedral_path0004_pimg000_seed004.vasp,,True,,[0],[0],['Mg'],"[[0.25, 0.25, 0.25]]",single,1,"[1, 1, 1]",4.0,0.15714285714285714,"[0, 1, 2, 3, 4, 5, 6, 7, 8, 9, 10, 11, 12, 13, 14, 15, 16, 17, 18, 19, 20, 21, 22, 23, 24, 25, 26, 27, 28, 29, 30, 31, 32, 33, 34, 35, 36, 37, 38, 39, 40, 41, 42, 43, 44, 45, 46, 47, 48, 49, 50, 51, 52, 53, 54]",octahedral,"[[1.79558662, 2.97099811, 2.38329237]]",4,0.0,0,[7],[0],1
path_start_seed,Mg1,1,5,af202117df2c3a60,POSCAR_Mg1_base0001_octahedral_path0004_pimg000_seed005.vasp,,True,,[0],[0],['Mg'],"[[0.25, 0.25, 0.25]]",single,1,"[1, 1, 1]",4.0,0.19285714285714284,"[0, 1, 2, 3, 4, 5, 6, 7, 8, 9, 10, 11, 12, 13, 14, 15, 16, 17, 18, 19, 20, 21, 22, 23, 24, 25, 26, 27, 28, 29, 30, 31, 32, 33, 34, 35, 36, 37, 38, 39, 40, 41, 42, 43, 44, 45, 46, 47, 48, 49, 50, 51, 52, 53, 54]",octahedral,"[[1.79558662, 2.97099811, 2.38329237]]",4,0.0,0,[7],[0],1
path_start_seed,Mg1,1,6,af202117df2c3a60,POSCAR_Mg1_base0001_octahedral_path0004_pimg000_seed006.vasp,,True,,[0],[0],['Mg'],"[[0.25, 0.25, 0.25]]",single,1,"[1, 1, 1]",4.0,0.22857142857142854,"[0, 1, 2, 3, 4, 5, 6, 7, 8, 9, 10, 11, 12, 13, 14, 15, 16, 17, 18, 19, 20, 21, 22, 23, 24, 25, 26, 27, 28, 29, 30, 31, 32, 33, 34, 35, 36, 37, 38, 39, 40, 41, 42, 43, 44, 45, 46, 47, 48, 49, 50, 51, 52, 53, 54]",octahedral,"[[1.79558662, 2.97099811, 2.38329237]]",4,0.0,0,[7],[0],1
path_start_seed,Mg1,1,7,af202117df2c3a60,POSCAR_Mg1_base0001_octahedral_path0004_pimg000_seed007.vasp,,True,,[0],[0],['Mg'],"[[0.25, 0.25, 0.25]]",single,1,"[1, 1, 1]",4.0,0.2642857142857143,"[0, 1, 2, 3, 4, 5, 6, 7, 8, 9, 10, 11, 12, 13, 14, 15, 16, 17, 18, 19, 20, 21, 22, 23, 24, 25, 26, 27, 28, 29, 30, 31, 32, 33, 34, 35, 36, 37, 38, 39, 40, 41, 42, 43, 44, 45, 46, 47, 48, 49, 50, 51, 52, 53, 54]",octahedral,"[[1.79558662, 2.97099811, 2.38329237]]",4,0.0,0,[7],[0],1
path_start_seed,Mg1,1,8,af202117df2c3a60,POSCAR_Mg1_base0001_octahedral_path0004_pimg000_seed008.vasp,,True,,[0],[0],['Mg'],"[[0.25, 0.25, 0.25]]",single,1,"[1, 1, 1]",4.0,0.3,"[0, 1, 2, 3, 4, 5, 6, 7, 8, 9, 10, 11, 12, 13, 14, 15, 16, 17, 18, 19, 20, 21, 22, 23, 24, 25, 26, 27, 28, 29, 30, 31, 32, 33, 34, 35, 36, 37, 38, 39, 40, 41, 42, 43, 44, 45, 46, 47, 48, 49, 50, 51, 52, 53, 54]",octahedral,"[[1.79558662, 2.97099811, 2.38329237]]",4,0.0,0,[7],[0],1
path_image,Mg1,1,,af202117df2c3a60,POSCAR_Mg1_base0001_octahedral_path0004_pimg001.vasp,,True,,[0],[0],['Mg'],"[[0.25, 0.25, 0.25]]",single,1,"[1, 1, 1]",,,[],octahedral,"[[1.79558662, 2.97099811, 2.38329237]]",4,0.14285714285714285,,[7],[0],1
path_image_seed,Mg1,1,1,af202117df2c3a60,POSCAR_Mg1_base0001_octahedral_path0004_pimg001_seed001.vasp,,True,,[0],[0],['Mg'],"[[0.25, 0.25, 0.25]]",single,1,"[1, 1, 1]",4.0,0.05,"[0, 1, 2, 3, 4, 5, 6, 7, 8, 9, 10, 11, 12, 13, 14, 15, 16, 17, 18, 19, 20, 21, 22, 23, 24, 25, 26, 27, 28, 29, 30, 31, 32, 33, 34, 35, 36, 37, 38, 39, 40, 41, 42, 43, 44, 45, 46, 47, 48, 49, 50, 51, 52, 53, 54]",octahedral,"[[1.79558662, 2.97099811, 2.38329237]]",4,0.14285714285714285,1,[7],[0],1
path_image_seed,Mg1,1,2,af202117df2c3a60,POSCAR_Mg1_base0001_octahedral_path0004_pimg001_seed002.vasp,,True,,[0],[0],['Mg'],"[[0.25, 0.25, 0.25]]",single,1,"[1, 1, 1]",4.0,0.08571428571428572,"[0, 1, 2, 3, 4, 5, 6, 7, 8, 9, 10, 11, 12, 13, 14, 15, 16, 17, 18, 19, 20, 21, 22, 23, 24, 25, 26, 27, 28, 29, 30, 31, 32, 33, 34, 35, 36, 37, 38, 39, 40, 41, 42, 43, 44, 45, 46, 47, 48, 49, 50, 51, 52, 53, 54]",octahedral,"[[1.79558662, 2.97099811, 2.38329237]]",4,0.14285714285714285,1,[7],[0],1
path_image_seed,Mg1,1,3,af202117df2c3a60,POSCAR_Mg1_base0001_octahedral_path0004_pimg001_seed003.vasp,,True,,[0],[0],['Mg'],"[[0.25, 0.25, 0.25]]",single,1,"[1, 1, 1]",4.0,0.12142857142857143,"[0, 1, 2, 3, 4, 5, 6, 7, 8, 9, 10, 11, 12, 13, 14, 15, 16, 17, 18, 19, 20, 21, 22, 23, 24, 25, 26, 27, 28, 29, 30, 31, 32, 33, 34, 35, 36, 37, 38, 39, 40, 41, 42, 43, 44, 45, 46, 47, 48, 49, 50, 51, 52, 53, 54]",octahedral,"[[1.79558662, 2.97099811, 2.38329237]]",4,0.14285714285714285,1,[7],[0],1
path_image_seed,Mg1,1,4,af202117df2c3a60,POSCAR_Mg1_base0001_octahedral_path0004_pimg001_seed004.vasp,,True,,[0],[0],['Mg'],"[[0.25, 0.25, 0.25]]",single,1,"[1, 1, 1]",4.0,0.15714285714285714,"[0, 1, 2, 3, 4, 5, 6, 7, 8, 9, 10, 11, 12, 13, 14, 15, 16, 17, 18, 19, 20, 21, 22, 23, 24, 25, 26, 27, 28, 29, 30, 31, 32, 33, 34, 35, 36, 37, 38, 39, 40, 41, 42, 43, 44, 45, 46, 47, 48, 49, 50, 51, 52, 53, 54]",octahedral,"[[1.79558662, 2.97099811, 2.38329237]]",4,0.14285714285714285,1,[7],[0],1
path_image_seed,Mg1,1,5,af202117df2c3a60,POSCAR_Mg1_base0001_octahedral_path0004_pimg001_seed005.vasp,,True,,[0],[0],['Mg'],"[[0.25, 0.25, 0.25]]",single,1,"[1, 1, 1]",4.0,0.19285714285714284,"[0, 1, 2, 3, 4, 5, 6, 7, 8, 9, 10, 11, 12, 13, 14, 15, 16, 17, 18, 19, 20, 21, 22, 23, 24, 25, 26, 27, 28, 29, 30, 31, 32, 33, 34, 35, 36, 37, 38, 39, 40, 41, 42, 43, 44, 45, 46, 47, 48, 49, 50, 51, 52, 53, 54]",octahedral,"[[1.79558662, 2.97099811, 2.38329237]]",4,0.14285714285714285,1,[7],[0],1
path_image_seed,Mg1,1,6,af202117df2c3a60,POSCAR_Mg1_base0001_octahedral_path0004_pimg001_seed006.vasp,,True,,[0],[0],['Mg'],"[[0.25, 0.25, 0.25]]",single,1,"[1, 1, 1]",4.0,0.22857142857142854,"[0, 1, 2, 3, 4, 5, 6, 7, 8, 9, 10, 11, 12, 13, 14, 15, 16, 17, 18, 19, 20, 21, 22, 23, 24, 25, 26, 27, 28, 29, 30, 31, 32, 33, 34, 35, 36, 37, 38, 39, 40, 41, 42, 43, 44, 45, 46, 47, 48, 49, 50, 51, 52, 53, 54]",octahedral,"[[1.79558662, 2.97099811, 2.38329237]]",4,0.14285714285714285,1,[7],[0],1
path_image_seed,Mg1,1,7,af202117df2c3a60,POSCAR_Mg1_base0001_octahedral_path0004_pimg001_seed007.vasp,,True,,[0],[0],['Mg'],"[[0.25, 0.25, 0.25]]",single,1,"[1, 1, 1]",4.0,0.2642857142857143,"[0, 1, 2, 3, 4, 5, 6, 7, 8, 9, 10, 11, 12, 13, 14, 15, 16, 17, 18, 19, 20, 21, 22, 23, 24, 25, 26, 27, 28, 29, 30, 31, 32, 33, 34, 35, 36, 37, 38, 39, 40, 41, 42, 43, 44, 45, 46, 47, 48, 49, 50, 51, 52, 53, 54]",octahedral,"[[1.79558662, 2.97099811, 2.38329237]]",4,0.14285714285714285,1,[7],[0],1
path_image_seed,Mg1,1,8,af202117df2c3a60,POSCAR_Mg1_base0001_octahedral_path0004_pimg001_seed008.vasp,,True,,[0],[0],['Mg'],"[[0.25, 0.25, 0.25]]",single,1,"[1, 1, 1]",4.0,0.3,"[0, 1, 2, 3, 4, 5, 6, 7, 8, 9, 10, 11, 12, 13, 14, 15, 16, 17, 18, 19, 20, 21, 22, 23, 24, 25, 26, 27, 28, 29, 30, 31, 32, 33, 34, 35, 36, 37, 38, 39, 40, 41, 42, 43, 44, 45, 46, 47, 48, 49, 50, 51, 52, 53, 54]",octahedral,"[[1.79558662, 2.97099811, 2.38329237]]",4,0.14285714285714285,1,[7],[0],1
path_image,Mg1,1,,af202117df2c3a60,POSCAR_Mg1_base0001_octahedral_path0004_pimg002.vasp,,True,,[0],[0],['Mg'],"[[0.25, 0.25, 0.25]]",single,1,"[1, 1, 1]",,,[],octahedral,"[[1.79558662, 2.97099811, 2.38329237]]",4,0.2857142857142857,,[7],[0],1
path_image_seed,Mg1,1,1,af202117df2c3a60,POSCAR_Mg1_base0001_octahedral_path0004_pimg002_seed001.vasp,,True,,[0],[0],['Mg'],"[[0.25, 0.25, 0.25]]",single,1,"[1, 1, 1]",4.0,0.05,"[0, 1, 2, 3, 4, 5, 6, 7, 8, 9, 10, 11, 12, 13, 14, 15, 16, 17, 18, 19, 20, 21, 22, 23, 24, 25, 26, 27, 28, 29, 30, 31, 32, 33, 34, 35, 36, 37, 38, 39, 40, 41, 42, 43, 44, 45, 46, 47, 48, 49, 50, 51, 52, 53, 54]",octahedral,"[[1.79558662, 2.97099811, 2.38329237]]",4,0.2857142857142857,2,[7],[0],1
path_image_seed,Mg1,1,2,af202117df2c3a60,POSCAR_Mg1_base0001_octahedral_path0004_pimg002_seed002.vasp,,True,,[0],[0],['Mg'],"[[0.25, 0.25, 0.25]]",single,1,"[1, 1, 1]",4.0,0.08571428571428572,"[0, 1, 2, 3, 4, 5, 6, 7, 8, 9, 10, 11, 12, 13, 14, 15, 16, 17, 18, 19, 20, 21, 22, 23, 24, 25, 26, 27, 28, 29, 30, 31, 32, 33, 34, 35, 36, 37, 38, 39, 40, 41, 42, 43, 44, 45, 46, 47, 48, 49, 50, 51, 52, 53, 54]",octahedral,"[[1.79558662, 2.97099811, 2.38329237]]",4,0.2857142857142857,2,[7],[0],1
path_image_seed,Mg1,1,3,af202117df2c3a60,POSCAR_Mg1_base0001_octahedral_path0004_pimg002_seed003.vasp,,True,,[0],[0],['Mg'],"[[0.25, 0.25, 0.25]]",single,1,"[1, 1, 1]",4.0,0.12142857142857143,"[0, 1, 2, 3, 4, 5, 6, 7, 8, 9, 10, 11, 12, 13, 14, 15, 16, 17, 18, 19, 20, 21, 22, 23, 24, 25, 26, 27, 28, 29, 30, 31, 32, 33, 34, 35, 36, 37, 38, 39, 40, 41, 42, 43, 44, 45, 46, 47, 48, 49, 50, 51, 52, 53, 54]",octahedral,"[[1.79558662, 2.97099811, 2.38329237]]",4,0.2857142857142857,2,[7],[0],1
path_image_seed,Mg1,1,4,af202117df2c3a60,POSCAR_Mg1_base0001_octahedral_path0004_pimg002_seed004.vasp,,True,,[0],[0],['Mg'],"[[0.25, 0.25, 0.25]]",single,1,"[1, 1, 1]",4.0,0.15714285714285714,"[0, 1, 2, 3, 4, 5, 6, 7, 8, 9, 10, 11, 12, 13, 14, 15, 16, 17, 18, 19, 20, 21, 22, 23, 24, 25, 26, 27, 28, 29, 30, 31, 32, 33, 34, 35, 36, 37, 38, 39, 40, 41, 42, 43, 44, 45, 46, 47, 48, 49, 50, 51, 52, 53, 54]",octahedral,"[[1.79558662, 2.97099811, 2.38329237]]",4,0.2857142857142857,2,[7],[0],1
path_image_seed,Mg1,1,5,af202117df2c3a60,POSCAR_Mg1_base0001_octahedral_path0004_pimg002_seed005.vasp,,True,,[0],[0],['Mg'],"[[0.25, 0.25, 0.25]]",single,1,"[1, 1, 1]",4.0,0.19285714285714284,"[0, 1, 2, 3, 4, 5, 6, 7, 8, 9, 10, 11, 12, 13, 14, 15, 16, 17, 18, 19, 20, 21, 22, 23, 24, 25, 26, 27, 28, 29, 30, 31, 32, 33, 34, 35, 36, 37, 38, 39, 40, 41, 42, 43, 44, 45, 46, 47, 48, 49, 50, 51, 52, 53, 54]",octahedral,"[[1.79558662, 2.97099811, 2.38329237]]",4,0.2857142857142857,2,[7],[0],1
path_image_seed,Mg1,1,6,af202117df2c3a60,POSCAR_Mg1_base0001_octahedral_path0004_pimg002_seed006.vasp,,True,,[0],[0],['Mg'],"[[0.25, 0.25, 0.25]]",single,1,"[1, 1, 1]",4.0,0.22857142857142854,"[0, 1, 2, 3, 4, 5, 6, 7, 8, 9, 10, 11, 12, 13, 14, 15, 16, 17, 18, 19, 20, 21, 22, 23, 24, 25, 26, 27, 28, 29, 30, 31, 32, 33, 34, 35, 36, 37, 38, 39, 40, 41, 42, 43, 44, 45, 46, 47, 48, 49, 50, 51, 52, 53, 54]",octahedral,"[[1.79558662, 2.97099811, 2.38329237]]",4,0.2857142857142857,2,[7],[0],1
path_image_seed,Mg1,1,7,af202117df2c3a60,POSCAR_Mg1_base0001_octahedral_path0004_pimg002_seed007.vasp,,True,,[0],[0],['Mg'],"[[0.25, 0.25, 0.25]]",single,1,"[1, 1, 1]",4.0,0.2642857142857143,"[0, 1, 2, 3, 4, 5, 6, 7, 8, 9, 10, 11, 12, 13, 14, 15, 16, 17, 18, 19, 20, 21, 22, 23, 24, 25, 26, 27, 28, 29, 30, 31, 32, 33, 34, 35, 36, 37, 38, 39, 40, 41, 42, 43, 44, 45, 46, 47, 48, 49, 50, 51, 52, 53, 54]",octahedral,"[[1.79558662, 2.97099811, 2.38329237]]",4,0.2857142857142857,2,[7],[0],1
path_image_seed,Mg1,1,8,af202117df2c3a60,POSCAR_Mg1_base0001_octahedral_path0004_pimg002_seed008.vasp,,True,,[0],[0],['Mg'],"[[0.25, 0.25, 0.25]]",single,1,"[1, 1, 1]",4.0,0.3,"[0, 1, 2, 3, 4, 5, 6, 7, 8, 9, 10, 11, 12, 13, 14, 15, 16, 17, 18, 19, 20, 21, 22, 23, 24, 25, 26, 27, 28, 29, 30, 31, 32, 33, 34, 35, 36, 37, 38, 39, 40, 41, 42, 43, 44, 45, 46, 47, 48, 49, 50, 51, 52, 53, 54]",octahedral,"[[1.79558662, 2.97099811, 2.38329237]]",4,0.2857142857142857,2,[7],[0],1
path_image,Mg1,1,,af202117df2c3a60,POSCAR_Mg1_base0001_octahedral_path0004_pimg003.vasp,,True,,[0],[0],['Mg'],"[[0.25, 0.25, 0.25]]",single,1,"[1, 1, 1]",,,[],octahedral,"[[1.79558662, 2.97099811, 2.38329237]]",4,0.42857142857142855,,[7],[0],1
path_image_seed,Mg1,1,1,af202117df2c3a60,POSCAR_Mg1_base0001_octahedral_path0004_pimg003_seed001.vasp,,True,,[0],[0],['Mg'],"[[0.25, 0.25, 0.25]]",single,1,"[1, 1, 1]",4.0,0.05,"[0, 1, 2, 3, 4, 5, 6, 7, 8, 9, 10, 11, 12, 13, 14, 15, 16, 17, 18, 19, 20, 21, 22, 23, 24, 25, 26, 27, 28, 29, 30, 31, 32, 33, 34, 35, 36, 37, 38, 39, 40, 41, 42, 43, 44, 45, 46, 47, 48, 49, 50, 51, 52, 53, 54]",octahedral,"[[1.79558662, 2.97099811, 2.38329237]]",4,0.42857142857142855,3,[7],[0],1
path_image_seed,Mg1,1,2,af202117df2c3a60,POSCAR_Mg1_base0001_octahedral_path0004_pimg003_seed002.vasp,,True,,[0],[0],['Mg'],"[[0.25, 0.25, 0.25]]",single,1,"[1, 1, 1]",4.0,0.08571428571428572,"[0, 1, 2, 3, 4, 5, 6, 7, 8, 9, 10, 11, 12, 13, 14, 15, 16, 17, 18, 19, 20, 21, 22, 23, 24, 25, 26, 27, 28, 29, 30, 31, 32, 33, 34, 35, 36, 37, 38, 39, 40, 41, 42, 43, 44, 45, 46, 47, 48, 49, 50, 51, 52, 53, 54]",octahedral,"[[1.79558662, 2.97099811, 2.38329237]]",4,0.42857142857142855,3,[7],[0],1
path_image_seed,Mg1,1,3,af202117df2c3a60,POSCAR_Mg1_base0001_octahedral_path0004_pimg003_seed003.vasp,,True,,[0],[0],['Mg'],"[[0.25, 0.25, 0.25]]",single,1,"[1, 1, 1]",4.0,0.12142857142857143,"[0, 1, 2, 3, 4, 5, 6, 7, 8, 9, 10, 11, 12, 13, 14, 15, 16, 17, 18, 19, 20, 21, 22, 23, 24, 25, 26, 27, 28, 29, 30, 31, 32, 33, 34, 35, 36, 37, 38, 39, 40, 41, 42, 43, 44, 45, 46, 47, 48, 49, 50, 51, 52, 53, 54]",octahedral,"[[1.79558662, 2.97099811, 2.38329237]]",4,0.42857142857142855,3,[7],[0],1
path_image_seed,Mg1,1,4,af202117df2c3a60,POSCAR_Mg1_base0001_octahedral_path0004_pimg003_seed004.vasp,,True,,[0],[0],['Mg'],"[[0.25, 0.25, 0.25]]",single,1,"[1, 1, 1]",4.0,0.15714285714285714,"[0, 1, 2, 3, 4, 5, 6, 7, 8, 9, 10, 11, 12, 13, 14, 15, 16, 17, 18, 19, 20, 21, 22, 23, 24, 25, 26, 27, 28, 29, 30, 31, 32, 33, 34, 35, 36, 37, 38, 39, 40, 41, 42, 43, 44, 45, 46, 47, 48, 49, 50, 51, 52, 53, 54]",octahedral,"[[1.79558662, 2.97099811, 2.38329237]]",4,0.42857142857142855,3,[7],[0],1
path_image_seed,Mg1,1,5,af202117df2c3a60,POSCAR_Mg1_base0001_octahedral_path0004_pimg003_seed005.vasp,,True,,[0],[0],['Mg'],"[[0.25, 0.25, 0.25]]",single,1,"[1, 1, 1]",4.0,0.19285714285714284,"[0, 1, 2, 3, 4, 5, 6, 7, 8, 9, 10, 11, 12, 13, 14, 15, 16, 17, 18, 19, 20, 21, 22, 23, 24, 25, 26, 27, 28, 29, 30, 31, 32, 33, 34, 35, 36, 37, 38, 39, 40, 41, 42, 43, 44, 45, 46, 47, 48, 49, 50, 51, 52, 53, 54]",octahedral,"[[1.79558662, 2.97099811, 2.38329237]]",4,0.42857142857142855,3,[7],[0],1
path_image_seed,Mg1,1,6,af202117df2c3a60,POSCAR_Mg1_base0001_octahedral_path0004_pimg003_seed006.vasp,,True,,[0],[0],['Mg'],"[[0.25, 0.25, 0.25]]",single,1,"[1, 1, 1]",4.0,0.22857142857142854,"[0, 1, 2, 3, 4, 5, 6, 7, 8, 9, 10, 11, 12, 13, 14, 15, 16, 17, 18, 19, 20, 21, 22, 23, 24, 25, 26, 27, 28, 29, 30, 31, 32, 33, 34, 35, 36, 37, 38, 39, 40, 41, 42, 43, 44, 45, 46, 47, 48, 49, 50, 51, 52, 53, 54]",octahedral,"[[1.79558662, 2.97099811, 2.38329237]]",4,0.42857142857142855,3,[7],[0],1
path_image_seed,Mg1,1,7,af202117df2c3a60,POSCAR_Mg1_base0001_octahedral_path0004_pimg003_seed007.vasp,,True,,[0],[0],['Mg'],"[[0.25, 0.25, 0.25]]",single,1,"[1, 1, 1]",4.0,0.2642857142857143,"[0, 1, 2, 3, 4, 5, 6, 7, 8, 9, 10, 11, 12, 13, 14, 15, 16, 17, 18, 19, 20, 21, 22, 23, 24, 25, 26, 27, 28, 29, 30, 31, 32, 33, 34, 35, 36, 37, 38, 39, 40, 41, 42, 43, 44, 45, 46, 47, 48, 49, 50, 51, 52, 53, 54]",octahedral,"[[1.79558662, 2.97099811, 2.38329237]]",4,0.42857142857142855,3,[7],[0],1
path_image_seed,Mg1,1,8,af202117df2c3a60,POSCAR_Mg1_base0001_octahedral_path0004_pimg003_seed008.vasp,,True,,[0],[0],['Mg'],"[[0.25, 0.25, 0.25]]",single,1,"[1, 1, 1]",4.0,0.3,"[0, 1, 2, 3, 4, 5, 6, 7, 8, 9, 10, 11, 12, 13, 14, 15, 16, 17, 18, 19, 20, 21, 22, 23, 24, 25, 26, 27, 28, 29, 30, 31, 32, 33, 34, 35, 36, 37, 38, 39, 40, 41, 42, 43, 44, 45, 46, 47, 48, 49, 50, 51, 52, 53, 54]",octahedral,"[[1.79558662, 2.97099811, 2.38329237]]",4,0.42857142857142855,3,[7],[0],1
path_image,Mg1,1,,af202117df2c3a60,POSCAR_Mg1_base0001_octahedral_path0004_pimg004.vasp,,True,,[0],[0],['Mg'],"[[0.25, 0.25, 0.25]]",single,1,"[1, 1, 1]",,,[],octahedral,"[[1.79558662, 2.97099811, 2.38329237]]",4,0.5714285714285714,,[7],[0],1
path_image_seed,Mg1,1,1,af202117df2c3a60,POSCAR_Mg1_base0001_octahedral_path0004_pimg004_seed001.vasp,,True,,[0],[0],['Mg'],"[[0.25, 0.25, 0.25]]",single,1,"[1, 1, 1]",4.0,0.05,"[0, 1, 2, 3, 4, 5, 6, 7, 8, 9, 10, 11, 12, 13, 14, 15, 16, 17, 18, 19, 20, 21, 22, 23, 24, 25, 26, 27, 28, 29, 30, 31, 32, 33, 34, 35, 36, 37, 38, 39, 40, 41, 42, 43, 44, 45, 46, 47, 48, 49, 50, 51, 52, 53, 54]",octahedral,"[[1.79558662, 2.97099811, 2.38329237]]",4,0.5714285714285714,4,[7],[0],1
path_image_seed,Mg1,1,2,af202117df2c3a60,POSCAR_Mg1_base0001_octahedral_path0004_pimg004_seed002.vasp,,True,,[0],[0],['Mg'],"[[0.25, 0.25, 0.25]]",single,1,"[1, 1, 1]",4.0,0.08571428571428572,"[0, 1, 2, 3, 4, 5, 6, 7, 8, 9, 10, 11, 12, 13, 14, 15, 16, 17, 18, 19, 20, 21, 22, 23, 24, 25, 26, 27, 28, 29, 30, 31, 32, 33, 34, 35, 36, 37, 38, 39, 40, 41, 42, 43, 44, 45, 46, 47, 48, 49, 50, 51, 52, 53, 54]",octahedral,"[[1.79558662, 2.97099811, 2.38329237]]",4,0.5714285714285714,4,[7],[0],1
path_image_seed,Mg1,1,3,af202117df2c3a60,POSCAR_Mg1_base0001_octahedral_path0004_pimg004_seed003.vasp,,True,,[0],[0],['Mg'],"[[0.25, 0.25, 0.25]]",single,1,"[1, 1, 1]",4.0,0.12142857142857143,"[0, 1, 2, 3, 4, 5, 6, 7, 8, 9, 10, 11, 12, 13, 14, 15, 16, 17, 18, 19, 20, 21, 22, 23, 24, 25, 26, 27, 28, 29, 30, 31, 32, 33, 34, 35, 36, 37, 38, 39, 40, 41, 42, 43, 44, 45, 46, 47, 48, 49, 50, 51, 52, 53, 54]",octahedral,"[[1.79558662, 2.97099811, 2.38329237]]",4,0.5714285714285714,4,[7],[0],1
path_image_seed,Mg1,1,4,af202117df2c3a60,POSCAR_Mg1_base0001_octahedral_path0004_pimg004_seed004.vasp,,True,,[0],[0],['Mg'],"[[0.25, 0.25, 0.25]]",single,1,"[1, 1, 1]",4.0,0.15714285714285714,"[0, 1, 2, 3, 4, 5, 6, 7, 8, 9, 10, 11, 12, 13, 14, 15, 16, 17, 18, 19, 20, 21, 22, 23, 24, 25, 26, 27, 28, 29, 30, 31, 32, 33, 34, 35, 36, 37, 38, 39, 40, 41, 42, 43, 44, 45, 46, 47, 48, 49, 50, 51, 52, 53, 54]",octahedral,"[[1.79558662, 2.97099811, 2.38329237]]",4,0.5714285714285714,4,[7],[0],1
path_image_seed,Mg1,1,5,af202117df2c3a60,POSCAR_Mg1_base0001_octahedral_path0004_pimg004_seed005.vasp,,True,,[0],[0],['Mg'],"[[0.25, 0.25, 0.25]]",single,1,"[1, 1, 1]",4.0,0.19285714285714284,"[0, 1, 2, 3, 4, 5, 6, 7, 8, 9, 10, 11, 12, 13, 14, 15, 16, 17, 18, 19, 20, 21, 22, 23, 24, 25, 26, 27, 28, 29, 30, 31, 32, 33, 34, 35, 36, 37, 38, 39, 40, 41, 42, 43, 44, 45, 46, 47, 48, 49, 50, 51, 52, 53, 54]",octahedral,"[[1.79558662, 2.97099811, 2.38329237]]",4,0.5714285714285714,4,[7],[0],1
path_image_seed,Mg1,1,6,af202117df2c3a60,POSCAR_Mg1_base0001_octahedral_path0004_pimg004_seed006.vasp,,True,,[0],[0],['Mg'],"[[0.25, 0.25, 0.25]]",single,1,"[1, 1, 1]",4.0,0.22857142857142854,"[0, 1, 2, 3, 4, 5, 6, 7, 8, 9, 10, 11, 12, 13, 14, 15, 16, 17, 18, 19, 20, 21, 22, 23, 24, 25, 26, 27, 28, 29, 30, 31, 32, 33, 34, 35, 36, 37, 38, 39, 40, 41, 42, 43, 44, 45, 46, 47, 48, 49, 50, 51, 52, 53, 54]",octahedral,"[[1.79558662, 2.97099811, 2.38329237]]",4,0.5714285714285714,4,[7],[0],1
path_image_seed,Mg1,1,7,af202117df2c3a60,POSCAR_Mg1_base0001_octahedral_path0004_pimg004_seed007.vasp,,True,,[0],[0],['Mg'],"[[0.25, 0.25, 0.25]]",single,1,"[1, 1, 1]",4.0,0.2642857142857143,"[0, 1, 2, 3, 4, 5, 6, 7, 8, 9, 10, 11, 12, 13, 14, 15, 16, 17, 18, 19, 20, 21, 22, 23, 24, 25, 26, 27, 28, 29, 30, 31, 32, 33, 34, 35, 36, 37, 38, 39, 40, 41, 42, 43, 44, 45, 46, 47, 48, 49, 50, 51, 52, 53, 54]",octahedral,"[[1.79558662, 2.97099811, 2.38329237]]",4,0.5714285714285714,4,[7],[0],1
path_image_seed,Mg1,1,8,af202117df2c3a60,POSCAR_Mg1_base0001_octahedral_path0004_pimg004_seed008.vasp,,True,,[0],[0],['Mg'],"[[0.25, 0.25, 0.25]]",single,1,"[1, 1, 1]",4.0,0.3,"[0, 1, 2, 3, 4, 5, 6, 7, 8, 9, 10, 11, 12, 13, 14, 15, 16, 17, 18, 19, 20, 21, 22, 23, 24, 25, 26, 27, 28, 29, 30, 31, 32, 33, 34, 35, 36, 37, 38, 39, 40, 41, 42, 43, 44, 45, 46, 47, 48, 49, 50, 51, 52, 53, 54]",octahedral,"[[1.79558662, 2.97099811, 2.38329237]]",4,0.5714285714285714,4,[7],[0],1
path_image,Mg1,1,,af202117df2c3a60,POSCAR_Mg1_base0001_octahedral_path0004_pimg005.vasp,,True,,[0],[0],['Mg'],"[[0.25, 0.25, 0.25]]",single,1,"[1, 1, 1]",,,[],octahedral,"[[1.79558662, 2.97099811, 2.38329237]]",4,0.7142857142857142,,[7],[0],1
path_image_seed,Mg1,1,1,af202117df2c3a60,POSCAR_Mg1_base0001_octahedral_path0004_pimg005_seed001.vasp,,True,,[0],[0],['Mg'],"[[0.25, 0.25, 0.25]]",single,1,"[1, 1, 1]",4.0,0.05,"[0, 1, 2, 3, 4, 5, 6, 7, 8, 9, 10, 11, 12, 13, 14, 15, 16, 17, 18, 19, 20, 21, 22, 23, 24, 25, 26, 27, 28, 29, 30, 31, 32, 33, 34, 35, 36, 37, 38, 39, 40, 41, 42, 43, 44, 45, 46, 47, 48, 49, 50, 51, 52, 53, 54]",octahedral,"[[1.79558662, 2.97099811, 2.38329237]]",4,0.7142857142857142,5,[7],[0],1
path_image_seed,Mg1,1,2,af202117df2c3a60,POSCAR_Mg1_base0001_octahedral_path0004_pimg005_seed002.vasp,,True,,[0],[0],['Mg'],"[[0.25, 0.25, 0.25]]",single,1,"[1, 1, 1]",4.0,0.08571428571428572,"[0, 1, 2, 3, 4, 5, 6, 7, 8, 9, 10, 11, 12, 13, 14, 15, 16, 17, 18, 19, 20, 21, 22, 23, 24, 25, 26, 27, 28, 29, 30, 31, 32, 33, 34, 35, 36, 37, 38, 39, 40, 41, 42, 43, 44, 45, 46, 47, 48, 49, 50, 51, 52, 53, 54]",octahedral,"[[1.79558662, 2.97099811, 2.38329237]]",4,0.7142857142857142,5,[7],[0],1
path_image_seed,Mg1,1,3,af202117df2c3a60,POSCAR_Mg1_base0001_octahedral_path0004_pimg005_seed003.vasp,,True,,[0],[0],['Mg'],"[[0.25, 0.25, 0.25]]",single,1,"[1, 1, 1]",4.0,0.12142857142857143,"[0, 1, 2, 3, 4, 5, 6, 7, 8, 9, 10, 11, 12, 13, 14, 15, 16, 17, 18, 19, 20, 21, 22, 23, 24, 25, 26, 27, 28, 29, 30, 31, 32, 33, 34, 35, 36, 37, 38, 39, 40, 41, 42, 43, 44, 45, 46, 47, 48, 49, 50, 51, 52, 53, 54]",octahedral,"[[1.79558662, 2.97099811, 2.38329237]]",4,0.7142857142857142,5,[7],[0],1
path_image_seed,Mg1,1,4,af202117df2c3a60,POSCAR_Mg1_base0001_octahedral_path0004_pimg005_seed004.vasp,,True,,[0],[0],['Mg'],"[[0.25, 0.25, 0.25]]",single,1,"[1, 1, 1]",4.0,0.15714285714285714,"[0, 1, 2, 3, 4, 5, 6, 7, 8, 9, 10, 11, 12, 13, 14, 15, 16, 17, 18, 19, 20, 21, 22, 23, 24, 25, 26, 27, 28, 29, 30, 31, 32, 33, 34, 35, 36, 37, 38, 39, 40, 41, 42, 43, 44, 45, 46, 47, 48, 49, 50, 51, 52, 53, 54]",octahedral,"[[1.79558662, 2.97099811, 2.38329237]]",4,0.7142857142857142,5,[7],[0],1
path_image_seed,Mg1,1,5,af202117df2c3a60,POSCAR_Mg1_base0001_octahedral_path0004_pimg005_seed005.vasp,,True,,[0],[0],['Mg'],"[[0.25, 0.25, 0.25]]",single,1,"[1, 1, 1]",4.0,0.19285714285714284,"[0, 1, 2, 3, 4, 5, 6, 7, 8, 9, 10, 11, 12, 13, 14, 15, 16, 17, 18, 19, 20, 21, 22, 23, 24, 25, 26, 27, 28, 29, 30, 31, 32, 33, 34, 35, 36, 37, 38, 39, 40, 41, 42, 43, 44, 45, 46, 47, 48, 49, 50, 51, 52, 53, 54]",octahedral,"[[1.79558662, 2.97099811, 2.38329237]]",4,0.7142857142857142,5,[7],[0],1
path_image_seed,Mg1,1,6,af202117df2c3a60,POSCAR_Mg1_base0001_octahedral_path0004_pimg005_seed006.vasp,,True,,[0],[0],['Mg'],"[[0.25, 0.25, 0.25]]",single,1,"[1, 1, 1]",4.0,0.22857142857142854,"[0, 1, 2, 3, 4, 5, 6, 7, 8, 9, 10, 11, 12, 13, 14, 15, 16, 17, 18, 19, 20, 21, 22, 23, 24, 25, 26, 27, 28, 29, 30, 31, 32, 33, 34, 35, 36, 37, 38, 39, 40, 41, 42, 43, 44, 45, 46, 47, 48, 49, 50, 51, 52, 53, 54]",octahedral,"[[1.79558662, 2.97099811, 2.38329237]]",4,0.7142857142857142,5,[7],[0],1
path_image_seed,Mg1,1,7,af202117df2c3a60,POSCAR_Mg1_base0001_octahedral_path0004_pimg005_seed007.vasp,,True,,[0],[0],['Mg'],"[[0.25, 0.25, 0.25]]",single,1,"[1, 1, 1]",4.0,0.2642857142857143,"[0, 1, 2, 3, 4, 5, 6, 7, 8, 9, 10, 11, 12, 13, 14, 15, 16, 17, 18, 19, 20, 21, 22, 23, 24, 25, 26, 27, 28, 29, 30, 31, 32, 33, 34, 35, 36, 37, 38, 39, 40, 41, 42, 43, 44, 45, 46, 47, 48, 49, 50, 51, 52, 53, 54]",octahedral,"[[1.79558662, 2.97099811, 2.38329237]]",4,0.7142857142857142,5,[7],[0],1
path_image_seed,Mg1,1,8,af202117df2c3a60,POSCAR_Mg1_base0001_octahedral_path0004_pimg005_seed008.vasp,,True,,[0],[0],['Mg'],"[[0.25, 0.25, 0.25]]",single,1,"[1, 1, 1]",4.0,0.3,"[0, 1, 2, 3, 4, 5, 6, 7, 8, 9, 10, 11, 12, 13, 14, 15, 16, 17, 18, 19, 20, 21, 22, 23, 24, 25, 26, 27, 28, 29, 30, 31, 32, 33, 34, 35, 36, 37, 38, 39, 40, 41, 42, 43, 44, 45, 46, 47, 48, 49, 50, 51, 52, 53, 54]",octahedral,"[[1.79558662, 2.97099811, 2.38329237]]",4,0.7142857142857142,5,[7],[0],1
path_image,Mg1,1,,af202117df2c3a60,POSCAR_Mg1_base0001_octahedral_path0004_pimg006.vasp,,True,,[0],[0],['Mg'],"[[0.25, 0.25, 0.25]]",single,1,"[1, 1, 1]",,,[],octahedral,"[[1.79558662, 2.97099811, 2.38329237]]",4,0.8571428571428571,,[7],[0],1
path_image_seed,Mg1,1,1,af202117df2c3a60,POSCAR_Mg1_base0001_octahedral_path0004_pimg006_seed001.vasp,,True,,[0],[0],['Mg'],"[[0.25, 0.25, 0.25]]",single,1,"[1, 1, 1]",4.0,0.05,"[0, 1, 2, 3, 4, 5, 6, 7, 8, 9, 10, 11, 12, 13, 14, 15, 16, 17, 18, 19, 20, 21, 22, 23, 24, 25, 26, 27, 28, 29, 30, 31, 32, 33, 34, 35, 36, 37, 38, 39, 40, 41, 42, 43, 44, 45, 46, 47, 48, 49, 50, 51, 52, 53, 54]",octahedral,"[[1.79558662, 2.97099811, 2.38329237]]",4,0.8571428571428571,6,[7],[0],1
path_image_seed,Mg1,1,2,af202117df2c3a60,POSCAR_Mg1_base0001_octahedral_path0004_pimg006_seed002.vasp,,True,,[0],[0],['Mg'],"[[0.25, 0.25, 0.25]]",single,1,"[1, 1, 1]",4.0,0.08571428571428572,"[0, 1, 2, 3, 4, 5, 6, 7, 8, 9, 10, 11, 12, 13, 14, 15, 16, 17, 18, 19, 20, 21, 22, 23, 24, 25, 26, 27, 28, 29, 30, 31, 32, 33, 34, 35, 36, 37, 38, 39, 40, 41, 42, 43, 44, 45, 46, 47, 48, 49, 50, 51, 52, 53, 54]",octahedral,"[[1.79558662, 2.97099811, 2.38329237]]",4,0.8571428571428571,6,[7],[0],1
path_image_seed,Mg1,1,3,af202117df2c3a60,POSCAR_Mg1_base0001_octahedral_path0004_pimg006_seed003.vasp,,True,,[0],[0],['Mg'],"[[0.25, 0.25, 0.25]]",single,1,"[1, 1, 1]",4.0,0.12142857142857143,"[0, 1, 2, 3, 4, 5, 6, 7, 8, 9, 10, 11, 12, 13, 14, 15, 16, 17, 18, 19, 20, 21, 22, 23, 24, 25, 26, 27, 28, 29, 30, 31, 32, 33, 34, 35, 36, 37, 38, 39, 40, 41, 42, 43, 44, 45, 46, 47, 48, 49, 50, 51, 52, 53, 54]",octahedral,"[[1.79558662, 2.97099811, 2.38329237]]",4,0.8571428571428571,6,[7],[0],1
path_image_seed,Mg1,1,4,af202117df2c3a60,POSCAR_Mg1_base0001_octahedral_path0004_pimg006_seed004.vasp,,True,,[0],[0],['Mg'],"[[0.25, 0.25, 0.25]]",single,1,"[1, 1, 1]",4.0,0.15714285714285714,"[0, 1, 2, 3, 4, 5, 6, 7, 8, 9, 10, 11, 12, 13, 14, 15, 16, 17, 18, 19, 20, 21, 22, 23, 24, 25, 26, 27, 28, 29, 30, 31, 32, 33, 34, 35, 36, 37, 38, 39, 40, 41, 42, 43, 44, 45, 46, 47, 48, 49, 50, 51, 52, 53, 54]",octahedral,"[[1.79558662, 2.97099811, 2.38329237]]",4,0.8571428571428571,6,[7],[0],1
path_image_seed,Mg1,1,5,af202117df2c3a60,POSCAR_Mg1_base0001_octahedral_path0004_pimg006_seed005.vasp,,True,,[0],[0],['Mg'],"[[0.25, 0.25, 0.25]]",single,1,"[1, 1, 1]",4.0,0.19285714285714284,"[0, 1, 2, 3, 4, 5, 6, 7, 8, 9, 10, 11, 12, 13, 14, 15, 16, 17, 18, 19, 20, 21, 22, 23, 24, 25, 26, 27, 28, 29, 30, 31, 32, 33, 34, 35, 36, 37, 38, 39, 40, 41, 42, 43, 44, 45, 46, 47, 48, 49, 50, 51, 52, 53, 54]",octahedral,"[[1.79558662, 2.97099811, 2.38329237]]",4,0.8571428571428571,6,[7],[0],1
path_image_seed,Mg1,1,6,af202117df2c3a60,POSCAR_Mg1_base0001_octahedral_path0004_pimg006_seed006.vasp,,True,,[0],[0],['Mg'],"[[0.25, 0.25, 0.25]]",single,1,"[1, 1, 1]",4.0,0.22857142857142854,"[0, 1, 2, 3, 4, 5, 6, 7, 8, 9, 10, 11, 12, 13, 14, 15, 16, 17, 18, 19, 20, 21, 22, 23, 24, 25, 26, 27, 28, 29, 30, 31, 32, 33, 34, 35, 36, 37, 38, 39, 40, 41, 42, 43, 44, 45, 46, 47, 48, 49, 50, 51, 52, 53, 54]",octahedral,"[[1.79558662, 2.97099811, 2.38329237]]",4,0.8571428571428571,6,[7],[0],1
path_image_seed,Mg1,1,7,af202117df2c3a60,POSCAR_Mg1_base0001_octahedral_path0004_pimg006_seed007.vasp,,True,,[0],[0],['Mg'],"[[0.25, 0.25, 0.25]]",single,1,"[1, 1, 1]",4.0,0.2642857142857143,"[0, 1, 2, 3, 4, 5, 6, 7, 8, 9, 10, 11, 12, 13, 14, 15, 16, 17, 18, 19, 20, 21, 22, 23, 24, 25, 26, 27, 28, 29, 30, 31, 32, 33, 34, 35, 36, 37, 38, 39, 40, 41, 42, 43, 44, 45, 46, 47, 48, 49, 50, 51, 52, 53, 54]",octahedral,"[[1.79558662, 2.97099811, 2.38329237]]",4,0.8571428571428571,6,[7],[0],1
path_image_seed,Mg1,1,8,af202117df2c3a60,POSCAR_Mg1_base0001_octahedral_path0004_pimg006_seed008.vasp,,True,,[0],[0],['Mg'],"[[0.25, 0.25, 0.25]]",single,1,"[1, 1, 1]",4.0,0.3,"[0, 1, 2, 3, 4, 5, 6, 7, 8, 9, 10, 11, 12, 13, 14, 15, 16, 17, 18, 19, 20, 21, 22, 23, 24, 25, 26, 27, 28, 29, 30, 31, 32, 33, 34, 35, 36, 37, 38, 39, 40, 41, 42, 43, 44, 45, 46, 47, 48, 49, 50, 51, 52, 53, 54]",octahedral,"[[1.79558662, 2.97099811, 2.38329237]]",4,0.8571428571428571,6,[7],[0],1
path_end,Mg1,1,,af202117df2c3a60,POSCAR_Mg1_base0001_octahedral_path0004_pimg007.vasp,,True,,[0],[0],['Mg'],"[[0.25, 0.25, 0.25]]",single,1,"[1, 1, 1]",,,[],octahedral,"[[1.79558662, 2.97099811, 2.38329237]]",4,1.0,,[7],[0],1
path_end_seed,Mg1,1,1,af202117df2c3a60,POSCAR_Mg1_base0001_octahedral_path0004_pimg007_seed001.vasp,,True,,[0],[0],['Mg'],"[[0.25, 0.25, 0.25]]",single,1,"[1, 1, 1]",4.0,0.05,"[0, 1, 2, 3, 4, 5, 6, 7, 8, 9, 10, 11, 12, 13, 14, 15, 16, 17, 18, 19, 20, 21, 22, 23, 24, 25, 26, 27, 28, 29, 30, 31, 32, 33, 34, 35, 36, 37, 38, 39, 40, 41, 42, 43, 44, 45, 46, 47, 48, 49, 50, 51, 52, 53, 54]",octahedral,"[[1.79558662, 2.97099811, 2.38329237]]",4,1.0,7,[7],[0],1
path_end_seed,Mg1,1,2,af202117df2c3a60,POSCAR_Mg1_base0001_octahedral_path0004_pimg007_seed002.vasp,,True,,[0],[0],['Mg'],"[[0.25, 0.25, 0.25]]",single,1,"[1, 1, 1]",4.0,0.08571428571428572,"[0, 1, 2, 3, 4, 5, 6, 7, 8, 9, 10, 11, 12, 13, 14, 15, 16, 17, 18, 19, 20, 21, 22, 23, 24, 25, 26, 27, 28, 29, 30, 31, 32, 33, 34, 35, 36, 37, 38, 39, 40, 41, 42, 43, 44, 45, 46, 47, 48, 49, 50, 51, 52, 53, 54]",octahedral,"[[1.79558662, 2.97099811, 2.38329237]]",4,1.0,7,[7],[0],1
path_end_seed,Mg1,1,3,af202117df2c3a60,POSCAR_Mg1_base0001_octahedral_path0004_pimg007_seed003.vasp,,True,,[0],[0],['Mg'],"[[0.25, 0.25, 0.25]]",single,1,"[1, 1, 1]",4.0,0.12142857142857143,"[0, 1, 2, 3, 4, 5, 6, 7, 8, 9, 10, 11, 12, 13, 14, 15, 16, 17, 18, 19, 20, 21, 22, 23, 24, 25, 26, 27, 28, 29, 30, 31, 32, 33, 34, 35, 36, 37, 38, 39, 40, 41, 42, 43, 44, 45, 46, 47, 48, 49, 50, 51, 52, 53, 54]",octahedral,"[[1.79558662, 2.97099811, 2.38329237]]",4,1.0,7,[7],[0],1
path_end_seed,Mg1,1,4,af202117df2c3a60,POSCAR_Mg1_base0001_octahedral_path0004_pimg007_seed004.vasp,,True,,[0],[0],['Mg'],"[[0.25, 0.25, 0.25]]",single,1,"[1, 1, 1]",4.0,0.15714285714285714,"[0, 1, 2, 3, 4, 5, 6, 7, 8, 9, 10, 11, 12, 13, 14, 15, 16, 17, 18, 19, 20, 21, 22, 23, 24, 25, 26, 27, 28, 29, 30, 31, 32, 33, 34, 35, 36, 37, 38, 39, 40, 41, 42, 43, 44, 45, 46, 47, 48, 49, 50, 51, 52, 53, 54]",octahedral,"[[1.79558662, 2.97099811, 2.38329237]]",4,1.0,7,[7],[0],1
path_end_seed,Mg1,1,5,af202117df2c3a60,POSCAR_Mg1_base0001_octahedral_path0004_pimg007_seed005.vasp,,True,,[0],[0],['Mg'],"[[0.25, 0.25, 0.25]]",single,1,"[1, 1, 1]",4.0,0.19285714285714284,"[0, 1, 2, 3, 4, 5, 6, 7, 8, 9, 10, 11, 12, 13, 14, 15, 16, 17, 18, 19, 20, 21, 22, 23, 24, 25, 26, 27, 28, 29, 30, 31, 32, 33, 34, 35, 36, 37, 38, 39, 40, 41, 42, 43, 44, 45, 46, 47, 48, 49, 50, 51, 52, 53, 54]",octahedral,"[[1.79558662, 2.97099811, 2.38329237]]",4,1.0,7,[7],[0],1
path_end_seed,Mg1,1,6,af202117df2c3a60,POSCAR_Mg1_base0001_octahedral_path0004_pimg007_seed006.vasp,,True,,[0],[0],['Mg'],"[[0.25, 0.25, 0.25]]",single,1,"[1, 1, 1]",4.0,0.22857142857142854,"[0, 1, 2, 3, 4, 5, 6, 7, 8, 9, 10, 11, 12, 13, 14, 15, 16, 17, 18, 19, 20, 21, 22, 23, 24, 25, 26, 27, 28, 29, 30, 31, 32, 33, 34, 35, 36, 37, 38, 39, 40, 41, 42, 43, 44, 45, 46, 47, 48, 49, 50, 51, 52, 53, 54]",octahedral,"[[1.79558662, 2.97099811, 2.38329237]]",4,1.0,7,[7],[0],1
path_end_seed,Mg1,1,7,af202117df2c3a60,POSCAR_Mg1_base0001_octahedral_path0004_pimg007_seed007.vasp,,True,,[0],[0],['Mg'],"[[0.25, 0.25, 0.25]]",single,1,"[1, 1, 1]",4.0,0.2642857142857143,"[0, 1, 2, 3, 4, 5, 6, 7, 8, 9, 10, 11, 12, 13, 14, 15, 16, 17, 18, 19, 20, 21, 22, 23, 24, 25, 26, 27, 28, 29, 30, 31, 32, 33, 34, 35, 36, 37, 38, 39, 40, 41, 42, 43, 44, 45, 46, 47, 48, 49, 50, 51, 52, 53, 54]",octahedral,"[[1.79558662, 2.97099811, 2.38329237]]",4,1.0,7,[7],[0],1
path_end_seed,Mg1,1,8,af202117df2c3a60,POSCAR_Mg1_base0001_octahedral_path0004_pimg007_seed008.vasp,,True,,[0],[0],['Mg'],"[[0.25, 0.25, 0.25]]",single,1,"[1, 1, 1]",4.0,0.3,"[0, 1, 2, 3, 4, 5, 6, 7, 8, 9, 10, 11, 12, 13, 14, 15, 16, 17, 18, 19, 20, 21, 22, 23, 24, 25, 26, 27, 28, 29, 30, 31, 32, 33, 34, 35, 36, 37, 38, 39, 40, 41, 42, 43, 44, 45, 46, 47, 48, 49, 50, 51, 52, 53, 54]",octahedral,"[[1.79558662, 2.97099811, 2.38329237]]",4,1.0,7,[7],[0],1
path_start,Mg1,1,,af202117df2c3a60,POSCAR_Mg1_base0001_octahedral_path0005_pimg000.vasp,,True,,[0],[0],['Mg'],"[[0.25, 0.25, 0.25]]",single,1,"[1, 1, 1]",,,[],octahedral,"[[1.79558662, 2.97099811, 2.38329237]]",5,0.0,,[2],[0],1
path_start_seed,Mg1,1,1,af202117df2c3a60,POSCAR_Mg1_base0001_octahedral_path0005_pimg000_seed001.vasp,,True,,[0],[0],['Mg'],"[[0.25, 0.25, 0.25]]",single,1,"[1, 1, 1]",4.0,0.05,"[0, 1, 2, 3, 4, 5, 6, 7, 8, 9, 10, 11, 12, 13, 14, 15, 16, 17, 18, 19, 20, 21, 22, 23, 24, 25, 26, 27, 28, 29, 30, 31, 32, 33, 34, 35, 36, 37, 38, 39, 40, 41, 42, 43, 44, 45, 46, 47, 48, 49, 50, 51, 52, 53, 54]",octahedral,"[[1.79558662, 2.97099811, 2.38329237]]",5,0.0,0,[2],[0],1
path_start_seed,Mg1,1,2,af202117df2c3a60,POSCAR_Mg1_base0001_octahedral_path0005_pimg000_seed002.vasp,,True,,[0],[0],['Mg'],"[[0.25, 0.25, 0.25]]",single,1,"[1, 1, 1]",4.0,0.08571428571428572,"[0, 1, 2, 3, 4, 5, 6, 7, 8, 9, 10, 11, 12, 13, 14, 15, 16, 17, 18, 19, 20, 21, 22, 23, 24, 25, 26, 27, 28, 29, 30, 31, 32, 33, 34, 35, 36, 37, 38, 39, 40, 41, 42, 43, 44, 45, 46, 47, 48, 49, 50, 51, 52, 53, 54]",octahedral,"[[1.79558662, 2.97099811, 2.38329237]]",5,0.0,0,[2],[0],1
path_start_seed,Mg1,1,3,af202117df2c3a60,POSCAR_Mg1_base0001_octahedral_path0005_pimg000_seed003.vasp,,True,,[0],[0],['Mg'],"[[0.25, 0.25, 0.25]]",single,1,"[1, 1, 1]",4.0,0.12142857142857143,"[0, 1, 2, 3, 4, 5, 6, 7, 8, 9, 10, 11, 12, 13, 14, 15, 16, 17, 18, 19, 20, 21, 22, 23, 24, 25, 26, 27, 28, 29, 30, 31, 32, 33, 34, 35, 36, 37, 38, 39, 40, 41, 42, 43, 44, 45, 46, 47, 48, 49, 50, 51, 52, 53, 54]",octahedral,"[[1.79558662, 2.97099811, 2.38329237]]",5,0.0,0,[2],[0],1
path_start_seed,Mg1,1,4,af202117df2c3a60,POSCAR_Mg1_base0001_octahedral_path0005_pimg000_seed004.vasp,,True,,[0],[0],['Mg'],"[[0.25, 0.25, 0.25]]",single,1,"[1, 1, 1]",4.0,0.15714285714285714,"[0, 1, 2, 3, 4, 5, 6, 7, 8, 9, 10, 11, 12, 13, 14, 15, 16, 17, 18, 19, 20, 21, 22, 23, 24, 25, 26, 27, 28, 29, 30, 31, 32, 33, 34, 35, 36, 37, 38, 39, 40, 41, 42, 43, 44, 45, 46, 47, 48, 49, 50, 51, 52, 53, 54]",octahedral,"[[1.79558662, 2.97099811, 2.38329237]]",5,0.0,0,[2],[0],1
path_start_seed,Mg1,1,5,af202117df2c3a60,POSCAR_Mg1_base0001_octahedral_path0005_pimg000_seed005.vasp,,True,,[0],[0],['Mg'],"[[0.25, 0.25, 0.25]]",single,1,"[1, 1, 1]",4.0,0.19285714285714284,"[0, 1, 2, 3, 4, 5, 6, 7, 8, 9, 10, 11, 12, 13, 14, 15, 16, 17, 18, 19, 20, 21, 22, 23, 24, 25, 26, 27, 28, 29, 30, 31, 32, 33, 34, 35, 36, 37, 38, 39, 40, 41, 42, 43, 44, 45, 46, 47, 48, 49, 50, 51, 52, 53, 54]",octahedral,"[[1.79558662, 2.97099811, 2.38329237]]",5,0.0,0,[2],[0],1
path_start_seed,Mg1,1,6,af202117df2c3a60,POSCAR_Mg1_base0001_octahedral_path0005_pimg000_seed006.vasp,,True,,[0],[0],['Mg'],"[[0.25, 0.25, 0.25]]",single,1,"[1, 1, 1]",4.0,0.22857142857142854,"[0, 1, 2, 3, 4, 5, 6, 7, 8, 9, 10, 11, 12, 13, 14, 15, 16, 17, 18, 19, 20, 21, 22, 23, 24, 25, 26, 27, 28, 29, 30, 31, 32, 33, 34, 35, 36, 37, 38, 39, 40, 41, 42, 43, 44, 45, 46, 47, 48, 49, 50, 51, 52, 53, 54]",octahedral,"[[1.79558662, 2.97099811, 2.38329237]]",5,0.0,0,[2],[0],1
path_start_seed,Mg1,1,7,af202117df2c3a60,POSCAR_Mg1_base0001_octahedral_path0005_pimg000_seed007.vasp,,True,,[0],[0],['Mg'],"[[0.25, 0.25, 0.25]]",single,1,"[1, 1, 1]",4.0,0.2642857142857143,"[0, 1, 2, 3, 4, 5, 6, 7, 8, 9, 10, 11, 12, 13, 14, 15, 16, 17, 18, 19, 20, 21, 22, 23, 24, 25, 26, 27, 28, 29, 30, 31, 32, 33, 34, 35, 36, 37, 38, 39, 40, 41, 42, 43, 44, 45, 46, 47, 48, 49, 50, 51, 52, 53, 54]",octahedral,"[[1.79558662, 2.97099811, 2.38329237]]",5,0.0,0,[2],[0],1
path_start_seed,Mg1,1,8,af202117df2c3a60,POSCAR_Mg1_base0001_octahedral_path0005_pimg000_seed008.vasp,,True,,[0],[0],['Mg'],"[[0.25, 0.25, 0.25]]",single,1,"[1, 1, 1]",4.0,0.3,"[0, 1, 2, 3, 4, 5, 6, 7, 8, 9, 10, 11, 12, 13, 14, 15, 16, 17, 18, 19, 20, 21, 22, 23, 24, 25, 26, 27, 28, 29, 30, 31, 32, 33, 34, 35, 36, 37, 38, 39, 40, 41, 42, 43, 44, 45, 46, 47, 48, 49, 50, 51, 52, 53, 54]",octahedral,"[[1.79558662, 2.97099811, 2.38329237]]",5,0.0,0,[2],[0],1
path_image,Mg1,1,,af202117df2c3a60,POSCAR_Mg1_base0001_octahedral_path0005_pimg001.vasp,,True,,[0],[0],['Mg'],"[[0.25, 0.25, 0.25]]",single,1,"[1, 1, 1]",,,[],octahedral,"[[1.79558662, 2.97099811, 2.38329237]]",5,0.14285714285714285,,[2],[0],1
path_image_seed,Mg1,1,1,af202117df2c3a60,POSCAR_Mg1_base0001_octahedral_path0005_pimg001_seed001.vasp,,True,,[0],[0],['Mg'],"[[0.25, 0.25, 0.25]]",single,1,"[1, 1, 1]",4.0,0.05,"[0, 1, 2, 3, 4, 5, 6, 7, 8, 9, 10, 11, 12, 13, 14, 15, 16, 17, 18, 19, 20, 21, 22, 23, 24, 25, 26, 27, 28, 29, 30, 31, 32, 33, 34, 35, 36, 37, 38, 39, 40, 41, 42, 43, 44, 45, 46, 47, 48, 49, 50, 51, 52, 53, 54]",octahedral,"[[1.79558662, 2.97099811, 2.38329237]]",5,0.14285714285714285,1,[2],[0],1
path_image_seed,Mg1,1,2,af202117df2c3a60,POSCAR_Mg1_base0001_octahedral_path0005_pimg001_seed002.vasp,,True,,[0],[0],['Mg'],"[[0.25, 0.25, 0.25]]",single,1,"[1, 1, 1]",4.0,0.08571428571428572,"[0, 1, 2, 3, 4, 5, 6, 7, 8, 9, 10, 11, 12, 13, 14, 15, 16, 17, 18, 19, 20, 21, 22, 23, 24, 25, 26, 27, 28, 29, 30, 31, 32, 33, 34, 35, 36, 37, 38, 39, 40, 41, 42, 43, 44, 45, 46, 47, 48, 49, 50, 51, 52, 53, 54]",octahedral,"[[1.79558662, 2.97099811, 2.38329237]]",5,0.14285714285714285,1,[2],[0],1
path_image_seed,Mg1,1,3,af202117df2c3a60,POSCAR_Mg1_base0001_octahedral_path0005_pimg001_seed003.vasp,,True,,[0],[0],['Mg'],"[[0.25, 0.25, 0.25]]",single,1,"[1, 1, 1]",4.0,0.12142857142857143,"[0, 1, 2, 3, 4, 5, 6, 7, 8, 9, 10, 11, 12, 13, 14, 15, 16, 17, 18, 19, 20, 21, 22, 23, 24, 25, 26, 27, 28, 29, 30, 31, 32, 33, 34, 35, 36, 37, 38, 39, 40, 41, 42, 43, 44, 45, 46, 47, 48, 49, 50, 51, 52, 53, 54]",octahedral,"[[1.79558662, 2.97099811, 2.38329237]]",5,0.14285714285714285,1,[2],[0],1
path_image_seed,Mg1,1,4,af202117df2c3a60,POSCAR_Mg1_base0001_octahedral_path0005_pimg001_seed004.vasp,,True,,[0],[0],['Mg'],"[[0.25, 0.25, 0.25]]",single,1,"[1, 1, 1]",4.0,0.15714285714285714,"[0, 1, 2, 3, 4, 5, 6, 7, 8, 9, 10, 11, 12, 13, 14, 15, 16, 17, 18, 19, 20, 21, 22, 23, 24, 25, 26, 27, 28, 29, 30, 31, 32, 33, 34, 35, 36, 37, 38, 39, 40, 41, 42, 43, 44, 45, 46, 47, 48, 49, 50, 51, 52, 53, 54]",octahedral,"[[1.79558662, 2.97099811, 2.38329237]]",5,0.14285714285714285,1,[2],[0],1
path_image_seed,Mg1,1,5,af202117df2c3a60,POSCAR_Mg1_base0001_octahedral_path0005_pimg001_seed005.vasp,,True,,[0],[0],['Mg'],"[[0.25, 0.25, 0.25]]",single,1,"[1, 1, 1]",4.0,0.19285714285714284,"[0, 1, 2, 3, 4, 5, 6, 7, 8, 9, 10, 11, 12, 13, 14, 15, 16, 17, 18, 19, 20, 21, 22, 23, 24, 25, 26, 27, 28, 29, 30, 31, 32, 33, 34, 35, 36, 37, 38, 39, 40, 41, 42, 43, 44, 45, 46, 47, 48, 49, 50, 51, 52, 53, 54]",octahedral,"[[1.79558662, 2.97099811, 2.38329237]]",5,0.14285714285714285,1,[2],[0],1
path_image_seed,Mg1,1,6,af202117df2c3a60,POSCAR_Mg1_base0001_octahedral_path0005_pimg001_seed006.vasp,,True,,[0],[0],['Mg'],"[[0.25, 0.25, 0.25]]",single,1,"[1, 1, 1]",4.0,0.22857142857142854,"[0, 1, 2, 3, 4, 5, 6, 7, 8, 9, 10, 11, 12, 13, 14, 15, 16, 17, 18, 19, 20, 21, 22, 23, 24, 25, 26, 27, 28, 29, 30, 31, 32, 33, 34, 35, 36, 37, 38, 39, 40, 41, 42, 43, 44, 45, 46, 47, 48, 49, 50, 51, 52, 53, 54]",octahedral,"[[1.79558662, 2.97099811, 2.38329237]]",5,0.14285714285714285,1,[2],[0],1
path_image_seed,Mg1,1,7,af202117df2c3a60,POSCAR_Mg1_base0001_octahedral_path0005_pimg001_seed007.vasp,,True,,[0],[0],['Mg'],"[[0.25, 0.25, 0.25]]",single,1,"[1, 1, 1]",4.0,0.2642857142857143,"[0, 1, 2, 3, 4, 5, 6, 7, 8, 9, 10, 11, 12, 13, 14, 15, 16, 17, 18, 19, 20, 21, 22, 23, 24, 25, 26, 27, 28, 29, 30, 31, 32, 33, 34, 35, 36, 37, 38, 39, 40, 41, 42, 43, 44, 45, 46, 47, 48, 49, 50, 51, 52, 53, 54]",octahedral,"[[1.79558662, 2.97099811, 2.38329237]]",5,0.14285714285714285,1,[2],[0],1
path_image_seed,Mg1,1,8,af202117df2c3a60,POSCAR_Mg1_base0001_octahedral_path0005_pimg001_seed008.vasp,,True,,[0],[0],['Mg'],"[[0.25, 0.25, 0.25]]",single,1,"[1, 1, 1]",4.0,0.3,"[0, 1, 2, 3, 4, 5, 6, 7, 8, 9, 10, 11, 12, 13, 14, 15, 16, 17, 18, 19, 20, 21, 22, 23, 24, 25, 26, 27, 28, 29, 30, 31, 32, 33, 34, 35, 36, 37, 38, 39, 40, 41, 42, 43, 44, 45, 46, 47, 48, 49, 50, 51, 52, 53, 54]",octahedral,"[[1.79558662, 2.97099811, 2.38329237]]",5,0.14285714285714285,1,[2],[0],1
path_image,Mg1,1,,af202117df2c3a60,POSCAR_Mg1_base0001_octahedral_path0005_pimg002.vasp,,True,,[0],[0],['Mg'],"[[0.25, 0.25, 0.25]]",single,1,"[1, 1, 1]",,,[],octahedral,"[[1.79558662, 2.97099811, 2.38329237]]",5,0.2857142857142857,,[2],[0],1
path_image_seed,Mg1,1,1,af202117df2c3a60,POSCAR_Mg1_base0001_octahedral_path0005_pimg002_seed001.vasp,,True,,[0],[0],['Mg'],"[[0.25, 0.25, 0.25]]",single,1,"[1, 1, 1]",4.0,0.05,"[0, 1, 2, 3, 4, 5, 6, 7, 8, 9, 10, 11, 12, 13, 14, 15, 16, 17, 18, 19, 20, 21, 22, 23, 24, 25, 26, 27, 28, 29, 30, 31, 32, 33, 34, 35, 36, 37, 38, 39, 40, 41, 42, 43, 44, 45, 46, 47, 48, 49, 50, 51, 52, 53, 54]",octahedral,"[[1.79558662, 2.97099811, 2.38329237]]",5,0.2857142857142857,2,[2],[0],1
path_image_seed,Mg1,1,2,af202117df2c3a60,POSCAR_Mg1_base0001_octahedral_path0005_pimg002_seed002.vasp,,True,,[0],[0],['Mg'],"[[0.25, 0.25, 0.25]]",single,1,"[1, 1, 1]",4.0,0.08571428571428572,"[0, 1, 2, 3, 4, 5, 6, 7, 8, 9, 10, 11, 12, 13, 14, 15, 16, 17, 18, 19, 20, 21, 22, 23, 24, 25, 26, 27, 28, 29, 30, 31, 32, 33, 34, 35, 36, 37, 38, 39, 40, 41, 42, 43, 44, 45, 46, 47, 48, 49, 50, 51, 52, 53, 54]",octahedral,"[[1.79558662, 2.97099811, 2.38329237]]",5,0.2857142857142857,2,[2],[0],1
path_image_seed,Mg1,1,3,af202117df2c3a60,POSCAR_Mg1_base0001_octahedral_path0005_pimg002_seed003.vasp,,True,,[0],[0],['Mg'],"[[0.25, 0.25, 0.25]]",single,1,"[1, 1, 1]",4.0,0.12142857142857143,"[0, 1, 2, 3, 4, 5, 6, 7, 8, 9, 10, 11, 12, 13, 14, 15, 16, 17, 18, 19, 20, 21, 22, 23, 24, 25, 26, 27, 28, 29, 30, 31, 32, 33, 34, 35, 36, 37, 38, 39, 40, 41, 42, 43, 44, 45, 46, 47, 48, 49, 50, 51, 52, 53, 54]",octahedral,"[[1.79558662, 2.97099811, 2.38329237]]",5,0.2857142857142857,2,[2],[0],1
path_image_seed,Mg1,1,4,af202117df2c3a60,POSCAR_Mg1_base0001_octahedral_path0005_pimg002_seed004.vasp,,True,,[0],[0],['Mg'],"[[0.25, 0.25, 0.25]]",single,1,"[1, 1, 1]",4.0,0.15714285714285714,"[0, 1, 2, 3, 4, 5, 6, 7, 8, 9, 10, 11, 12, 13, 14, 15, 16, 17, 18, 19, 20, 21, 22, 23, 24, 25, 26, 27, 28, 29, 30, 31, 32, 33, 34, 35, 36, 37, 38, 39, 40, 41, 42, 43, 44, 45, 46, 47, 48, 49, 50, 51, 52, 53, 54]",octahedral,"[[1.79558662, 2.97099811, 2.38329237]]",5,0.2857142857142857,2,[2],[0],1
path_image_seed,Mg1,1,5,af202117df2c3a60,POSCAR_Mg1_base0001_octahedral_path0005_pimg002_seed005.vasp,,True,,[0],[0],['Mg'],"[[0.25, 0.25, 0.25]]",single,1,"[1, 1, 1]",4.0,0.19285714285714284,"[0, 1, 2, 3, 4, 5, 6, 7, 8, 9, 10, 11, 12, 13, 14, 15, 16, 17, 18, 19, 20, 21, 22, 23, 24, 25, 26, 27, 28, 29, 30, 31, 32, 33, 34, 35, 36, 37, 38, 39, 40, 41, 42, 43, 44, 45, 46, 47, 48, 49, 50, 51, 52, 53, 54]",octahedral,"[[1.79558662, 2.97099811, 2.38329237]]",5,0.2857142857142857,2,[2],[0],1
path_image_seed,Mg1,1,6,af202117df2c3a60,POSCAR_Mg1_base0001_octahedral_path0005_pimg002_seed006.vasp,,True,,[0],[0],['Mg'],"[[0.25, 0.25, 0.25]]",single,1,"[1, 1, 1]",4.0,0.22857142857142854,"[0, 1, 2, 3, 4, 5, 6, 7, 8, 9, 10, 11, 12, 13, 14, 15, 16, 17, 18, 19, 20, 21, 22, 23, 24, 25, 26, 27, 28, 29, 30, 31, 32, 33, 34, 35, 36, 37, 38, 39, 40, 41, 42, 43, 44, 45, 46, 47, 48, 49, 50, 51, 52, 53, 54]",octahedral,"[[1.79558662, 2.97099811, 2.38329237]]",5,0.2857142857142857,2,[2],[0],1
path_image_seed,Mg1,1,7,af202117df2c3a60,POSCAR_Mg1_base0001_octahedral_path0005_pimg002_seed007.vasp,,True,,[0],[0],['Mg'],"[[0.25, 0.25, 0.25]]",single,1,"[1, 1, 1]",4.0,0.2642857142857143,"[0, 1, 2, 3, 4, 5, 6, 7, 8, 9, 10, 11, 12, 13, 14, 15, 16, 17, 18, 19, 20, 21, 22, 23, 24, 25, 26, 27, 28, 29, 30, 31, 32, 33, 34, 35, 36, 37, 38, 39, 40, 41, 42, 43, 44, 45, 46, 47, 48, 49, 50, 51, 52, 53, 54]",octahedral,"[[1.79558662, 2.97099811, 2.38329237]]",5,0.2857142857142857,2,[2],[0],1
path_image_seed,Mg1,1,8,af202117df2c3a60,POSCAR_Mg1_base0001_octahedral_path0005_pimg002_seed008.vasp,,True,,[0],[0],['Mg'],"[[0.25, 0.25, 0.25]]",single,1,"[1, 1, 1]",4.0,0.3,"[0, 1, 2, 3, 4, 5, 6, 7, 8, 9, 10, 11, 12, 13, 14, 15, 16, 17, 18, 19, 20, 21, 22, 23, 24, 25, 26, 27, 28, 29, 30, 31, 32, 33, 34, 35, 36, 37, 38, 39, 40, 41, 42, 43, 44, 45, 46, 47, 48, 49, 50, 51, 52, 53, 54]",octahedral,"[[1.79558662, 2.97099811, 2.38329237]]",5,0.2857142857142857,2,[2],[0],1
path_image,Mg1,1,,af202117df2c3a60,POSCAR_Mg1_base0001_octahedral_path0005_pimg003.vasp,,True,,[0],[0],['Mg'],"[[0.25, 0.25, 0.25]]",single,1,"[1, 1, 1]",,,[],octahedral,"[[1.79558662, 2.97099811, 2.38329237]]",5,0.42857142857142855,,[2],[0],1
path_image_seed,Mg1,1,1,af202117df2c3a60,POSCAR_Mg1_base0001_octahedral_path0005_pimg003_seed001.vasp,,True,,[0],[0],['Mg'],"[[0.25, 0.25, 0.25]]",single,1,"[1, 1, 1]",4.0,0.05,"[0, 1, 2, 3, 4, 5, 6, 7, 8, 9, 10, 11, 12, 13, 14, 15, 16, 17, 18, 19, 20, 21, 22, 23, 24, 25, 26, 27, 28, 29, 30, 31, 32, 33, 34, 35, 36, 37, 38, 39, 40, 41, 42, 43, 44, 45, 46, 47, 48, 49, 50, 51, 52, 53, 54]",octahedral,"[[1.79558662, 2.97099811, 2.38329237]]",5,0.42857142857142855,3,[2],[0],1
path_image_seed,Mg1,1,2,af202117df2c3a60,POSCAR_Mg1_base0001_octahedral_path0005_pimg003_seed002.vasp,,True,,[0],[0],['Mg'],"[[0.25, 0.25, 0.25]]",single,1,"[1, 1, 1]",4.0,0.08571428571428572,"[0, 1, 2, 3, 4, 5, 6, 7, 8, 9, 10, 11, 12, 13, 14, 15, 16, 17, 18, 19, 20, 21, 22, 23, 24, 25, 26, 27, 28, 29, 30, 31, 32, 33, 34, 35, 36, 37, 38, 39, 40, 41, 42, 43, 44, 45, 46, 47, 48, 49, 50, 51, 52, 53, 54]",octahedral,"[[1.79558662, 2.97099811, 2.38329237]]",5,0.42857142857142855,3,[2],[0],1
path_image_seed,Mg1,1,3,af202117df2c3a60,POSCAR_Mg1_base0001_octahedral_path0005_pimg003_seed003.vasp,,True,,[0],[0],['Mg'],"[[0.25, 0.25, 0.25]]",single,1,"[1, 1, 1]",4.0,0.12142857142857143,"[0, 1, 2, 3, 4, 5, 6, 7, 8, 9, 10, 11, 12, 13, 14, 15, 16, 17, 18, 19, 20, 21, 22, 23, 24, 25, 26, 27, 28, 29, 30, 31, 32, 33, 34, 35, 36, 37, 38, 39, 40, 41, 42, 43, 44, 45, 46, 47, 48, 49, 50, 51, 52, 53, 54]",octahedral,"[[1.79558662, 2.97099811, 2.38329237]]",5,0.42857142857142855,3,[2],[0],1
path_image_seed,Mg1,1,4,af202117df2c3a60,POSCAR_Mg1_base0001_octahedral_path0005_pimg003_seed004.vasp,,True,,[0],[0],['Mg'],"[[0.25, 0.25, 0.25]]",single,1,"[1, 1, 1]",4.0,0.15714285714285714,"[0, 1, 2, 3, 4, 5, 6, 7, 8, 9, 10, 11, 12, 13, 14, 15, 16, 17, 18, 19, 20, 21, 22, 23, 24, 25, 26, 27, 28, 29, 30, 31, 32, 33, 34, 35, 36, 37, 38, 39, 40, 41, 42, 43, 44, 45, 46, 47, 48, 49, 50, 51, 52, 53, 54]",octahedral,"[[1.79558662, 2.97099811, 2.38329237]]",5,0.42857142857142855,3,[2],[0],1
path_image_seed,Mg1,1,5,af202117df2c3a60,POSCAR_Mg1_base0001_octahedral_path0005_pimg003_seed005.vasp,,True,,[0],[0],['Mg'],"[[0.25, 0.25, 0.25]]",single,1,"[1, 1, 1]",4.0,0.19285714285714284,"[0, 1, 2, 3, 4, 5, 6, 7, 8, 9, 10, 11, 12, 13, 14, 15, 16, 17, 18, 19, 20, 21, 22, 23, 24, 25, 26, 27, 28, 29, 30, 31, 32, 33, 34, 35, 36, 37, 38, 39, 40, 41, 42, 43, 44, 45, 46, 47, 48, 49, 50, 51, 52, 53, 54]",octahedral,"[[1.79558662, 2.97099811, 2.38329237]]",5,0.42857142857142855,3,[2],[0],1
path_image_seed,Mg1,1,6,af202117df2c3a60,POSCAR_Mg1_base0001_octahedral_path0005_pimg003_seed006.vasp,,True,,[0],[0],['Mg'],"[[0.25, 0.25, 0.25]]",single,1,"[1, 1, 1]",4.0,0.22857142857142854,"[0, 1, 2, 3, 4, 5, 6, 7, 8, 9, 10, 11, 12, 13, 14, 15, 16, 17, 18, 19, 20, 21, 22, 23, 24, 25, 26, 27, 28, 29, 30, 31, 32, 33, 34, 35, 36, 37, 38, 39, 40, 41, 42, 43, 44, 45, 46, 47, 48, 49, 50, 51, 52, 53, 54]",octahedral,"[[1.79558662, 2.97099811, 2.38329237]]",5,0.42857142857142855,3,[2],[0],1
path_image_seed,Mg1,1,7,af202117df2c3a60,POSCAR_Mg1_base0001_octahedral_path0005_pimg003_seed007.vasp,,True,,[0],[0],['Mg'],"[[0.25, 0.25, 0.25]]",single,1,"[1, 1, 1]",4.0,0.2642857142857143,"[0, 1, 2, 3, 4, 5, 6, 7, 8, 9, 10, 11, 12, 13, 14, 15, 16, 17, 18, 19, 20, 21, 22, 23, 24, 25, 26, 27, 28, 29, 30, 31, 32, 33, 34, 35, 36, 37, 38, 39, 40, 41, 42, 43, 44, 45, 46, 47, 48, 49, 50, 51, 52, 53, 54]",octahedral,"[[1.79558662, 2.97099811, 2.38329237]]",5,0.42857142857142855,3,[2],[0],1
path_image_seed,Mg1,1,8,af202117df2c3a60,POSCAR_Mg1_base0001_octahedral_path0005_pimg003_seed008.vasp,,True,,[0],[0],['Mg'],"[[0.25, 0.25, 0.25]]",single,1,"[1, 1, 1]",4.0,0.3,"[0, 1, 2, 3, 4, 5, 6, 7, 8, 9, 10, 11, 12, 13, 14, 15, 16, 17, 18, 19, 20, 21, 22, 23, 24, 25, 26, 27, 28, 29, 30, 31, 32, 33, 34, 35, 36, 37, 38, 39, 40, 41, 42, 43, 44, 45, 46, 47, 48, 49, 50, 51, 52, 53, 54]",octahedral,"[[1.79558662, 2.97099811, 2.38329237]]",5,0.42857142857142855,3,[2],[0],1
path_image,Mg1,1,,af202117df2c3a60,POSCAR_Mg1_base0001_octahedral_path0005_pimg004.vasp,,True,,[0],[0],['Mg'],"[[0.25, 0.25, 0.25]]",single,1,"[1, 1, 1]",,,[],octahedral,"[[1.79558662, 2.97099811, 2.38329237]]",5,0.5714285714285714,,[2],[0],1
path_image_seed,Mg1,1,1,af202117df2c3a60,POSCAR_Mg1_base0001_octahedral_path0005_pimg004_seed001.vasp,,True,,[0],[0],['Mg'],"[[0.25, 0.25, 0.25]]",single,1,"[1, 1, 1]",4.0,0.05,"[0, 1, 2, 3, 4, 5, 6, 7, 8, 9, 10, 11, 12, 13, 14, 15, 16, 17, 18, 19, 20, 21, 22, 23, 24, 25, 26, 27, 28, 29, 30, 31, 32, 33, 34, 35, 36, 37, 38, 39, 40, 41, 42, 43, 44, 45, 46, 47, 48, 49, 50, 51, 52, 53, 54]",octahedral,"[[1.79558662, 2.97099811, 2.38329237]]",5,0.5714285714285714,4,[2],[0],1
path_image_seed,Mg1,1,2,af202117df2c3a60,POSCAR_Mg1_base0001_octahedral_path0005_pimg004_seed002.vasp,,True,,[0],[0],['Mg'],"[[0.25, 0.25, 0.25]]",single,1,"[1, 1, 1]",4.0,0.08571428571428572,"[0, 1, 2, 3, 4, 5, 6, 7, 8, 9, 10, 11, 12, 13, 14, 15, 16, 17, 18, 19, 20, 21, 22, 23, 24, 25, 26, 27, 28, 29, 30, 31, 32, 33, 34, 35, 36, 37, 38, 39, 40, 41, 42, 43, 44, 45, 46, 47, 48, 49, 50, 51, 52, 53, 54]",octahedral,"[[1.79558662, 2.97099811, 2.38329237]]",5,0.5714285714285714,4,[2],[0],1
path_image_seed,Mg1,1,3,af202117df2c3a60,POSCAR_Mg1_base0001_octahedral_path0005_pimg004_seed003.vasp,,True,,[0],[0],['Mg'],"[[0.25, 0.25, 0.25]]",single,1,"[1, 1, 1]",4.0,0.12142857142857143,"[0, 1, 2, 3, 4, 5, 6, 7, 8, 9, 10, 11, 12, 13, 14, 15, 16, 17, 18, 19, 20, 21, 22, 23, 24, 25, 26, 27, 28, 29, 30, 31, 32, 33, 34, 35, 36, 37, 38, 39, 40, 41, 42, 43, 44, 45, 46, 47, 48, 49, 50, 51, 52, 53, 54]",octahedral,"[[1.79558662, 2.97099811, 2.38329237]]",5,0.5714285714285714,4,[2],[0],1
path_image_seed,Mg1,1,4,af202117df2c3a60,POSCAR_Mg1_base0001_octahedral_path0005_pimg004_seed004.vasp,,True,,[0],[0],['Mg'],"[[0.25, 0.25, 0.25]]",single,1,"[1, 1, 1]",4.0,0.15714285714285714,"[0, 1, 2, 3, 4, 5, 6, 7, 8, 9, 10, 11, 12, 13, 14, 15, 16, 17, 18, 19, 20, 21, 22, 23, 24, 25, 26, 27, 28, 29, 30, 31, 32, 33, 34, 35, 36, 37, 38, 39, 40, 41, 42, 43, 44, 45, 46, 47, 48, 49, 50, 51, 52, 53, 54]",octahedral,"[[1.79558662, 2.97099811, 2.38329237]]",5,0.5714285714285714,4,[2],[0],1
path_image_seed,Mg1,1,5,af202117df2c3a60,POSCAR_Mg1_base0001_octahedral_path0005_pimg004_seed005.vasp,,True,,[0],[0],['Mg'],"[[0.25, 0.25, 0.25]]",single,1,"[1, 1, 1]",4.0,0.19285714285714284,"[0, 1, 2, 3, 4, 5, 6, 7, 8, 9, 10, 11, 12, 13, 14, 15, 16, 17, 18, 19, 20, 21, 22, 23, 24, 25, 26, 27, 28, 29, 30, 31, 32, 33, 34, 35, 36, 37, 38, 39, 40, 41, 42, 43, 44, 45, 46, 47, 48, 49, 50, 51, 52, 53, 54]",octahedral,"[[1.79558662, 2.97099811, 2.38329237]]",5,0.5714285714285714,4,[2],[0],1
path_image_seed,Mg1,1,6,af202117df2c3a60,POSCAR_Mg1_base0001_octahedral_path0005_pimg004_seed006.vasp,,True,,[0],[0],['Mg'],"[[0.25, 0.25, 0.25]]",single,1,"[1, 1, 1]",4.0,0.22857142857142854,"[0, 1, 2, 3, 4, 5, 6, 7, 8, 9, 10, 11, 12, 13, 14, 15, 16, 17, 18, 19, 20, 21, 22, 23, 24, 25, 26, 27, 28, 29, 30, 31, 32, 33, 34, 35, 36, 37, 38, 39, 40, 41, 42, 43, 44, 45, 46, 47, 48, 49, 50, 51, 52, 53, 54]",octahedral,"[[1.79558662, 2.97099811, 2.38329237]]",5,0.5714285714285714,4,[2],[0],1
path_image_seed,Mg1,1,7,af202117df2c3a60,POSCAR_Mg1_base0001_octahedral_path0005_pimg004_seed007.vasp,,True,,[0],[0],['Mg'],"[[0.25, 0.25, 0.25]]",single,1,"[1, 1, 1]",4.0,0.2642857142857143,"[0, 1, 2, 3, 4, 5, 6, 7, 8, 9, 10, 11, 12, 13, 14, 15, 16, 17, 18, 19, 20, 21, 22, 23, 24, 25, 26, 27, 28, 29, 30, 31, 32, 33, 34, 35, 36, 37, 38, 39, 40, 41, 42, 43, 44, 45, 46, 47, 48, 49, 50, 51, 52, 53, 54]",octahedral,"[[1.79558662, 2.97099811, 2.38329237]]",5,0.5714285714285714,4,[2],[0],1
path_image_seed,Mg1,1,8,af202117df2c3a60,POSCAR_Mg1_base0001_octahedral_path0005_pimg004_seed008.vasp,,True,,[0],[0],['Mg'],"[[0.25, 0.25, 0.25]]",single,1,"[1, 1, 1]",4.0,0.3,"[0, 1, 2, 3, 4, 5, 6, 7, 8, 9, 10, 11, 12, 13, 14, 15, 16, 17, 18, 19, 20, 21, 22, 23, 24, 25, 26, 27, 28, 29, 30, 31, 32, 33, 34, 35, 36, 37, 38, 39, 40, 41, 42, 43, 44, 45, 46, 47, 48, 49, 50, 51, 52, 53, 54]",octahedral,"[[1.79558662, 2.97099811, 2.38329237]]",5,0.5714285714285714,4,[2],[0],1
path_image,Mg1,1,,af202117df2c3a60,POSCAR_Mg1_base0001_octahedral_path0005_pimg005.vasp,,True,,[0],[0],['Mg'],"[[0.25, 0.25, 0.25]]",single,1,"[1, 1, 1]",,,[],octahedral,"[[1.79558662, 2.97099811, 2.38329237]]",5,0.7142857142857142,,[2],[0],1
path_image_seed,Mg1,1,1,af202117df2c3a60,POSCAR_Mg1_base0001_octahedral_path0005_pimg005_seed001.vasp,,True,,[0],[0],['Mg'],"[[0.25, 0.25, 0.25]]",single,1,"[1, 1, 1]",4.0,0.05,"[0, 1, 2, 3, 4, 5, 6, 7, 8, 9, 10, 11, 12, 13, 14, 15, 16, 17, 18, 19, 20, 21, 22, 23, 24, 25, 26, 27, 28, 29, 30, 31, 32, 33, 34, 35, 36, 37, 38, 39, 40, 41, 42, 43, 44, 45, 46, 47, 48, 49, 50, 51, 52, 53, 54]",octahedral,"[[1.79558662, 2.97099811, 2.38329237]]",5,0.7142857142857142,5,[2],[0],1
path_image_seed,Mg1,1,2,af202117df2c3a60,POSCAR_Mg1_base0001_octahedral_path0005_pimg005_seed002.vasp,,True,,[0],[0],['Mg'],"[[0.25, 0.25, 0.25]]",single,1,"[1, 1, 1]",4.0,0.08571428571428572,"[0, 1, 2, 3, 4, 5, 6, 7, 8, 9, 10, 11, 12, 13, 14, 15, 16, 17, 18, 19, 20, 21, 22, 23, 24, 25, 26, 27, 28, 29, 30, 31, 32, 33, 34, 35, 36, 37, 38, 39, 40, 41, 42, 43, 44, 45, 46, 47, 48, 49, 50, 51, 52, 53, 54]",octahedral,"[[1.79558662, 2.97099811, 2.38329237]]",5,0.7142857142857142,5,[2],[0],1
path_image_seed,Mg1,1,3,af202117df2c3a60,POSCAR_Mg1_base0001_octahedral_path0005_pimg005_seed003.vasp,,True,,[0],[0],['Mg'],"[[0.25, 0.25, 0.25]]",single,1,"[1, 1, 1]",4.0,0.12142857142857143,"[0, 1, 2, 3, 4, 5, 6, 7, 8, 9, 10, 11, 12, 13, 14, 15, 16, 17, 18, 19, 20, 21, 22, 23, 24, 25, 26, 27, 28, 29, 30, 31, 32, 33, 34, 35, 36, 37, 38, 39, 40, 41, 42, 43, 44, 45, 46, 47, 48, 49, 50, 51, 52, 53, 54]",octahedral,"[[1.79558662, 2.97099811, 2.38329237]]",5,0.7142857142857142,5,[2],[0],1
path_image_seed,Mg1,1,4,af202117df2c3a60,POSCAR_Mg1_base0001_octahedral_path0005_pimg005_seed004.vasp,,True,,[0],[0],['Mg'],"[[0.25, 0.25, 0.25]]",single,1,"[1, 1, 1]",4.0,0.15714285714285714,"[0, 1, 2, 3, 4, 5, 6, 7, 8, 9, 10, 11, 12, 13, 14, 15, 16, 17, 18, 19, 20, 21, 22, 23, 24, 25, 26, 27, 28, 29, 30, 31, 32, 33, 34, 35, 36, 37, 38, 39, 40, 41, 42, 43, 44, 45, 46, 47, 48, 49, 50, 51, 52, 53, 54]",octahedral,"[[1.79558662, 2.97099811, 2.38329237]]",5,0.7142857142857142,5,[2],[0],1
path_image_seed,Mg1,1,5,af202117df2c3a60,POSCAR_Mg1_base0001_octahedral_path0005_pimg005_seed005.vasp,,True,,[0],[0],['Mg'],"[[0.25, 0.25, 0.25]]",single,1,"[1, 1, 1]",4.0,0.19285714285714284,"[0, 1, 2, 3, 4, 5, 6, 7, 8, 9, 10, 11, 12, 13, 14, 15, 16, 17, 18, 19, 20, 21, 22, 23, 24, 25, 26, 27, 28, 29, 30, 31, 32, 33, 34, 35, 36, 37, 38, 39, 40, 41, 42, 43, 44, 45, 46, 47, 48, 49, 50, 51, 52, 53, 54]",octahedral,"[[1.79558662, 2.97099811, 2.38329237]]",5,0.7142857142857142,5,[2],[0],1
path_image_seed,Mg1,1,6,af202117df2c3a60,POSCAR_Mg1_base0001_octahedral_path0005_pimg005_seed006.vasp,,True,,[0],[0],['Mg'],"[[0.25, 0.25, 0.25]]",single,1,"[1, 1, 1]",4.0,0.22857142857142854,"[0, 1, 2, 3, 4, 5, 6, 7, 8, 9, 10, 11, 12, 13, 14, 15, 16, 17, 18, 19, 20, 21, 22, 23, 24, 25, 26, 27, 28, 29, 30, 31, 32, 33, 34, 35, 36, 37, 38, 39, 40, 41, 42, 43, 44, 45, 46, 47, 48, 49, 50, 51, 52, 53, 54]",octahedral,"[[1.79558662, 2.97099811, 2.38329237]]",5,0.7142857142857142,5,[2],[0],1
path_image_seed,Mg1,1,7,af202117df2c3a60,POSCAR_Mg1_base0001_octahedral_path0005_pimg005_seed007.vasp,,True,,[0],[0],['Mg'],"[[0.25, 0.25, 0.25]]",single,1,"[1, 1, 1]",4.0,0.2642857142857143,"[0, 1, 2, 3, 4, 5, 6, 7, 8, 9, 10, 11, 12, 13, 14, 15, 16, 17, 18, 19, 20, 21, 22, 23, 24, 25, 26, 27, 28, 29, 30, 31, 32, 33, 34, 35, 36, 37, 38, 39, 40, 41, 42, 43, 44, 45, 46, 47, 48, 49, 50, 51, 52, 53, 54]",octahedral,"[[1.79558662, 2.97099811, 2.38329237]]",5,0.7142857142857142,5,[2],[0],1
path_image_seed,Mg1,1,8,af202117df2c3a60,POSCAR_Mg1_base0001_octahedral_path0005_pimg005_seed008.vasp,,True,,[0],[0],['Mg'],"[[0.25, 0.25, 0.25]]",single,1,"[1, 1, 1]",4.0,0.3,"[0, 1, 2, 3, 4, 5, 6, 7, 8, 9, 10, 11, 12, 13, 14, 15, 16, 17, 18, 19, 20, 21, 22, 23, 24, 25, 26, 27, 28, 29, 30, 31, 32, 33, 34, 35, 36, 37, 38, 39, 40, 41, 42, 43, 44, 45, 46, 47, 48, 49, 50, 51, 52, 53, 54]",octahedral,"[[1.79558662, 2.97099811, 2.38329237]]",5,0.7142857142857142,5,[2],[0],1
path_image,Mg1,1,,af202117df2c3a60,POSCAR_Mg1_base0001_octahedral_path0005_pimg006.vasp,,True,,[0],[0],['Mg'],"[[0.25, 0.25, 0.25]]",single,1,"[1, 1, 1]",,,[],octahedral,"[[1.79558662, 2.97099811, 2.38329237]]",5,0.8571428571428571,,[2],[0],1
path_image_seed,Mg1,1,1,af202117df2c3a60,POSCAR_Mg1_base0001_octahedral_path0005_pimg006_seed001.vasp,,True,,[0],[0],['Mg'],"[[0.25, 0.25, 0.25]]",single,1,"[1, 1, 1]",4.0,0.05,"[0, 1, 2, 3, 4, 5, 6, 7, 8, 9, 10, 11, 12, 13, 14, 15, 16, 17, 18, 19, 20, 21, 22, 23, 24, 25, 26, 27, 28, 29, 30, 31, 32, 33, 34, 35, 36, 37, 38, 39, 40, 41, 42, 43, 44, 45, 46, 47, 48, 49, 50, 51, 52, 53, 54]",octahedral,"[[1.79558662, 2.97099811, 2.38329237]]",5,0.8571428571428571,6,[2],[0],1
path_image_seed,Mg1,1,2,af202117df2c3a60,POSCAR_Mg1_base0001_octahedral_path0005_pimg006_seed002.vasp,,True,,[0],[0],['Mg'],"[[0.25, 0.25, 0.25]]",single,1,"[1, 1, 1]",4.0,0.08571428571428572,"[0, 1, 2, 3, 4, 5, 6, 7, 8, 9, 10, 11, 12, 13, 14, 15, 16, 17, 18, 19, 20, 21, 22, 23, 24, 25, 26, 27, 28, 29, 30, 31, 32, 33, 34, 35, 36, 37, 38, 39, 40, 41, 42, 43, 44, 45, 46, 47, 48, 49, 50, 51, 52, 53, 54]",octahedral,"[[1.79558662, 2.97099811, 2.38329237]]",5,0.8571428571428571,6,[2],[0],1
path_image_seed,Mg1,1,3,af202117df2c3a60,POSCAR_Mg1_base0001_octahedral_path0005_pimg006_seed003.vasp,,True,,[0],[0],['Mg'],"[[0.25, 0.25, 0.25]]",single,1,"[1, 1, 1]",4.0,0.12142857142857143,"[0, 1, 2, 3, 4, 5, 6, 7, 8, 9, 10, 11, 12, 13, 14, 15, 16, 17, 18, 19, 20, 21, 22, 23, 24, 25, 26, 27, 28, 29, 30, 31, 32, 33, 34, 35, 36, 37, 38, 39, 40, 41, 42, 43, 44, 45, 46, 47, 48, 49, 50, 51, 52, 53, 54]",octahedral,"[[1.79558662, 2.97099811, 2.38329237]]",5,0.8571428571428571,6,[2],[0],1
path_image_seed,Mg1,1,4,af202117df2c3a60,POSCAR_Mg1_base0001_octahedral_path0005_pimg006_seed004.vasp,,True,,[0],[0],['Mg'],"[[0.25, 0.25, 0.25]]",single,1,"[1, 1, 1]",4.0,0.15714285714285714,"[0, 1, 2, 3, 4, 5, 6, 7, 8, 9, 10, 11, 12, 13, 14, 15, 16, 17, 18, 19, 20, 21, 22, 23, 24, 25, 26, 27, 28, 29, 30, 31, 32, 33, 34, 35, 36, 37, 38, 39, 40, 41, 42, 43, 44, 45, 46, 47, 48, 49, 50, 51, 52, 53, 54]",octahedral,"[[1.79558662, 2.97099811, 2.38329237]]",5,0.8571428571428571,6,[2],[0],1
path_image_seed,Mg1,1,5,af202117df2c3a60,POSCAR_Mg1_base0001_octahedral_path0005_pimg006_seed005.vasp,,True,,[0],[0],['Mg'],"[[0.25, 0.25, 0.25]]",single,1,"[1, 1, 1]",4.0,0.19285714285714284,"[0, 1, 2, 3, 4, 5, 6, 7, 8, 9, 10, 11, 12, 13, 14, 15, 16, 17, 18, 19, 20, 21, 22, 23, 24, 25, 26, 27, 28, 29, 30, 31, 32, 33, 34, 35, 36, 37, 38, 39, 40, 41, 42, 43, 44, 45, 46, 47, 48, 49, 50, 51, 52, 53, 54]",octahedral,"[[1.79558662, 2.97099811, 2.38329237]]",5,0.8571428571428571,6,[2],[0],1
path_image_seed,Mg1,1,6,af202117df2c3a60,POSCAR_Mg1_base0001_octahedral_path0005_pimg006_seed006.vasp,,True,,[0],[0],['Mg'],"[[0.25, 0.25, 0.25]]",single,1,"[1, 1, 1]",4.0,0.22857142857142854,"[0, 1, 2, 3, 4, 5, 6, 7, 8, 9, 10, 11, 12, 13, 14, 15, 16, 17, 18, 19, 20, 21, 22, 23, 24, 25, 26, 27, 28, 29, 30, 31, 32, 33, 34, 35, 36, 37, 38, 39, 40, 41, 42, 43, 44, 45, 46, 47, 48, 49, 50, 51, 52, 53, 54]",octahedral,"[[1.79558662, 2.97099811, 2.38329237]]",5,0.8571428571428571,6,[2],[0],1
path_image_seed,Mg1,1,7,af202117df2c3a60,POSCAR_Mg1_base0001_octahedral_path0005_pimg006_seed007.vasp,,True,,[0],[0],['Mg'],"[[0.25, 0.25, 0.25]]",single,1,"[1, 1, 1]",4.0,0.2642857142857143,"[0, 1, 2, 3, 4, 5, 6, 7, 8, 9, 10, 11, 12, 13, 14, 15, 16, 17, 18, 19, 20, 21, 22, 23, 24, 25, 26, 27, 28, 29, 30, 31, 32, 33, 34, 35, 36, 37, 38, 39, 40, 41, 42, 43, 44, 45, 46, 47, 48, 49, 50, 51, 52, 53, 54]",octahedral,"[[1.79558662, 2.97099811, 2.38329237]]",5,0.8571428571428571,6,[2],[0],1
path_image_seed,Mg1,1,8,af202117df2c3a60,POSCAR_Mg1_base0001_octahedral_path0005_pimg006_seed008.vasp,,True,,[0],[0],['Mg'],"[[0.25, 0.25, 0.25]]",single,1,"[1, 1, 1]",4.0,0.3,"[0, 1, 2, 3, 4, 5, 6, 7, 8, 9, 10, 11, 12, 13, 14, 15, 16, 17, 18, 19, 20, 21, 22, 23, 24, 25, 26, 27, 28, 29, 30, 31, 32, 33, 34, 35, 36, 37, 38, 39, 40, 41, 42, 43, 44, 45, 46, 47, 48, 49, 50, 51, 52, 53, 54]",octahedral,"[[1.79558662, 2.97099811, 2.38329237]]",5,0.8571428571428571,6,[2],[0],1
path_end,Mg1,1,,af202117df2c3a60,POSCAR_Mg1_base0001_octahedral_path0005_pimg007.vasp,,True,,[0],[0],['Mg'],"[[0.25, 0.25, 0.25]]",single,1,"[1, 1, 1]",,,[],octahedral,"[[1.79558662, 2.97099811, 2.38329237]]",5,1.0,,[2],[0],1
path_end_seed,Mg1,1,1,af202117df2c3a60,POSCAR_Mg1_base0001_octahedral_path0005_pimg007_seed001.vasp,,True,,[0],[0],['Mg'],"[[0.25, 0.25, 0.25]]",single,1,"[1, 1, 1]",4.0,0.05,"[0, 1, 2, 3, 4, 5, 6, 7, 8, 9, 10, 11, 12, 13, 14, 15, 16, 17, 18, 19, 20, 21, 22, 23, 24, 25, 26, 27, 28, 29, 30, 31, 32, 33, 34, 35, 36, 37, 38, 39, 40, 41, 42, 43, 44, 45, 46, 47, 48, 49, 50, 51, 52, 53, 54]",octahedral,"[[1.79558662, 2.97099811, 2.38329237]]",5,1.0,7,[2],[0],1
path_end_seed,Mg1,1,2,af202117df2c3a60,POSCAR_Mg1_base0001_octahedral_path0005_pimg007_seed002.vasp,,True,,[0],[0],['Mg'],"[[0.25, 0.25, 0.25]]",single,1,"[1, 1, 1]",4.0,0.08571428571428572,"[0, 1, 2, 3, 4, 5, 6, 7, 8, 9, 10, 11, 12, 13, 14, 15, 16, 17, 18, 19, 20, 21, 22, 23, 24, 25, 26, 27, 28, 29, 30, 31, 32, 33, 34, 35, 36, 37, 38, 39, 40, 41, 42, 43, 44, 45, 46, 47, 48, 49, 50, 51, 52, 53, 54]",octahedral,"[[1.79558662, 2.97099811, 2.38329237]]",5,1.0,7,[2],[0],1
path_end_seed,Mg1,1,3,af202117df2c3a60,POSCAR_Mg1_base0001_octahedral_path0005_pimg007_seed003.vasp,,True,,[0],[0],['Mg'],"[[0.25, 0.25, 0.25]]",single,1,"[1, 1, 1]",4.0,0.12142857142857143,"[0, 1, 2, 3, 4, 5, 6, 7, 8, 9, 10, 11, 12, 13, 14, 15, 16, 17, 18, 19, 20, 21, 22, 23, 24, 25, 26, 27, 28, 29, 30, 31, 32, 33, 34, 35, 36, 37, 38, 39, 40, 41, 42, 43, 44, 45, 46, 47, 48, 49, 50, 51, 52, 53, 54]",octahedral,"[[1.79558662, 2.97099811, 2.38329237]]",5,1.0,7,[2],[0],1
path_end_seed,Mg1,1,4,af202117df2c3a60,POSCAR_Mg1_base0001_octahedral_path0005_pimg007_seed004.vasp,,True,,[0],[0],['Mg'],"[[0.25, 0.25, 0.25]]",single,1,"[1, 1, 1]",4.0,0.15714285714285714,"[0, 1, 2, 3, 4, 5, 6, 7, 8, 9, 10, 11, 12, 13, 14, 15, 16, 17, 18, 19, 20, 21, 22, 23, 24, 25, 26, 27, 28, 29, 30, 31, 32, 33, 34, 35, 36, 37, 38, 39, 40, 41, 42, 43, 44, 45, 46, 47, 48, 49, 50, 51, 52, 53, 54]",octahedral,"[[1.79558662, 2.97099811, 2.38329237]]",5,1.0,7,[2],[0],1
path_end_seed,Mg1,1,5,af202117df2c3a60,POSCAR_Mg1_base0001_octahedral_path0005_pimg007_seed005.vasp,,True,,[0],[0],['Mg'],"[[0.25, 0.25, 0.25]]",single,1,"[1, 1, 1]",4.0,0.19285714285714284,"[0, 1, 2, 3, 4, 5, 6, 7, 8, 9, 10, 11, 12, 13, 14, 15, 16, 17, 18, 19, 20, 21, 22, 23, 24, 25, 26, 27, 28, 29, 30, 31, 32, 33, 34, 35, 36, 37, 38, 39, 40, 41, 42, 43, 44, 45, 46, 47, 48, 49, 50, 51, 52, 53, 54]",octahedral,"[[1.79558662, 2.97099811, 2.38329237]]",5,1.0,7,[2],[0],1
path_end_seed,Mg1,1,6,af202117df2c3a60,POSCAR_Mg1_base0001_octahedral_path0005_pimg007_seed006.vasp,,True,,[0],[0],['Mg'],"[[0.25, 0.25, 0.25]]",single,1,"[1, 1, 1]",4.0,0.22857142857142854,"[0, 1, 2, 3, 4, 5, 6, 7, 8, 9, 10, 11, 12, 13, 14, 15, 16, 17, 18, 19, 20, 21, 22, 23, 24, 25, 26, 27, 28, 29, 30, 31, 32, 33, 34, 35, 36, 37, 38, 39, 40, 41, 42, 43, 44, 45, 46, 47, 48, 49, 50, 51, 52, 53, 54]",octahedral,"[[1.79558662, 2.97099811, 2.38329237]]",5,1.0,7,[2],[0],1
path_end_seed,Mg1,1,7,af202117df2c3a60,POSCAR_Mg1_base0001_octahedral_path0005_pimg007_seed007.vasp,,True,,[0],[0],['Mg'],"[[0.25, 0.25, 0.25]]",single,1,"[1, 1, 1]",4.0,0.2642857142857143,"[0, 1, 2, 3, 4, 5, 6, 7, 8, 9, 10, 11, 12, 13, 14, 15, 16, 17, 18, 19, 20, 21, 22, 23, 24, 25, 26, 27, 28, 29, 30, 31, 32, 33, 34, 35, 36, 37, 38, 39, 40, 41, 42, 43, 44, 45, 46, 47, 48, 49, 50, 51, 52, 53, 54]",octahedral,"[[1.79558662, 2.97099811, 2.38329237]]",5,1.0,7,[2],[0],1
path_end_seed,Mg1,1,8,af202117df2c3a60,POSCAR_Mg1_base0001_octahedral_path0005_pimg007_seed008.vasp,,True,,[0],[0],['Mg'],"[[0.25, 0.25, 0.25]]",single,1,"[1, 1, 1]",4.0,0.3,"[0, 1, 2, 3, 4, 5, 6, 7, 8, 9, 10, 11, 12, 13, 14, 15, 16, 17, 18, 19, 20, 21, 22, 23, 24, 25, 26, 27, 28, 29, 30, 31, 32, 33, 34, 35, 36, 37, 38, 39, 40, 41, 42, 43, 44, 45, 46, 47, 48, 49, 50, 51, 52, 53, 54]",octahedral,"[[1.79558662, 2.97099811, 2.38329237]]",5,1.0,7,[2],[0],1
